sentence_id,review_id,sentence,context_before,context_after,sentence_index,annotations_json,annotation_status,source_dataset,source_record_index
HTL_S0000,HTL_R05566,厕所差，第一个房间因为厕所堵住换另一个房间，结果仍然是坏的，工程师修到近12点，才弄好，实在不敢想像这种酒店会出这种事情；4.,隔音效果极差，酒店5楼为KTV，我住在10楼，晚上能听得见唱歌声；3.,服务态度差，给人一种冰冷的感觉。,5,,unlabeled,ChnSentiCorp_htl_all,5566
HTL_S0001,HTL_R06313,房间冷的受不了，让服务员那条被子足足半小时，电话打了好几个，那床比木板还硬洗澡的水没有热气，这样的就店实在差劲，就是免费我也不会再住了,,,0,,unlabeled,ChnSentiCorp_htl_all,6313
HTL_S0002,HTL_R05464,服务生明显没有经过培训。,酒店服务意识很差，餐厅不能签单，说是怕消费的高于预授权。,,1,,unlabeled,ChnSentiCorp_htl_all,5464
HTL_S0003,HTL_R04785,"环境非常好,服务也到位.",,公司的韩国人很喜欢住这家酒店.,0,,unlabeled,ChnSentiCorp_htl_all,4785
HTL_S0004,HTL_R07726,枕头太低了不好睡，不过在驻马店这种地方算可以了,,,0,,unlabeled,ChnSentiCorp_htl_all,7726
HTL_S0005,HTL_R00288,如果晚上阳台的窗户不关，前台会打电话到房间提醒客人注意安全。,住的是后面的小楼的一楼，环境不错，花园一样，游泳池是露天的，能够看到一直有人在清洁。,补充点评2007年9月20日：另外，去的时候提前联系会有接机，我们返回的时候由于有老人，所以和客房部联系了一下，也安排了车送我们去机场的。,2,,unlabeled,ChnSentiCorp_htl_all,288
HTL_S0006,HTL_R03046,月湖，门票奇贵无比，环境不错是携家带小的好去处。,风景不能说不美，。。,也是第一次看到狗也要收费的地方，，30元。,24,,unlabeled,ChnSentiCorp_htl_all,3046
HTL_S0007,HTL_R06425,"建议携程赶紧取消这家客栈吧,我也想问一下,难道携程推荐的酒店是这样的吗?","一晚上看到4个,我5岁的女儿问我她晚上睡着的时候小强会咬她鼻子吗?",,3,,unlabeled,ChnSentiCorp_htl_all,6425
HTL_S0008,HTL_R05404,这是我住过的最差的酒店，房间气味难闻，刚打了灭蚊药水，换了三个房间还是如此，服务员说：“住久了就习惯了，每个宾馆都有自己的味道。”,,考！,0,,unlabeled,ChnSentiCorp_htl_all,5404
HTL_S0009,HTL_R06593,早起赶飞机，6点多钟了，服务员仍呼呼大睡，叫了半天才来其他人结帐。,酒店有小蟑螂出现。,感觉这家锦江之星，是我住过最差的一家连锁店，以后肯定不会入住了。,2,,unlabeled,ChnSentiCorp_htl_all,6593
HTL_S0010,HTL_R03284,一进万豪的大门，就喜欢上了万豪，下车到了大堂，我就更加喜欢了，小孩子开心的到处看，真的非常豪华的酒店大堂，太喜欢了。,我是8月7日从银泰换酒店入住到万豪的。,我预定的是行政海景房，海景漂亮，下面的游泳池也非常棒！,1,,unlabeled,ChnSentiCorp_htl_all,3284
HTL_S0011,HTL_R05351,最恼人的是晚上楼下的KTV的音乐声，难以入睡。,可以说是比较差的一个酒店，酒店走道昏暗，走道和房间内都有一股浓浓的霉味，床单看上去摸上去也是不很干净的，卫生间味道更难闻，里面的设施也是发霉的。,,1,,unlabeled,ChnSentiCorp_htl_all,5351
HTL_S0012,HTL_R06083,入住时酒店的服务很好，大堂和房间一般，入住后发现房间的硬件较差，比如空调，马桶，尤其是电视遥控器非常差，几乎不能用。,,房间空调不管用，走廊也有味道。,0,,unlabeled,ChnSentiCorp_htl_all,6083
HTL_S0013,HTL_R07100,标榜3星，如果是3星，那么如家就是5星了。,很烂，真的很烂。,强烈不推荐！！！！！！！,1,,unlabeled,ChnSentiCorp_htl_all,7100
HTL_S0014,HTL_R01527,地理位置比较方便，环境还算不错，比较安静，房间也很干净！,,,0,,unlabeled,ChnSentiCorp_htl_all,1527
HTL_S0015,HTL_R07528,接近于四百这也叫便宜？？？,马上要求退房被拒绝后，酒店主动给我换了个房间，说是更豪华的房间，结果还是，，，，，不过好在窗户可以打开了，我就开着窗户睡了一会，酒店的浴巾居然带有异味（发霉的味道）我真不知道携程是出于什么心态跟这样的酒店签约，出于价格么？？？,奉劝大家千万别住这里。,4,,unlabeled,ChnSentiCorp_htl_all,7528
HTL_S0016,HTL_R00653,在香港我们没有乘坐过地铁，因为在熟悉周围环境后，我们觉得做地面交通更方便。,我们在市区呆了2天，充分享受了地理位置的优越。,我们去太平山看香港夜景时乘坐的就是有轨电车，不仅方便便宜，还能欣赏香港的街景。,7,,unlabeled,ChnSentiCorp_htl_all,653
HTL_S0017,HTL_R06118,"酒店太旧了,中午进房的时候吓了一跳,晚上进屋就好多了.",,因为灯光昏暗的关系.,0,,unlabeled,ChnSentiCorp_htl_all,6118
HTL_S0018,HTL_R05835,"酒店外观相对气派,但房间确实很简陋,设施陈旧,卫生一般,最多就是个90年代未的水平。",,不过大庆宾馆较少，找了一遍发现也的确再没有什么宾馆了。,0,,unlabeled,ChnSentiCorp_htl_all,5835
HTL_S0019,HTL_R05078,还不错，可以住一下，并且建议你住高一点层次的房间,,,0,,unlabeled,ChnSentiCorp_htl_all,5078
HTL_S0020,HTL_R03698,只好自已跑到路边打的，门童视而不见，令人感觉气愤。,出门打的时，去叫停在酒店门台上的出租，司机挑地方，一听比较近就不去了。,我就怎么也明白，酒店允许出租停在自已门口，到底是出租为客人服务呢，还是酒店的存在是为了出租司机服务呢。,8,,unlabeled,ChnSentiCorp_htl_all,3698
HTL_S0021,HTL_R05998,房间和走廊里味道很重，楼外下面马路上的声音很吵，早上隔壁的电视机的声音听的很清楚，可以当闹钟使用，但时间是隔壁定的，没有给“闹钟”定时，结帐的时候发票没有给我盖章，总的感觉是让人失望。,,今后不会再住了。,0,,unlabeled,ChnSentiCorp_htl_all,5998
HTL_S0022,HTL_R06312,"入住宾馆很失望,环境比较差,房间像招待所,正个房间充满着一股下水道的味道.",,"早晨起来,赶紧逃走.",0,,unlabeled,ChnSentiCorp_htl_all,6312
HTL_S0023,HTL_R00702,"价格在这个地段属于适中,附近有早餐店,小饭店,比较方便,无早也无所",,,0,,unlabeled,ChnSentiCorp_htl_all,702
HTL_S0024,HTL_R06114,房间很旧，早知道还不如住锦江。,日本人的酒店，居然日本料理做的那么差。,早餐味道不好，品种少。,1,,unlabeled,ChnSentiCorp_htl_all,6114
HTL_S0025,HTL_R05893,酒店外观看起来不错，但房间内的物品实在是太陈旧了，席梦思床竟然是左右高低不平的，一躺下人就会滚向一边，致电管家部后，很快来了一位服务生，也没怎么看情况，就动作熟练地干开了：将被子、枕头、床单等往行李桌上一扔，再将席梦思床翻个身，最后再将床单什么的一铺，整个动作非常连贯，真是一气呵成，看得出来，同样的事情服务生们做得多了。,,浴室内的大浴巾磨损得非常非常薄了，在别的酒店里早就不会再拿出来给客人用了，拖鞋象纸一样的都坚持不了多久的，梳子也没有的。,0,,unlabeled,ChnSentiCorp_htl_all,5893
HTL_S0026,HTL_R06831,房间更有意思，可能是为老干部们设计的，还铺绿色地毯！,哎~FB啊！,就一个字“大”，大的都空！！！,3,,unlabeled,ChnSentiCorp_htl_all,6831
HTL_S0027,HTL_R05943,但是任凭我们如何解释都没有办法挪动一步，这时后面来了车要进入酒店，由于我的车被拦住，结果谁都没法进去。,.,此时携程的电话已经回复，房间已经订好，可以立即入住。,13,,unlabeled,ChnSentiCorp_htl_all,5943
HTL_S0028,HTL_R03683,"性价比还可以,装修设备都挺不错~就是有些房间没有窗户~闷~还有就是有乱按门铃的~",,,0,,unlabeled,ChnSentiCorp_htl_all,3683
HTL_S0029,HTL_R05504,建议报销制度严格的朋友不要考虑这个酒店了.,"如果不是急着赶飞机的话,一定要找酒店要个说法!",,2,,unlabeled,ChnSentiCorp_htl_all,5504
HTL_S0030,HTL_R05560,酒店方非常重视客人的意见，也对提出意见的客人表示感谢!,2、您说“还是付了那400块才可以离开酒店”，事实上您在2月11日中午12：18分退房，酒店方没有收您的半日租，如果要收半日租，那也应该是全日租1960元的一半即980元。,真诚地希望每一位客人都能够对我们提出宝贵的意见反馈，以帮助我们改进和提升服务质量。,6,,unlabeled,ChnSentiCorp_htl_all,5560
HTL_S0031,HTL_R00565,"不知主楼如何,感觉来这里体验一下是值得的,不过下次我不会在这里住了.","我住七栋,对该处总的评价是:树好多,人好少,路好远,楼好矮,房好旧,网好慢.","提一句,服务确实不错,我出门之前,突然裤档开了,又急着要走,服务员迅速拿去帮我补了,还不收费.",1,,unlabeled,ChnSentiCorp_htl_all,565
HTL_S0032,HTL_R03647,"酒店很幽静,挺大的,尤其适合自驾游的朋友,在清净中寻找一点悠闲的感受,推荐9号楼标准间,480含双早,早上起来一点要去逛一逛旁边的晋祠,当地人还算淳朴,不过不","需要我出示携程卡,有点不爽!",,3,,unlabeled,ChnSentiCorp_htl_all,3647
HTL_S0033,HTL_R00427,软件方面还可以，要地图有免费地图送上门，草鞋托也算有点小意思，基本功还算到位。,另外，早餐也算基本满意吧，品种数量还可以，味道soso啦。,,6,,unlabeled,ChnSentiCorp_htl_all,427
HTL_S0034,HTL_R05904,房间很小，洗漱用品不全：沐浴液、洗发液和洗手液是三合一的，很不好用。,地点在十字路口边上，十分嘈杂，巴士车呼啦啦直到夜里11点。,服务态度不好。,1,,unlabeled,ChnSentiCorp_htl_all,5904
HTL_S0035,HTL_R04480,"早餐以主食为主,没什么下饭的菜,牛奶是用奶粉冲的,管饱不管好!","中餐厅卫生状况不好,餐具不干净,苍蝇多.",酒店客人团队多.,2,,unlabeled,ChnSentiCorp_htl_all,4480
HTL_S0036,HTL_R04044,酒店还算干净，送早餐，就是酒店名字容易让人误解，周围没有湖，感觉还可以。,,,0,,unlabeled,ChnSentiCorp_htl_all,4044
HTL_S0037,HTL_R01747,房间不错，环境好，早餐不错，就是比较吵！,,,0,,unlabeled,ChnSentiCorp_htl_all,1747
HTL_S0038,HTL_R00256,位置好，服务员热情，早餐不错，电梯也快。,,,0,,unlabeled,ChnSentiCorp_htl_all,256
HTL_S0039,HTL_R02000,朝南的房间靠近锅炉房，声音吵。,早餐还可以，停车方便，二楼餐厅很安静。,宾馆反馈2008年8月12日：回复：尊敬的宾客：首先非常感谢您对本酒店的肯定。,1,,unlabeled,ChnSentiCorp_htl_all,2000
HTL_S0040,HTL_R00443,设施很不错；周边环境不错，紧邻金沙滩；推荐海景房不足：比较偏；吃饭不放便；酒店自带的餐厅性价比太差。,,价格太贵，口味不好；,0,,unlabeled,ChnSentiCorp_htl_all,443
HTL_S0041,HTL_R05380,洗完澡时，发现浴巾上竟也有长头发！,晚餐吃出长头发，服务员竟不以为然！,如家在我心目中一直是快捷酒店的楷模，但这次入住北京团结湖店，令人大跌眼镜。,1,,unlabeled,ChnSentiCorp_htl_all,5380
HTL_S0042,HTL_R01567,1、地理位置是有些难找，那条路叫“体育馆路”，不是“体育关路”。,,地铁5号线“天坛东门站”出来步行约15分钟，在一个较深的巷子底，建议在十字路口多设指路牌。,0,,unlabeled,ChnSentiCorp_htl_all,1567
HTL_S0043,HTL_R03157,虽然房间比较小，有早餐而且性价比较高；我同时预定了3个房间，却竟然给安排在三个角落上，不知道怎么能这样补充点评2007年10月29日：还有：网速非常之慢，是我住过所有酒店里最慢的,,,0,,unlabeled,ChnSentiCorp_htl_all,3157
HTL_S0044,HTL_R04675,美眉漂亮不说，很温柔体贴，这都是上层的管理和制度的导向，我认为海悦确实是以人为本，全心全意的为客户着想，比起那些所谓的5星级不知道好多少倍！,呵呵！,前两天在锦江住店我还生了一回气呢！,7,,unlabeled,ChnSentiCorp_htl_all,4675
HTL_S0045,HTL_R02776,"服务很好,房间质量太差,差点被蚊子给吃了.",,.,0,,unlabeled,ChnSentiCorp_htl_all,2776
HTL_S0046,HTL_R07618,优点：位置佳，房间大，网速快缺点：不太清洁(卫生间及餐厅地上均发现小强)，整理房间方面有些疏忽(沐浴液用光没补充、热水壶内的水已有一段时间无清理)，外面比较嘈杂但房间隔音差，离开办生续时用了20分钟。,,,0,,unlabeled,ChnSentiCorp_htl_all,7618
HTL_S0047,HTL_R00549,优点：房间条件简洁、气氛温馨，住宿环境比较安静，价格比较合理，服务态度好；不足：窗户几乎与后面的房顶等高，加上没有防盗窗（网），安全感不高。,,,0,,unlabeled,ChnSentiCorp_htl_all,549
HTL_S0048,HTL_R07228,"早餐30,不能退,也不能期,太理.",,以后不再酒店.,0,,unlabeled,ChnSentiCorp_htl_all,7228
HTL_S0049,HTL_R03783,250的大床房还是蛮实惠的，地段也不错，离最中心地带很近，也很安静！,,就是感觉房间旧了点,0,,unlabeled,ChnSentiCorp_htl_all,3783
HTL_S0050,HTL_R05913,服务不则么样，太旧，旋转餐厅不转的，早餐的服务员好像我欠了他们钱一样，很差,,,0,,unlabeled,ChnSentiCorp_htl_all,5913
HTL_S0051,HTL_R07469,设施陈旧，饭店各区域之间的交通混乱，早餐品种少、品质差，优胜之处是周边的交通方便。,,,0,,unlabeled,ChnSentiCorp_htl_all,7469
HTL_S0052,HTL_R04236,性价比高的酒店，距离地铁近，邻华师大，环境好。,,,0,,unlabeled,ChnSentiCorp_htl_all,4236
HTL_S0053,HTL_R06389,很旧，很破，很差，很贵，以后再不住了。,,订房还要信用卡担保，就是怕别人看到现场改变主意，太恶心了。,0,,unlabeled,ChnSentiCorp_htl_all,6389
HTL_S0054,HTL_R00247,酒店规模大，楼层没有设置服务人员房间，所以找不到服务员；房间较冷（尤其是一层），订时务必要订二层以上。,,,0,,unlabeled,ChnSentiCorp_htl_all,247
HTL_S0055,HTL_R06994,晚上外面锅炉的声音很吵，下次不会再去入住了。,我要的是大床房的，房间超小而且没有桌子，使用宽带也很不方便还要接个东西，拨号的密码也要问了才告诉你。,,1,,unlabeled,ChnSentiCorp_htl_all,6994
HTL_S0056,HTL_R01606,四星级花园式度假酒店，达不到五星级标准，冬天去冷冷清清的，一定要选朝南向阳的房间，否则室内空调温度调到30摄氏度，实际最高也只能达到17摄氏度。,走沪杭高速的话，路过嘉兴东出口千万别下，到乍嘉苏高速匝道右转，再往前约10公里，到嘉兴出口，出了收费站左前方就是嘉兴世茂花园大酒店的入口。,早餐标准也是四星级的，不过有酸奶。,1,,unlabeled,ChnSentiCorp_htl_all,1606
HTL_S0057,HTL_R05708,不知道提前退房有没有奖励,"想延迟1小时退房,被告知延迟退房按钟点房收费,每小时50元,太没有人性了.",,1,,unlabeled,ChnSentiCorp_htl_all,5708
HTL_S0058,HTL_R07609,但一个忙完了后看到我站在台前也不知道主动招呼，而是去相帮另一个。,我办理入住的时候，两个接待小姐都在忙。,后面一个客人进来直接挤到我旁边，大声吆喝要办入住，那小姐立刻去帮他办理了。,3,,unlabeled,ChnSentiCorp_htl_all,7609
HTL_S0059,HTL_R04178,"出差途中无意中获得一张携程旅行网会员卡,通过网络订房及上网查询酒店的有关介绍,对其介绍的诸多荣誉很是好奇,入住期间所享受到的服务与大堂的荣誉榜甚是吻合,住宿、用餐、K歌及价位偶总体很满意。",,在此，谢谢携程网！,0,,unlabeled,ChnSentiCorp_htl_all,4178
HTL_S0060,HTL_R04806,每次到南充都住这里，这次有点特别，当时住十二楼碰到了汶川地震，楼摇晃的厉害（当时并不止地震发生在汶川），我急忙跑了下楼，到六点钟再回酒店时已关闭，但酒店还派了工作人员陪我一起上房间拿了行李并由总经理亲自驾车送我和同事去了他们的另一家酒店。,,唯一觉得不好的是舍不得开冷气，不过还是我在南充的不二之选。,0,,unlabeled,ChnSentiCorp_htl_all,4806
HTL_S0061,HTL_R01199,"我是第三次入住了,但是给这家宾馆留言还是第一次,,这次入住我的一位朋友喝醉了,走到大厅我朋友就""现场直播""了~~~~~呵呵,他们有几位服务员都主动来帮我,有一位服务员还帮我把我朋友背到了房间,过后他们值班经理还打电话到我房间询问我朋友的情况,这里的服务真的挺让我感动的,我下次还会入住这家宾馆.",,,0,,unlabeled,ChnSentiCorp_htl_all,1199
HTL_S0062,HTL_R05981,"按照对方理论,谁让我们是外地人呢,人家能给我们个地儿住就不错了.",基本不属于不会笑的或者是比较会耍NB的.,"最后,我要说的是,早餐只有中餐,虽是自助,但基本没有办法评论,我只提一点,早餐的橙汁是热的,原来是用市场上早已绝迹的TANG果珍冲泡的.",5,,unlabeled,ChnSentiCorp_htl_all,5981
HTL_S0063,HTL_R06384,很差，去到餐厅后发现什么也没有，当初在携程预定时所谓的双早根本没兑现，我们几位连早餐都没吃就结账走了，这个宾馆太需要改进了！,,,0,,unlabeled,ChnSentiCorp_htl_all,6384
HTL_S0064,HTL_R01839,"早餐很赞,很有当地特色,房间内设施有点旧了,好在有无敌海景大阳台,好象新楼在建了,期待ING.",,.,0,,unlabeled,ChnSentiCorp_htl_all,1839
HTL_S0065,HTL_R07628,补充点评2007年9月11日：虽然号称是5星级酒店，但是感觉其档次很低。,大堂是喧闹的，房间地毯是脏的，浴室淋浴龙头是坏的，毛巾是黄颜色的。,很多欢场女子出入其中，让人又不安的感觉。,1,,unlabeled,ChnSentiCorp_htl_all,7628
HTL_S0066,HTL_R04338,"房间设施一般,周围的环境较差,房价偏高.",,,0,,unlabeled,ChnSentiCorp_htl_all,4338
HTL_S0067,HTL_R03347,到前台发现酒店的广告是数码房间，原来我们订的房间有IPTV，有电脑，有VOD，所以很骄傲的说是数码房间，觉得好玩。,,服务态度好，但却一问三不知，没有宵夜，却有中药泡脚的骚扰电话。,0,,unlabeled,ChnSentiCorp_htl_all,3347
HTL_S0068,HTL_R05707,要不是我做事拖拉，提前订好海边的酒店，就不会弄到整个海边酒店满员，而零时住这家酒店了。,整个北海之行，这个酒店给我们很大的遗憾，哎！,,5,,unlabeled,ChnSentiCorp_htl_all,5707
HTL_S0069,HTL_R03987,"非常喜欢夜上海的美景,尤其是流光十色的外滩夜景!",,"上海曼哈顿商务酒店具外滩只有数百米,哈哈,真是意想不到的一转身就能饱览全上海最美的地方,一回头就能融入最繁华的南京路!",0,,unlabeled,ChnSentiCorp_htl_all,3987
HTL_S0070,HTL_R05323,服务态度极其差，前台接待好象没有受过培训，连基本的礼貌都不懂，竟然同时接待几个客人；大堂副理更差，跟客人辩解个没完，要总经理的电话投诉竟然都不敢给。,,要是没有作什么亏心事情，跟本不用这么怕。,0,,unlabeled,ChnSentiCorp_htl_all,5323
HTL_S0071,HTL_R02817,本来预定普通标间，到前台才知道没有房间了，故此升级到携程上没有的豪华大床房，房间不大但很干净，我很满意。,,酒店斜对面是家专卖俄罗斯商品的商店，延路一直走没几步就可以到江边，景色还不错，如果下次出差还会住这里。,0,,unlabeled,ChnSentiCorp_htl_all,2817
HTL_S0072,HTL_R01362,喜来登的总体还是不错的，比较这个酒店时间久了，比较老。,,早餐还是不错。,0,,unlabeled,ChnSentiCorp_htl_all,1362
HTL_S0073,HTL_R00951,建议您可关心一下我宾馆推出的各类优惠促销活动，再根据自身的要求有针对性地选择性价比最高的产品。,但是目前每周五、六、日还是有周末促销价格推出，尤其是行政房在推出优惠价格的情况下，仍予以宾客享受诸如：免费使用下午茶、根据宾馆入住率可延长退房时间至下午16：00、免费使用指定会议室两小时、入住首日赠送欢迎鲜花水果等一系列优惠政策。,希望您能够一如既往地支持我宾馆，我们也将以更出色的服务来回报您。,17,,unlabeled,ChnSentiCorp_htl_all,951
HTL_S0074,HTL_R06737,最后给了总统套房，由协程出多出来的部分。,我们坚决不肯就范，要求协程出面解决！！,如果大家以后碰到这种事情千万不能妥协，要求协程出面解决！,4,,unlabeled,ChnSentiCorp_htl_all,6737
HTL_S0075,HTL_R03249,所以，同行的都说性价比十分高。,还有数字点播电视全部免费，再赞！,,6,,unlabeled,ChnSentiCorp_htl_all,3249
HTL_S0076,HTL_R04800,地段比较有优势，而且老外也住习惯了，每次都是这里。,,,0,,unlabeled,ChnSentiCorp_htl_all,4800
HTL_S0077,HTL_R05999,"办理了手续(付了押金),然后晚上再拿房卡.",在下午3点左右入住竟然没有打扫好房间!,"如此一来,竟然对携程说我没有入住!!!",3,,unlabeled,ChnSentiCorp_htl_all,5999
HTL_S0078,HTL_R06363,我很多年没见过这阵势了。,哈哈！,,3,,unlabeled,ChnSentiCorp_htl_all,6363
HTL_S0079,HTL_R03915,宾馆反馈2008年4月28日：非常感谢您的入住及您对我们的肯定，我们将为您以后的每一次入住提供更贴心的服务！,因为是替别人订的，进去看了以后觉得设施蛮齐全的，要的大床房的确很大很舒服，以后要订也会再订这家的。,期待您的入住！,2,,unlabeled,ChnSentiCorp_htl_all,3915
HTL_S0080,HTL_R06259,根本不是酒店，不是人住的，房间加洗手间一共就6个平方，走路的地方都没有，而且卫生设施非常差，电视机小的看不到，加起来才3频道，简直就是难民营！！,,强烈建议大家不要图便宜住这家酒店！！,0,,unlabeled,ChnSentiCorp_htl_all,6259
HTL_S0081,HTL_R05926,酒店很旧，很小，楼道里黑暗，其实就是个小旅馆的设施。,,建议不要去，吉林省宾馆还不错。,0,,unlabeled,ChnSentiCorp_htl_all,5926
HTL_S0082,HTL_R03588,宽带慢得像蜗牛，他们居然说就是这样。,除了地段好之外，其他没有一样好的。,大堂和客房是在不同楼里，我登记后要拿行李出门去旁边的楼坐电梯。,1,,unlabeled,ChnSentiCorp_htl_all,3588
HTL_S0083,HTL_R00429,不能给人什么深刻印象，老五星，价格比较低。。。,,可以入住。。,0,,unlabeled,ChnSentiCorp_htl_all,429
HTL_S0084,HTL_R05301,房间超大，不是一般的大。,,哈哈哈哈哈哈哈哈哈哈补充点评2008年8月11日：周围吃东西的地方比较少。,0,,unlabeled,ChnSentiCorp_htl_all,5301
HTL_S0085,HTL_R01918,二楼的餐厅服务很到位，赞一个。,酒店应该是唐山最好的酒店。,,1,,unlabeled,ChnSentiCorp_htl_all,1918
HTL_S0086,HTL_R05979,房间小，卫生间小，居然还是蹲便。。。,地点也差。,,3,,unlabeled,ChnSentiCorp_htl_all,5979
HTL_S0087,HTL_R06657,"可能是以上海地区而言不算贵吧,但是一切都乏善可陈,就是说不出甚么特别不好的,但是也说不出一点好的,反正如果住这种酒店,不如委屈点住廉价连锁酒店还可以省钱早餐没啥东西吃,又是一个扣分项目,前台和服务员动作很慢,还好离机场近,不然不早退房会赶不上飞机",,,0,,unlabeled,ChnSentiCorp_htl_all,6657
HTL_S0088,HTL_R03073,酒店的外、内部环境还是很不错的，服务生的服务意识也还可以，但里面吃的东东有些贵，另外携程确认定单时间有些拖延，打车到了宾馆后，被通知没有３２０元的房间了，只能住５２０的了，呜．．．对于自助旅行的偶来讲，有些奢侈．．．．．,,,0,,unlabeled,ChnSentiCorp_htl_all,3073
HTL_S0089,HTL_R02312,放三张大床也有够大的空间.,豪华间非常大.,非常不错.,6,,unlabeled,ChnSentiCorp_htl_all,2312
HTL_S0090,HTL_R07509,我费了老大的劲才研究出来的，原来里面的那个平面是倾斜的，水所以就顺流而下了，一直流到外面。,等洗完之后，浴室里已经是水漫金山了。,还有，饭店没有大堂，和隔壁一个公寓或者说是商务区公用一个小小的区域，被称作大堂。,4,,unlabeled,ChnSentiCorp_htl_all,7509
HTL_S0091,HTL_R01216,满意服务态度一流，看到的全是笑脸！,洗了衣服本挂在洗手间的，等外出回来，已经拿架子挂在阳台上！,开心房间虽然设施老化，但很干净！,1,,unlabeled,ChnSentiCorp_htl_all,1216
HTL_S0092,HTL_R02672,提供免费机场接送，早上出发时，接送的别克商务车随到随发，挺方便。,,,0,,unlabeled,ChnSentiCorp_htl_all,2672
HTL_S0093,HTL_R06371,豪华商务房与豪华单人间简直天地差别。,后来终于答应给我换成豪华商务房。,没话说的。,11,,unlabeled,ChnSentiCorp_htl_all,6371
HTL_S0094,HTL_R02688,"早餐的种类算比较多,不错。","从房间的阳台望出去的风景真是太美了,房间的装修开始陈旧了.","温泉里的服务也很好,温泉池也比较干净.",2,,unlabeled,ChnSentiCorp_htl_all,2688
HTL_S0095,HTL_R06099,398元，我们加点钱，去住了“泛海名人酒店”，真是一个天一个地啊，着实让我体验了一把什么叫“从地狱到天堂”的感觉。,以后也不敢再住了！！！！,补充一点：离开青岛后去了郑州和山西，刚回来，正想上来发帖子，就看见了前面这位兄弟的评价，实在深有同感，故借鉴了几点意见进行了修改和补充，不过看的出，我住的房间应该比你的还要小。,42,,unlabeled,ChnSentiCorp_htl_all,6099
HTL_S0096,HTL_R01689,订的市景双床房，免费升级到豪华双床房，感觉很好。,,服务台工作人员耐心有礼貌，态度很好。,0,,unlabeled,ChnSentiCorp_htl_all,1689
HTL_S0097,HTL_R01472,和女友一起，在海滩上休息玩耍时，看到美丽的亚龙湾景色，当时又正愁没有相机合影的苦恼时，发觉有酒店的一名工作人员到海边来拍外景。,由于匆忙，连相机都没来得及带。,于是我们请求他帮我们拍了好几张合影。,4,,unlabeled,ChnSentiCorp_htl_all,1472
HTL_S0098,HTL_R06448,下午五点到的宾馆，由于携程网页上提供的信息有误，前台既没有解决问题的诚意（前台经理居然在途中人间蒸发，不见踪影），又不肯主动和携程取得联系。,因为是自驾游，考虑到停车方便，选择了离市区较远的凯悦。,只能由我们自己联系携程。,6,,unlabeled,ChnSentiCorp_htl_all,6448
HTL_S0099,HTL_R03263,正赶上游泳池清理换水，不过泳池周围很漂亮，玻璃屋顶，很温暖，像到了亚热带，照了几张相。,早餐到9：30，品种较多，刷卡结帐很快，总体服务挺好。,如果去香格里拉应该去好酒店，因为毕竟是个在高原的小城市，不见得还会去第二次。,5,,unlabeled,ChnSentiCorp_htl_all,3263
HTL_S0100,HTL_R05823,前台态度也不好，对客人爱理不理的。,酒店的门童如同虚设既不会帮客人开门，更不要说帮客人拿行李了。,房间设施一般，网速不仅慢还会经常断网。,3,,unlabeled,ChnSentiCorp_htl_all,5823
HTL_S0101,HTL_R05422,简直受不了啊，居然有蟑螂，一共消灭了3只，作为1家4星的酒店居然这样很失望，而且上网速度简直太慢了,,,0,,unlabeled,ChnSentiCorp_htl_all,5422
HTL_S0102,HTL_R06092,"接机服务还不错,那天是酒店喊了辆出租车把我们送回酒店的,但房间太小,布置也不温馨,其他房间一直有人进出,隔音条件很不好,最可气的是,第二天一早七点,隔壁房间竟然在打冲击钻施工,太差了!",,下次绝对不住了!,0,,unlabeled,ChnSentiCorp_htl_all,6092
HTL_S0103,HTL_R06977,感谢您提出的建议和意见，并诚挚的邀请您能再次入住港湾大酒店！,宾馆反馈2008年5月7日：尊敬的宾客，厦门港湾大酒店对于您在入住期间感受到的不便深表遗憾和歉意，酒店方面将虚心接受您提出的宝贵意见，并切实加以改进。,,14,,unlabeled,ChnSentiCorp_htl_all,6977
HTL_S0104,HTL_R05953,不咋地不象四星标准也没按摩的倒是有热水哪天,,,0,,unlabeled,ChnSentiCorp_htl_all,5953
HTL_S0105,HTL_R02116,合庆确实不错，我住的商务单间，房间很大，设施很齐全，很温馨的感觉。,,尤其让我满意的是酒店后边的小山，沿着小路一直走上去，很多树，还有一些盛开的小花，小山的一侧就是清澈的海水，远处是一些小岛，尤其在夏天去，感觉非常舒服。,0,,unlabeled,ChnSentiCorp_htl_all,2116
HTL_S0106,HTL_R06752,"挂了""请即打扫""牌,整天也没人来打扫.","服务:房间有老鼠,致电前台两次,等了1小时也没人来.",3.,4,,unlabeled,ChnSentiCorp_htl_all,6752
HTL_S0107,HTL_R06704,"入住用了一小时,退房用了一小时.","结帐的时候,不给看消费清单就要刷卡,还把房间号给搞错.","太可怕了,下次坚决不住了.",3,,unlabeled,ChnSentiCorp_htl_all,6704
HTL_S0108,HTL_R01682,定的是特惠的大床房，给免费升级了，升到啥不记得了，反正挺好的。,环境较好，服务到位。,这个月带孩子再次到杭州旅游，仍旧选择了该酒店。,2,,unlabeled,ChnSentiCorp_htl_all,1682
HTL_S0109,HTL_R02782,该酒店的服务确实不错，到每一个地方都有工作人员向你鞠躬问好，看得出来是发自内心的。,,从酒店员工通道到后院停车处，四周墙壁上有很多理念的宣传标语，可以感觉到此酒店的精髓所在。,0,,unlabeled,ChnSentiCorp_htl_all,2782
HTL_S0110,HTL_R05227,"交通不便但可以坐酒店免费班车,到达旺角和尖沙咀(20分钟),我15年6次住此酒店,5月3-6日通过携程预定,比香港朋友预定还要便宜!",香港-九龙地区3星以上酒店性价比最高!,"并且入住提升28楼行政标准房间,健身室和游泳免费.",1,,unlabeled,ChnSentiCorp_htl_all,5227
HTL_S0111,HTL_R03326,我们在餐厅吃了个58的老鸭煲当晚饭，两个人都吃不完，那味道比杭州城里的红泥都要地道。,只是不包早，包早每人再加20。,下次，我们要约上几个兄弟好好来度假！,6,,unlabeled,ChnSentiCorp_htl_all,3326
HTL_S0112,HTL_R06825,莫干山庄很好，但是携程上没有，还有山上有10多家酒店，携程只有2－3家，选择的余地太小。,家庭式旅馆，吵架，不干净。,携程你要加油啊！,1,,unlabeled,ChnSentiCorp_htl_all,6825
HTL_S0113,HTL_R03412,服务真的是很好，服务员都很真诚热情，你有什么要求都能得到满足。,就是很好的服务让人觉得即使价格贵一点也值了。,如果要提点意见的话，就是服务虽然很好，但不是很专业。,4,,unlabeled,ChnSentiCorp_htl_all,3412
HTL_S0114,HTL_R04453,同时，希望欢迎您下次光临。,我们酒店自开张以来，凡是外卡（VISA、MASTER、JCB、运通），内卡（工商银行牡丹卡、建设银行龙卡、中国银行长城卡、招商银行信用卡）都可在酒店使用预受权和消费。,,5,,unlabeled,ChnSentiCorp_htl_all,4453
HTL_S0115,HTL_R07418,整个酒店看上去显得比较陈旧.,纯粹就是国企招待所的作风和质量.,,1,,unlabeled,ChnSentiCorp_htl_all,7418
HTL_S0116,HTL_R04256,可惜没有独立的沙滩，需要步行一段路才能到海边。,餐厅饭菜一般般。,补充点评2007年12月13日：价格比较实惠。,2,,unlabeled,ChnSentiCorp_htl_all,4256
HTL_S0117,HTL_R04609,房间挺干净的，这一点不错。,,但是，服务上有点跟不上。,0,,unlabeled,ChnSentiCorp_htl_all,4609
HTL_S0118,HTL_R02625,"房间有点旧,不过东西还是挺全的,楼道也是有点味道,但按三星标准来说也还过得去.",不过最后还是让我住了.,"位置不错,周围餐馆很多,银川的老字号也都是步行10分钟之内.",2,,unlabeled,ChnSentiCorp_htl_all,2625
HTL_S0119,HTL_R07363,这个所谓的四星级酒店是相当的差，非常旧的房间，非常简陋的设施，通过携程预定，还要将近五百元的高价。,,当然，也没有办法，因为是周末，又是承德的旅游旺季。,0,,unlabeled,ChnSentiCorp_htl_all,7363
HTL_S0120,HTL_R04787,周边环境不错，房间里生态也不错，所以蚊子较多。。,,,0,,unlabeled,ChnSentiCorp_htl_all,4787
HTL_S0121,HTL_R03542,第二次去了总体来说不错厅和房间都够大床褥什么也挺干净的就是别墅的内装修比较旧了而且厅和厨房那边好多苍蝇可能是一楼外面都是草坪的关系吧觉得4x的标准的话这种二房和三房的房间还是比较实惠的顺便说下华美达离吃大闸蟹的地方也不远开车5分钟就到了由于在大上海高尔夫度假村里闲暇还能打打高尔夫练习场30块钱一盒球（30个球）租杆费15块,,,0,,unlabeled,ChnSentiCorp_htl_all,3542
HTL_S0122,HTL_R01604,住了这里一周，感觉去张江这边公司很近且打车方便，房间和环境个人感觉还不错，如果要求不高，路对面的小店吃吃饭也可以，总体感觉不错!,,,0,,unlabeled,ChnSentiCorp_htl_all,1604
HTL_S0123,HTL_R04310,该酒店的环境真的很不错，贵宾楼的房间挺舒服，宾馆的服务也挺好的，坐车好像不是很困难，要出租车时打个电话给服务台，很快就叫到车了．下次到黄石还想住这个酒店！,,,0,,unlabeled,ChnSentiCorp_htl_all,4310
HTL_S0124,HTL_R07421,先是晚上11点到酒店，竟然被告知没房了--我可是当天下午用信用卡担保过的！,此次入住简直就是失望到愤怒的过程。,接下来就是前台和携程联系，等了将近1个小时才进到房间，看到房间的设施，只有两个字：失望！,1,,unlabeled,ChnSentiCorp_htl_all,7421
HTL_S0125,HTL_R03802,另外由于大堂餐厅承包给了个人，所以自助早餐只能在大堂咖啡厅内，设施不完善，品种也少。,地段不是很理想，虽然距火车站不远，但走路还有一段距离，打车又不容易打到，许多出租都不愿去车站。,,1,,unlabeled,ChnSentiCorp_htl_all,3802
HTL_S0126,HTL_R04476,如果只是来京游玩，还是可以选择的，环境较安静，是在胡同里，房间还算干净，但是木地板，冬天会感觉较冷。,尤其是出差的朋友，请特别注意：因为宾馆是2星标准，没有每日明细单打印系统，给回去报销工作带来很大麻烦！！！,,2,,unlabeled,ChnSentiCorp_htl_all,4476
HTL_S0127,HTL_R03966,房间：我定的是湖景房，窗外景色：湖水＋几幢独立别墅，风景如画。,打电话要剪刀，放下电话服务员就来敲门了，速度飞快。,房内较大，有电脑上网免费。,2,,unlabeled,ChnSentiCorp_htl_all,3966
HTL_S0128,HTL_R05757,最不能容忍的是马桶居然和淋浴在一起，高的湿乎乎的，很不方便。,头一天订的是标间（大床）房，结果大床不大，两个人太拥挤，房间也太小。,第二天换了一间双床标间，房间倒是宽敞了许多，没想到的是楼下歌厅唱歌没完，搞到12点睡不着觉，这样的宾馆谁还敢住？,1,,unlabeled,ChnSentiCorp_htl_all,5757
HTL_S0129,HTL_R05509,"楼很老,房间很大,服务不错.",,二楼的早茶不错.,0,,unlabeled,ChnSentiCorp_htl_all,5509
HTL_S0130,HTL_R04497,"唯一隔音不是太好,而且附近食店不多.","房间很大,不错,洗手间也很大.",(但很多地方坐的士10~20元可到)*我住豪华房,2,,unlabeled,ChnSentiCorp_htl_all,4497
HTL_S0131,HTL_R07410,壁纸、浴缸漆面剥落，马桶盖已损坏，空调系统基本瘫痪，噪音较大暖风几乎没有，入住酒店其内部停车场仍要收费。,酒店设施陈旧，估计已经10年没有更新。,建议偕程应定期对推荐酒店进行筛选，合格酒店进行保留，不合格酒店进行剔除，这样才能保证服务的总体品质。,1,,unlabeled,ChnSentiCorp_htl_all,7410
HTL_S0132,HTL_R07500,"各位：新春大吉,四季平安！",,您好！,0,,unlabeled,ChnSentiCorp_htl_all,7500
HTL_S0133,HTL_R05572,服务极差，房间地上还有拖鞋没收拾，勺子也是脏的。,携程定的房，但是朝向是墓地方向的，大家要注意。,第二天居然不来打扫卫生了。,1,,unlabeled,ChnSentiCorp_htl_all,5572
HTL_S0134,HTL_R02213,床太小了，尤其情侣住宿，不舒服，晚上转个姿势，差点落下去2.,1.,室内洗漱用品太小气了，只有2包沐浴露，2包飘柔（便利店出售的那种小包）3.,2,,unlabeled,ChnSentiCorp_htl_all,2213
HTL_S0135,HTL_R06378,"房间小的可怜,同样的价格,其他地方条件好多了.",,,0,,unlabeled,ChnSentiCorp_htl_all,6378
HTL_S0136,HTL_R06407,靠近路边的房间太吵太吵了，根本没有办法睡觉。,,劝大家千万不要去了。,0,,unlabeled,ChnSentiCorp_htl_all,6407
HTL_S0137,HTL_R04323,购物：建议东荟城，很便宜，新秀丽的包北京长安商场1500元，东荟城900元，NIKE200-400元/双。,太平山顶--如果住丽都出门左行1分钟就是15路车站，9.8元30分钟到山顶，蜡像馆票价140元，观景台20元。,波鞋街NIKE普遍400-600元。,13,,unlabeled,ChnSentiCorp_htl_all,4323
HTL_S0138,HTL_R03133,酒店内部装修，房间不错。,,不过其他的配套服务略差，没有收费的机场接送车，只能帮忙定出租，大门不在马路上，打车不方便,0,,unlabeled,ChnSentiCorp_htl_all,3133
HTL_S0139,HTL_R06174,在携程订威龙原本看上了两点，一个是四星级别、一个是香港公司管理。,,住过之后发现名不副实。,0,,unlabeled,ChnSentiCorp_htl_all,6174
HTL_S0140,HTL_R05902,"很难相信通过携程会订到这么污秽不堪的酒店,浴室的水龙头和花洒已生锈,房间地毯是黑色的。",,,0,,unlabeled,ChnSentiCorp_htl_all,5902
HTL_S0141,HTL_R07479,帮国外的同事预定了一晚房间，达到时因为堵车晚了所以订单被取消。,,但是酒店大堂居然没有通过ctrip与作出预定的我联系，而是跟客人推荐附近的其他酒店。,0,,unlabeled,ChnSentiCorp_htl_all,7479
HTL_S0142,HTL_R02695,"不错,装潢,床单,摆设,让人感觉很温馨,越来越爱如家了.",,,0,,unlabeled,ChnSentiCorp_htl_all,2695
HTL_S0143,HTL_R01957,2次去住都碰上有会议，看起来酒店生意很好啊。,早餐一般。,,1,,unlabeled,ChnSentiCorp_htl_all,1957
HTL_S0144,HTL_R06503,后来打电话询问被告知要45天。,第二天结帐时，用了另外一张信用卡结帐，之前用于押金的卡的预授权不能解冻，告知需要10到15天才可以，和前台理论，要见值班经理，通知要15天到1个月才可以解冻，着急办事，先走了。,心中觉得诧异打电话至银行，得知酒店方如果不做任何处理，自然解冻至少45天。,2,,unlabeled,ChnSentiCorp_htl_all,6503
HTL_S0145,HTL_R07762,盐城来了很多次，第一次住盐阜宾馆，我的确很失望整个墙壁黑咕隆咚的，好像被烟熏过一样家具非常的破旧早餐品种少的可怜，水果只有西瓜，房间的电视是90年代的价格和房间严重不成比例的宾馆还说是江曾经住过的最后才知道他当年住的是总统套房我晕如果你有好奇心倒是可以去住啊呵呵,,,0,,unlabeled,ChnSentiCorp_htl_all,7762
HTL_S0146,HTL_R06696,明明在携程上用信用卡担保定了房，入住时居然前台说没有此信息，而且房间已经住满了，打电话到携程投诉，说是酒店预订部与前台没沟通好，折腾了半天，非常气人!,,,0,,unlabeled,ChnSentiCorp_htl_all,6696
HTL_S0147,HTL_R05429,"订房时号称是海景房,结果入住是3楼,别说海景,就是旁边的绿博院也看不到.",,"好在白天都不在酒店,也就不在意.",0,,unlabeled,ChnSentiCorp_htl_all,5429
HTL_S0148,HTL_R03069,从我们住的是独享单间，6天住港式风格的，4天住得是韩式风格的。,凯宾斯基饭店的环境是放松和度假的好地方，一百一十多幢的别墅掩映在亚热带的树林景色和河边当中，简花是见花草树林不见人，我们白天开车在饭店内怎么兜风，也没遇到几个人，等到晚上从别墅中透出来的灯光，才知道这里基本还有这么多地度假的人。,整幢别墅只有我们两公婆，里面听宽敞的，饭店挺豪气的，或许呼应德国的品牌饭店吧，大冰箱、滚筒洗衣机是西门子，灯开关插座是西门子的，电熨斗是飞利浦的，抽油烟机是意大利的，多士炉是什么牌子忘了。,2,,unlabeled,ChnSentiCorp_htl_all,3069
HTL_S0149,HTL_R05897,晚上有很多按摩小姐打电话，很烦！,,告诉他们不要再打了还是照样打！,0,,unlabeled,ChnSentiCorp_htl_all,5897
HTL_S0150,HTL_R00415,"1\象前面评价的服务态度非常好,前台接待很棒.",,"2\房间用品设施还可以,就是窗不能开比较郁闷,有点味道的,开了空调还好.",0,,unlabeled,ChnSentiCorp_htl_all,415
HTL_S0151,HTL_R03480,新区有一家：老班长的饭店不错，部队人开的，送小菜送水果，送有一道豆腐包，很不错！,不过去连云港住新区那边比较好！,,2,,unlabeled,ChnSentiCorp_htl_all,3480
HTL_S0152,HTL_R07430,环境一般，住了之后让人感觉价格和服务不成比例！,,,0,,unlabeled,ChnSentiCorp_htl_all,7430
HTL_S0153,HTL_R06461,我客人投诉他11月30日入住的房间，床上有小东西咬人，咬了十多个小红点。,,请酒店消毒工作做好点。,0,,unlabeled,ChnSentiCorp_htl_all,6461
HTL_S0154,HTL_R00303,"酒店位置很方便,离开封第一楼和夜市非常近,酒店早餐10元自助很实惠,服务也不错但房间很大设施却有些旧，尤其卫生间狭小。",,,0,,unlabeled,ChnSentiCorp_htl_all,303
HTL_S0155,HTL_R03228,最繁华的地段中价位适中的酒店，房间较大，骚扰电话不少。,,,0,,unlabeled,ChnSentiCorp_htl_all,3228
HTL_S0156,HTL_R05388,希望大家夜不能眠!!!!!!!,"以下是某某歌奏家的话,,,,,谢谢谢谢大家首先我要感谢我的父母还要感谢背后支持我的朋友们让我有了以噪音感化大家的机会现在我再为大家献上一首!!",,3,,unlabeled,ChnSentiCorp_htl_all,5388
HTL_S0157,HTL_R03047,就是旅游区的商业气氛过于浓烈，还好我们单车游，可以不理会这些！,佘山附近的环山路骑单车游完很舒服（每天16：30以后可骑车上山不收门票），附近的佘山小镇吃东西很便宜，还有一家很不错的羊肉面馆（只做白切羊肉面/红烧羊肉面两种面食，专业！）。,,5,,unlabeled,ChnSentiCorp_htl_all,3047
HTL_S0158,HTL_R01034,酒店不错房间很大外面是条单行线车不多比较安静交通方便缺点就是：早餐太差非常差比最差的招待所都差千万不要在酒店吃早上出门向左转200米有个早餐摊还不错,,,0,,unlabeled,ChnSentiCorp_htl_all,1034
HTL_S0159,HTL_R04991,"在嘉兴这样的小城能有这么舒适的酒店真的很意外,首先要赞的是他家的床,很舒服软硬适中,其次是浴室,酒店的管理者很细心连浴盐都准备好了,让走了一天的我好好泡了一个澡,最重要的是早餐很丰富,菜肴都很可口,服务员的态度和深圳5星级酒店有得比,下次去还住那里.",,,0,,unlabeled,ChnSentiCorp_htl_all,4991
HTL_S0160,HTL_R05055,"酒店环境不错,但离森林国家公园需步行20分钟,稍远.",,补充,0,,unlabeled,ChnSentiCorp_htl_all,5055
HTL_S0161,HTL_R04325,补充点评2008年8月12日：我们住的是3人间，早餐给露露和橙汁，小窝头很好吃，再要没给我，555宾馆反馈2008年8月13日：感谢您的点评，希望有机会再次光临本客栈！,位置就位于屯溪老街街口，非常方便，从火车站打车大概要6-7元，设施挺好，也很干净，房间布置也很有特色，对于我这个要求比较高的人来说很满意，同行的人也很满意！,,1,,unlabeled,ChnSentiCorp_htl_all,4325
HTL_S0162,HTL_R04152,预定了套间，入住发现没有房间，但是与携程交涉后，酒店很快升级为总统套房，很满意，下次还会来,,,0,,unlabeled,ChnSentiCorp_htl_all,4152
HTL_S0163,HTL_R06535,酒店的服务不太好，而且酒店的卫生条件令人担心。,1.,2.,1,,unlabeled,ChnSentiCorp_htl_all,6535
HTL_S0164,HTL_R06357,"服务还是比较满意,酒店硬件配套就差了.","东楼居然是后面一个普通的楼改的,我去看了立马退了那个东楼的房3.",,6,,unlabeled,ChnSentiCorp_htl_all,6357
HTL_S0165,HTL_R02090,烟台中心大酒店非常感谢您对酒店提出的宝贵意见，并将完善好酒店每一个服务细节，期待您的再次光临！,宾馆反馈2008年7月14日：尊敬的宾客：您好！,,6,,unlabeled,ChnSentiCorp_htl_all,2090
HTL_S0166,HTL_R06220,总之一句话，感觉比半年前住的时候糟糕很多，住的豪华商务单间，首先是酒店没收到携程的定单，在前台扯了半天，然后房间的墙壁有裂缝的，门锁是坏的（打到房务中心还没人管），床凳是脏的，去餐厅吃饭介绍的特色菜（如千张包）都是没有的，买单签个房帐要等20分钟的，唉怎么说的，真不知道怎么差别那么大！,,,0,,unlabeled,ChnSentiCorp_htl_all,6220
HTL_S0167,HTL_R07736,要不是因为离机场非常近，实在是没有优点啊。,服务一般，态度不是很好，早餐品种少得可怜。,,2,,unlabeled,ChnSentiCorp_htl_all,7736
HTL_S0168,HTL_R06379,奉劝该管理层，心思用到正地方。,这个酒店啊，不务正业!,,1,,unlabeled,ChnSentiCorp_htl_all,6379
HTL_S0169,HTL_R01524,非常感谢您对酒店的意见和支持，我们会加强培训，努力为每一位客人营造一个家外之家，期待您的再次光临！,总的来说都不错，我住了很久．ＰＳ：总台有个男接待员态度不是很好．．宾馆反馈2008年8月4日：尊敬的宾客您好！,,1,,unlabeled,ChnSentiCorp_htl_all,1524
HTL_S0170,HTL_R06277,价格偏高，携程价毫无优势，只比前台价便宜9元，而且其他的客人所付房前均比携程低。,一大早还没睡醒就有人使用电动钻施工修理。,,3,,unlabeled,ChnSentiCorp_htl_all,6277
HTL_S0171,HTL_R00439,目前是新昌最好的酒店，环境和服务质量都非常好，国内长度免费和免费宽带还是蛮有吸引力的，离大佛寺仅咫尺之遥，太方便了补充点评2008年5月4日：酒店一楼中餐厅内的白斩鸡和水库剁椒鱼头是不能不尝的？,,住了两晚，吃了两餐。,0,,unlabeled,ChnSentiCorp_htl_all,439
HTL_S0172,HTL_R06433,不知道是不是有值钱东西就直接拿走了，幸好只是一些资料。,很一般，服务态度不好，我走的时候有个密封的纸箱子需要帮忙拿下来，我先到前台结帐并找人帮忙拿下来，就在短短十分钟时间，查房的服务员擅自就把我密封的纸箱子拆开并翻看里面的东西，等和帮忙拿纸箱子的门童上去时，很气愤，质问服务员，服务员还振振有词，真是服了。,,1,,unlabeled,ChnSentiCorp_htl_all,6433
HTL_S0173,HTL_R03103,能在天安门附近能住到这种价格，这种服务的酒店还是很不错的，特别是对于老外。,,,0,,unlabeled,ChnSentiCorp_htl_all,3103
HTL_S0174,HTL_R06065,我说是服务员让我退的，他说服务员说的话无效。,我说是房间的问题才退的，去找酒店负责人理论，负责人说我不管，你们只住了一间，不管退的那间。,那个态度。。。,4,,unlabeled,ChnSentiCorp_htl_all,6065
HTL_S0175,HTL_R06171,刚为朋友29号预定的北方担心过，不料30号结房时，前台问我朋友房间的有线电视摇控器不见了，后来在我强烈要求下，酒店人员可能动用百度搜索到摇控器，这才罢休！,,我就纳闷了：我怎么就这么倒霉啊？,0,,unlabeled,ChnSentiCorp_htl_all,6171
HTL_S0176,HTL_R07567,住酒店还要交停车费10元。,预定的时候注明了要二楼房间，入住时是一楼，网上说加一份早餐10元，实际收15元。,豪华单间房间的地毯湿呼呼的，我真是无语了。,1,,unlabeled,ChnSentiCorp_htl_all,7567
HTL_S0177,HTL_R04015,地段不错，性价比不高，向阳的房间外面有装饰大灯，换了房间背阳感觉上有一股发霉的味道，结帐的时间较长。,,房间内有电脑可以上网，但没有瓶装水供应不应该。,0,,unlabeled,ChnSentiCorp_htl_all,4015
HTL_S0178,HTL_R01311,服务人员彬彬有礼，是家很不错的酒店。,早餐丰富，品种丰富齐全。,,21,,unlabeled,ChnSentiCorp_htl_all,1311
HTL_S0179,HTL_R06195,携程的沟通也是令人失望。,反而说你自己不小心，拒不做任何有诚意的合理赔偿。,一句“没有办法”，仅此而已。,8,,unlabeled,ChnSentiCorp_htl_all,6195
HTL_S0180,HTL_R06321,"有上网但是是无线,停车在隔壁地下停车场,具说没有转人看管,结果提心吊胆一晚上",,,0,,unlabeled,ChnSentiCorp_htl_all,6321
HTL_S0181,HTL_R02796,环境很好，服务周到，反应迅速，值得称赞。,,,0,,unlabeled,ChnSentiCorp_htl_all,2796
HTL_S0182,HTL_R02168,上一次在德州住的是富丽华，实在是不咋样，只能用一个字来形容：土。,,但这次住在贵都的感觉非常好，价格不贵，房间也比较舒适、干净。,0,,unlabeled,ChnSentiCorp_htl_all,2168
HTL_S0183,HTL_R05993,地段倒是不错，服务态度也还可以，还能够全程刷卡。,餐厅价格也高，一个大葱炒鸡蛋要25元，其他菜可以推想。,,4,,unlabeled,ChnSentiCorp_htl_all,5993
HTL_S0184,HTL_R06285,"酒店位置很偏僻,自己没车进去了就出不来,周围好象有些象游乐场的设施,但冬天好象不开放,不知夏天怎么样.",结果第二天只能匆匆提前离开.,,3,,unlabeled,ChnSentiCorp_htl_all,6285
HTL_S0185,HTL_R07116,我本来点评是一分的，不知怎么变成了2分，所以再来改一下。,,,0,,unlabeled,ChnSentiCorp_htl_all,7116
HTL_S0186,HTL_R01255,相比之下，在这边应该是比较好的酒店吧，不过价格还是点高,,,0,,unlabeled,ChnSentiCorp_htl_all,1255
HTL_S0187,HTL_R07740,5）10800AT&T对方付费电话是要收费的，不是服务费，是按本地电话收费的，反复解释还是没有用的！！！,4）800免费携程电话在这家酒店是要收费的，小心！,不只是他家的电话是不是中国电信的，中国电信10000#都说是免费的啦，还是解释不通！,9,,unlabeled,ChnSentiCorp_htl_all,7740
HTL_S0188,HTL_R04074,会议室：这次租用了半天的会议室，价格虽然很贵，但是基本设施和服务还是很到位的，酒店在从大堂开始到电梯到二楼的电梯口到会议室，沿途到进行了告示，老板看了感到很有面子。,卫生间：较大，舒服。,总之：如果是会务安排，公务活动，这个酒店相当的不错。,4,,unlabeled,ChnSentiCorp_htl_all,4074
HTL_S0189,HTL_R03366,旧楼(1)房间内设备较差，淋浴室的门坏了没修，以至浴室很湿,,,0,,unlabeled,ChnSentiCorp_htl_all,3366
HTL_S0190,HTL_R02509,非常不错的酒店，地理位置也不错，性价比很高！,,,0,,unlabeled,ChnSentiCorp_htl_all,2509
HTL_S0191,HTL_R06475,房间还有蚊子，要电蚊片却没有机器。,房间又脏，而且订的并不是那种经济间，是商务间。,,2,,unlabeled,ChnSentiCorp_htl_all,6475
HTL_S0192,HTL_R04525,住的是标准间，房间有点小，床也不是很舒服，服务还是不错的，所处的环境还不错，有很多可以吃的地方。,,浴室水龙头是很大，可是下水的声音更大，早上起来洗漱的时候，下水的声音就楞是把家人给吵醒了,0,,unlabeled,ChnSentiCorp_htl_all,4525
HTL_S0193,HTL_R01566,房间比较小，打车不是很方便。,,还有早饭种类比较少,0,,unlabeled,ChnSentiCorp_htl_all,1566
HTL_S0194,HTL_R04362,特别想要谢谢酒店的某位先生，不知道是不是老板。,d.,我们一家提着行李到了酒店附近，找不到方向，酒店马上安排了人过来接我们。,14,,unlabeled,ChnSentiCorp_htl_all,4362
HTL_S0195,HTL_R05673,携程一直是酒店的重要合作伙伴，对携程的客户我们一直尽量提供最优质的服务，但因酒店建筑格局原因，有三间房间为无窗格局，客人当天预订时较晚，酒店房间较紧张，只有无窗的房间安排。,宾馆反馈2008年4月22日：首先非常感谢您对酒店的评价，对于您在酒店所感觉的不适，我们深表歉意！,但前台在安排客人入住此类型房间前，均会与客人做好沟通。,5,,unlabeled,ChnSentiCorp_htl_all,5673
HTL_S0196,HTL_R02950,"套间的附近就是卡拉OK的地点，比较吵闹，定过一次就不想再订了，希望可以进行以下调整不要影响客人休息下一页>>免费注册网站导航宾馆索引服务说明关于携程诚聘英才代理合作广告业务联系我们Copyright1999-2008,ctrip.",,com.,0,,unlabeled,ChnSentiCorp_htl_all,2950
HTL_S0197,HTL_R06968,"地理位置比较方便,但酒店服务态度不好,环境普通",,,0,,unlabeled,ChnSentiCorp_htl_all,6968
HTL_S0198,HTL_R02295,酒店相当不错，离要去的白云山英语培训基地非常近。,,值得推荐,0,,unlabeled,ChnSentiCorp_htl_all,2295
HTL_S0199,HTL_R05617,"非常不好的经历,通过携程定的房间,到了以后,服务的人员居然要我的身份证,我在美国生活了10年,早就没有了身份证,还好护照也勉强接受了,整个服",,,0,,unlabeled,ChnSentiCorp_htl_all,5617
HTL_S0200,HTL_R04841,这个价钱来说，还是可以了，比较干净，特别是被褥，很干净没有异味。,,上网还可以，速度不是很快，但凑活用用可以了。,0,,unlabeled,ChnSentiCorp_htl_all,4841
HTL_S0201,HTL_R05806,"但温泉区的服务人员态度很好,与酒店服务人员的态度有着天壤之别,建议会员们只去泡温泉,不要入住酒店.","酒店服务人员的服务素质有待提高,和入住的房价明显不成正比,我入住的房间床单上有血渍,服务人员居然推托说血渍是湿的,言下之意是我们自己弄上去的,标房里没有冰箱和浴袍,服务人员说因为房间从携程订的,便宜,意思不要计较,晚上烧水突然断电,服务人员又说是我们用了2个热水机烧水导致的.","早饭还可以,以中餐为主",1,,unlabeled,ChnSentiCorp_htl_all,5806
HTL_S0202,HTL_R06568,"设施一般,不如定特价房.","房间比较小,最多3星,不如定168.","免费注册网站导航宾馆索引服务说明关于携程诚聘英才代理合作广告业务联系我们Copyright1999-2008,ctrip.",1,,unlabeled,ChnSentiCorp_htl_all,6568
HTL_S0203,HTL_R06491,而且前台价比协程还便宜了十几块。,酒店实际的情况比网上要差，也许是因为太远了。,真实山高皇帝远了阿,1,,unlabeled,ChnSentiCorp_htl_all,6491
HTL_S0204,HTL_R00868,"我入住的那天酒店生意清淡,可以看出跟深圳同类酒店相比,该酒店已经落伍了.","酒店的位置不错,出门过马路就是华强北步行街,逛街方便.",,2,,unlabeled,ChnSentiCorp_htl_all,868
HTL_S0205,HTL_R00348,"面对鸦绿江大桥,附望远镜,还有飞镖,设施没话讲!",,下楼就是风景区很不错!,0,,unlabeled,ChnSentiCorp_htl_all,348
HTL_S0206,HTL_R07607,房间还可以，早餐不大好，周围比较偏僻。,,服务态度一般。,0,,unlabeled,ChnSentiCorp_htl_all,7607
HTL_S0207,HTL_R07666,"交通还比较方便,价格相对便宜,但是设施有些陈旧,没有网络可上网,服务生的素质相对较低些,如果重新装修在这个位置应该还是不错.",,,0,,unlabeled,ChnSentiCorp_htl_all,7666
HTL_S0208,HTL_R01454,四月清明假期去的，早餐一般，停车场不够，晚上晚一点回去就要停到对面没人管的空地。,,,0,,unlabeled,ChnSentiCorp_htl_all,1454
HTL_S0209,HTL_R03983,如果小不是问题，如果你能接受房价比较压抑，那么曼哈顿真是不错的选择。。。,,,0,,unlabeled,ChnSentiCorp_htl_all,3983
HTL_S0210,HTL_R07270,而且还没到中午十二点呀！！,问总台，说是我们的卡已被改了，可我们东西还放在房内，竟有此等事情？,,4,,unlabeled,ChnSentiCorp_htl_all,7270
HTL_S0211,HTL_R01555,上海的酒店都比较贵，徐家汇这里也没什么价位始终的了。,住了无数次了，中轨中距，差不多四星吧，也没什么太多可说的。,其实，如果是旅游，大可以去旁边的天平宾馆，价格低了很多，离地铁站也不远，房间也没什么不好的。,1,,unlabeled,ChnSentiCorp_htl_all,1555
HTL_S0212,HTL_R07020,每天晚上十点多开始有人唱KTV，前台说要一直唱到两点，如果你有非常强大抗干扰能力，就来吧补充点评2007年11月19日：深更半夜的，被KTV打扰，只有自己换房一个选择，还要穿上衣服，拿,,,0,,unlabeled,ChnSentiCorp_htl_all,7020
HTL_S0213,HTL_R05933,装修前卫，但是绝对不够精致，甚至有低俗在里面，不耐看！,,包括大堂和房间，咋不注意，还以为进了装修档次不够的KTV。,0,,unlabeled,ChnSentiCorp_htl_all,5933
HTL_S0214,HTL_R02123,后来加１００元生到行政间，还可以！,开始通过携程预定的是普通标准大床房，地毯脏，床太小，较差！,比较干净．酒店服务总体还可以．值得一住．,1,,unlabeled,ChnSentiCorp_htl_all,2123
HTL_S0215,HTL_R04981,宾馆反馈2008年4月21日：尊敬的客人，非常感谢您再次入住我们酒店。,"总得说是一家性价比很高的酒店,值得推荐!",温馨提示：下次入住酒店后请致电房务中心，那里有专门为客人提供使用的荞麦皮枕头。,12,,unlabeled,ChnSentiCorp_htl_all,4981
HTL_S0216,HTL_R07154,由于自己的工作失误，给客人带来不便，好象是应该的，还很理直气壮。,搞不懂怎么做服务行业的？,2.,4,,unlabeled,ChnSentiCorp_htl_all,7154
HTL_S0217,HTL_R06387,网线要特别通知前台送来，可是服务台说，我们宾馆是八点上班，所有的用具八点以后您再打电话吧，天呐岂有此理！！！,大床房内用具一律是一个人的，如果是两个人入住须要再通知前台申请。,在说一句我住的二层，大概由于一层是餐厅的缘故，你在房间里可以闻到窜入的油烟味。,2,,unlabeled,ChnSentiCorp_htl_all,6387
HTL_S0218,HTL_R02651,但标准房（两张床的那种）太小了，床只有90公分宽，迷你啊！,如果要在香港购物的，则不太方便，毕竟还是尖沙嘴会更方便。,,2,,unlabeled,ChnSentiCorp_htl_all,2651
HTL_S0219,HTL_R07355,这个酒店真是差啊，非常不好！,,房间是大，就是显得不干净，估计是过去的招待所改的。,0,,unlabeled,ChnSentiCorp_htl_all,7355
HTL_S0220,HTL_R05183,"帮家人订的,没什么好说的,香港的酒店嘛,有这样的性价比就可以了.",,,0,,unlabeled,ChnSentiCorp_htl_all,5183
HTL_S0221,HTL_R05658,建议喜欢该类影片的朋友居住2。,酒店黑白色调，感觉阴森森。。,床好像榻榻米，矮的一塌糊涂，建议日本的朋友居住3。,2,,unlabeled,ChnSentiCorp_htl_all,5658
HTL_S0222,HTL_R06932,对那些住宿稍微有些想法的人，不建议入住。,唉，简直是一无是处，我住的大床房，小得只能放下一张床，房间里的矿泉水还是过期的，没住过这么烂的如家，可能145元就活该如此了。,,1,,unlabeled,ChnSentiCorp_htl_all,6932
HTL_S0223,HTL_R07692,在线预订大床房，携程网介绍过于简单，由于18：00后到达，信用卡担保，结果到达在发现是阁楼房，简直.,,.,0,,unlabeled,ChnSentiCorp_htl_all,7692
HTL_S0224,HTL_R06518,拉开被子一再仔细查看，不可思议的是隔着床单，发现席梦思上有貌似血迹的斑，数量>5！！,床头墙壁上的画已经有霉斑，打算入睡时，发现床单上居然有小虫子（跟头皮屑那么大，白色）在爬。,装修格调很象如家，只是学到了形似。,4,,unlabeled,ChnSentiCorp_htl_all,6518
HTL_S0225,HTL_R04604,至于环境和服务设施等应该很不错吧.,"帮日本客人订的酒店,五星级这个价位算很便宜.",,1,,unlabeled,ChnSentiCorp_htl_all,4604
HTL_S0226,HTL_R06049,"订了两次这家酒店,遇到都是几乎相同的问题,我在备注里写的很清楚,""不临街,安静,高层,不要KTV上的房型,""不知道什么原因,是携程没有把信息传给酒店,还是酒店的理解有问题,第一次给了我",,,0,,unlabeled,ChnSentiCorp_htl_all,6049
HTL_S0227,HTL_R07698,房间装修有点旧了，隔音较差，且没有宽带上网，服务中规中举，没什么特别，感觉往来的客人很复杂，有骚扰电话。,,,0,,unlabeled,ChnSentiCorp_htl_all,7698
HTL_S0228,HTL_R03517,如果是两人旅游不建议入住该酒店的商务大床房。,2007年十一期间入住该酒店的商务大床房，但是床实在不够大，可能也就1.5米。,房间还算干净，但由于酒店旁边刚好是一个游乐园，十一关门的很晚，吵得休息不好，几次投诉前台的接线生态度一直不错，但解决问题的能力不够强，第二天退房时前台经理态度十分好，不停的解释道歉，使我对酒店的印象大大的变好了，相信这家酒店的管理还是大有前途的。,1,,unlabeled,ChnSentiCorp_htl_all,3517
HTL_S0229,HTL_R04242,宾馆反馈2008年3月12日：感谢您提的宝贵意见，宾馆已经针对您的建议作出改进。,但美中不足的是暖气不行，晚上冻醒，希望改进。,期待您的再次光临。,2,,unlabeled,ChnSentiCorp_htl_all,4242
HTL_S0230,HTL_R02752,房间设备还不错，可以说得上是三星级，不过那个早餐实在不敢恭维，携程上加一份早餐是35元，在所谓的观景餐厅，结果那里小的出奇，而且自助早餐的品种实在少，水果也不新鲜。,,第一次住的是双床标间，房间设备比较新，比较舒服，第二次要了一个大床房间，结果是西晒的格局很不规范的大床房间，当时提出换房间，那个前台小姐态度极其不好，在那里发牢骚，很不情愿，这个和所谓的四星级就相差太多了。,0,,unlabeled,ChnSentiCorp_htl_all,2752
HTL_S0231,HTL_R06224,晚上没完没了的骚扰电话，让人真的不敢恭维补充点评2007年12月14日：我打的都是1分，怎么平均出来是2分？,,莫名其妙,0,,unlabeled,ChnSentiCorp_htl_all,6224
HTL_S0232,HTL_R06440,剩下的用的东西几乎没有：吹风机，电熨斗，。。。。。,有桌子，但不提供凳子，只能做床上打电脑。,，感觉很不方便。,2,,unlabeled,ChnSentiCorp_htl_all,6440
HTL_S0233,HTL_R02516,酒店不在青岛最中心地段，不过交通还算方便。,,是一栋栋2-3层的小客房，环境非常好，还有花园，非常安静，是度假的好地方。,0,,unlabeled,ChnSentiCorp_htl_all,2516
HTL_S0234,HTL_R07261,还有，早餐稍晚点，就没什么可吃的了，做的也很一般,,,0,,unlabeled,ChnSentiCorp_htl_all,7261
HTL_S0235,HTL_R06706,保安用嘴向外努努，然后说自己叫！！！！,早起出门时希望保安给我叫出租车。,晚上回来办理续订手续，提出申请后前台女服务员坐着，面无表情，没有反应（当时前台就我一个顾客，绝对不是忙不过来），另一个服务员见状主动过来帮我办理。,2,,unlabeled,ChnSentiCorp_htl_all,6706
HTL_S0236,HTL_R05675,看过前面的点评，看来订单弄丢不是第一次，对于这种不把订单当回事的酒店，携程还纳入合作伙伴，如要保留要加强监控才行，我宁愿以后不再通过携程预定！！！,补充点评2008年6月10日：订单弄丢，打了好几个电话，携程和酒店推皮球，酒店前台和预定处推皮球，前台态度还相当恶劣，以后再也不住这个酒店！！,,3,,unlabeled,ChnSentiCorp_htl_all,5675
HTL_S0237,HTL_R07687,房间设施完全不是想象中的4星，充其量2星最多。,房间很小，卫生间设施一塌糊涂，热水龙头和下水都是坏的，叫来工作人员修了半天。,checkout的查房也是一阵苦等。,2,,unlabeled,ChnSentiCorp_htl_all,7687
HTL_S0238,HTL_R01355,"不足的地方就是房间不是很大,窗户对面是一个小学,没什么风景可言.","地点很好,到新天地酒吧街或恒隆广场打车十几块,前台招待态度还好,大堂很漂亮,房间里还送了水果和小吃,还可以免费停车.","由于A座装修的原因,包括花园整个儿都被围了起来,所以根本看不到携程照片上的大房子.",1,,unlabeled,ChnSentiCorp_htl_all,1355
HTL_S0239,HTL_R05754,客服人员发现是冷风后，说没有办法解决，建议我多盖被子。,赶紧电话询问客服人员，客服人员态度很好，说立即到房间查看。,晕倒！,7,,unlabeled,ChnSentiCorp_htl_all,5754
HTL_S0240,HTL_R03367,房间感觉一般，没有很好，但也谈不上差。,,我是因为那里离开目的地近所以选的,0,,unlabeled,ChnSentiCorp_htl_all,3367
HTL_S0241,HTL_R07138,我是5月21日通过携程网预定的房间，办理入住时我用信用卡交付押金，头几次收银人员告诉我密码错误，然后我就重新输入。,这个酒店的设施虽然简单，但服务态度恶劣，一点都不尊重客人！,最后他告诉我密码成功，也不知道为什么预授权了600.08元。,1,,unlabeled,ChnSentiCorp_htl_all,7138
HTL_S0242,HTL_R00923,几点遗憾：1、所谓的大床不是2x2的大床，带个小孩子肯定辛苦；2、中餐厅总是有宴会，动不动就包出去，只好到街上去吃饭。,不愧是苏州的“国宾馆”。,题外话：1、苏州的女孩子好像不会笑，两天下来，整个院子没看到一个女孩子能对客人微笑的，到是男生都很客气；2、几家有名的苏帮菜餐厅好像都是国营的，尤其是北门的那一家，下午一点去，告诉说厨师下班了，第二天再去，满屋的乌烟瘴气，那个女的告诉说到别的地方去吃吧，很不客气。,2,,unlabeled,ChnSentiCorp_htl_all,923
HTL_S0243,HTL_R05418,"接站免费司机是四川人很实在,在路上告诉了一些初到拉萨的注意事项,宾馆很小,不是我们内地的星级标准.",,"早餐还行,卫生间很大,就是价格稍高,我们到的第二天停电,所以我们换宾馆了.",0,,unlabeled,ChnSentiCorp_htl_all,5418
HTL_S0244,HTL_R01183,不知道酒店考不考虑将被子出售，如果是新的的话。,不过就是喜欢他们家的羽绒被，比我自己买的舒服。,早餐也还不错。,2,,unlabeled,ChnSentiCorp_htl_all,1183
HTL_S0245,HTL_R06450,反正在济宁也别指望有什么酒店了，最后一天终于受不了，半夜赶到济南住CROWNEPLAZA了。,后来搬到圣地（比香港酒店还新点），也就凑合吧。,,2,,unlabeled,ChnSentiCorp_htl_all,6450
HTL_S0246,HTL_R01061,交通也方便，在餐厅吃的也不错。,不错，下次还考虑入住。,,1,,unlabeled,ChnSentiCorp_htl_all,1061
HTL_S0247,HTL_R00520,设施有点老化了，但毕竟是闹中取静的地方！,,洗漱用的东东配的挺齐全的！,0,,unlabeled,ChnSentiCorp_htl_all,520
HTL_S0248,HTL_R01357,无线的键盘，坐在房上可以用电脑，第一次看见这样的酒店电视。,1、酒店刚装修过，很好；2、酒店的科技含量较高：一个大的电视，可以当电视看，也可以做电脑显示屏。,另外，还在方便的宽带与电源，非常适合于商务人士。,1,,unlabeled,ChnSentiCorp_htl_all,1357
HTL_S0249,HTL_R06981,服务态度机械，表情僵硬，管理不人性化，晚退10分钟房就加收半天房费,,,0,,unlabeled,ChnSentiCorp_htl_all,6981
HTL_S0250,HTL_R07201,"总体说来,应该是二星级宾馆.",,"因为定的时间比较晚,所以只有这家酒店了.",0,,unlabeled,ChnSentiCorp_htl_all,7201
HTL_S0251,HTL_R01104,我的要求是能睡好，安全就好，它可以达到。,房间和价格基本能接受。,后来比较了类似的酒店，价钱贵了点。,2,,unlabeled,ChnSentiCorp_htl_all,1104
HTL_S0252,HTL_R00299,12月在金泉住了几天，开始订的豪华商务小套房，后来换了个商务标间，感觉性价比更好：两种房间大小差不太多，可以向酒店免费租一个猫，通过电源线上网，上网速度挺快。,,,0,,unlabeled,ChnSentiCorp_htl_all,299
HTL_S0253,HTL_R01613,嗯嗯，基本满意，只是对和我同去的老外分到的房间就比我N大有点不爽。,,浴缸的落水坏掉了，只能淋浴。,0,,unlabeled,ChnSentiCorp_htl_all,1613
HTL_S0254,HTL_R04510,住的标间，比较干净，餐厅的菜价格和味道都还可以，也比较新鲜。,,总的来说，性价比高。,0,,unlabeled,ChnSentiCorp_htl_all,4510
HTL_S0255,HTL_R00419,在中旅行十年首次住到服如此到位很好的酒店很仔注重主的住客提供服主管郝先生更是切感上比五星的酒店更佳力的推大家住超乎你能想像的好服人住中所有的酒店是最好的,,,0,,unlabeled,ChnSentiCorp_htl_all,419
HTL_S0256,HTL_R06292,不实惠，而且因为在网上看到送迷你吧和可以免费去植物园的，前台的也没有交代这些事情，如果没有在网上看到的人肯定不知道的。,大年初一入住的，酒店的装修不错，可是前台服务就一位男生，态度很冷淡，感觉不希望我们入住似的，因为是探亲的所以就晚上住一下，所以订了标准房，他一开口就要我们加钱换好点的房间，我们就是冲那个价去的，如果要出四百多我们选择其他酒店了，也不会住他家了，地方那么偏，于是他给我们了普通的房间，那个房间真是小啊，比一百元多的连锁酒店还小，装修不错，床比较舒服，不过下次肯定不会住这家了。,,1,,unlabeled,ChnSentiCorp_htl_all,6292
HTL_S0257,HTL_R05875,"房间备太差,连空调都没安装,下次如有机会再去不会再选此酒店.",,,0,,unlabeled,ChnSentiCorp_htl_all,5875
HTL_S0258,HTL_R07185,房间非常小房间设施非常旧，因为装修至今已经10年了。,,房间空气非常差，一打开门一股非常大的烟味和霉味迎面扑来服务还不错，虽然帮我从6楼换到了9楼，但是房间空气依然非常差非常差非常差得不能接受！！！,0,,unlabeled,ChnSentiCorp_htl_all,7185
HTL_S0259,HTL_R01754,房间还不错，挺大的，早餐一般。,,酒店周围环境还可以，吃饭比较方便，正如之前的客人所介绍的，酒店也不知道是该叫前面还是后面的，有几个饭店可以吃饭。,0,,unlabeled,ChnSentiCorp_htl_all,1754
HTL_S0260,HTL_R01616,补充点评2007年12月18日：对了，洗澡热水很不好调，建议改进,有些房间不是很干净如RM3017，商务大床间还可以。,,2,,unlabeled,ChnSentiCorp_htl_all,1616
HTL_S0261,HTL_R06826,还好有地方能让我写一些，否则，会误导许多人。,也许会准一些。,,23,,unlabeled,ChnSentiCorp_htl_all,6826
HTL_S0262,HTL_R06930,"房间比较大,但是设备显陈旧,最不喜欢是蹲厕,另外每层楼都是出租的办公室和酒店客房一起",,,0,,unlabeled,ChnSentiCorp_htl_all,6930
HTL_S0263,HTL_R03528,"临走结帐很慢,有急事就惨了!","周围饭店不多,不过对面的浴足店非常不错!",,2,,unlabeled,ChnSentiCorp_htl_all,3528
HTL_S0264,HTL_R05520,第二天说给换房间，结果打扫人员愣是听不懂前台的普通话，让我扛着行李来回的走，不知道在干什么！！！！,态度超级不好，我订的普通标准房，结果去了说没有了，说免费升级豪华双标，我一定要有网线的，结果第二天告诉我不能用网，而且房间在附楼，超级远，我东西超级沉，一个姑娘就这样抗着都没有人管。,结果换了2次，换成了标准房，我怕标准没有豪华好，结果一进去发现不仅在主楼，而且比前一天的豪华好多了！！！！！！,1,,unlabeled,ChnSentiCorp_htl_all,5520
HTL_S0265,HTL_R05605,还是房价贵了点，如果房价在200就可以了。,,,0,,unlabeled,ChnSentiCorp_htl_all,5605
HTL_S0266,HTL_R05484,"最气的是请客人吃饭结完帐,很久以后到房间说台布被烫了,硬是要赔500大洋.","如果去成都,在这里居住不错,行程方便,其他的都很差.",,1,,unlabeled,ChnSentiCorp_htl_all,5484
HTL_S0267,HTL_R07729,"该酒店根本就达不到星级标准,是当地工商局办的,估计就是原来的招待所,前天晚上我刚住了一晚,室外-3度,室内温度不会超过10度,更晕的是晚上12点空调关闭,网速很慢,按当地的消费水平,标准间最多就是120元的水平,可携程的预定价是180元,不值!",,早餐很差!,0,,unlabeled,ChnSentiCorp_htl_all,7729
HTL_S0268,HTL_R05649,酒店太陈旧，2-3星的标准！！！！！,,没安全感！,0,,unlabeled,ChnSentiCorp_htl_all,5649
HTL_S0269,HTL_R02611,不过那里酒店非常多，可以选择的余地大。,酒店就在高速边上，还算方便。,早餐不错，淡季人少。,1,,unlabeled,ChnSentiCorp_htl_all,2611
HTL_S0270,HTL_R00798,总体来说在吉林能住到这样的酒店还不错，但价格一点也不便宜。,退房时落东西了，服务员查房也没发现，还是自己发觉了打电话回总台再查才找到的。,无论硬件还是服务都是四星的标准。,5,,unlabeled,ChnSentiCorp_htl_all,798
HTL_S0271,HTL_R06394,这是一家住宿房间设施极差的度假村，我提前在携程网订了一间5号楼的房间，但是，当我入住时前台因为没有房间，竟然说没有接到订单，然后给了6号楼，空调很响，隔音又差，隔壁房间的一举一动都听见，原计划住两天，吓得第二天赶快逃。,,离开后发现，其实附近的好的宾馆还是不少的。,0,,unlabeled,ChnSentiCorp_htl_all,6394
HTL_S0272,HTL_R06823,但房间的洗浴卫生方面还是满意的。,我定的是大床房，到酒店报了携程却给了我一间电梯边的房间，窗外也无任何景色之谈，客房小的就只放一张大床，还被告知就只有这间房，不满意也没有房间可以换，没想到通过携程订的房会是这样，反正下次是不会入住了。,,1,,unlabeled,ChnSentiCorp_htl_all,6823
HTL_S0273,HTL_R03619,服务一流，门口公交四通八达，早餐丰富，值得一住。,,我到厦门五天，两天锦江之星，两天厦门宾馆，都不错，很满意。,0,,unlabeled,ChnSentiCorp_htl_all,3619
HTL_S0274,HTL_R05869,"下次如果我去到,情愿睡桥底也不住这个酒店.",,,0,,unlabeled,ChnSentiCorp_htl_all,5869
HTL_S0275,HTL_R01642,498元的价格不是很厚道，但位置还是可以，预定时携程说酒店要信用卡担保，担保后到了酒店时，酒店说我预定的标准间没有了，免费个给我升级到套房。,,房间很大，感觉不错。,0,,unlabeled,ChnSentiCorp_htl_all,1642
HTL_S0276,HTL_R01184,酒店地理位置不错，服务也可以，但装修就比较旧了,,,0,,unlabeled,ChnSentiCorp_htl_all,1184
HTL_S0277,HTL_R03761,我没有去住，住了两次，都是住后面的小楼，很安静。,酒店房间还不错，很干净、水压很强，这里讲的标间一般是指酒店旁边的二层别墅的房间，但是如果CHECKIN时特别要求住前楼，也能住到，听说前楼有卡拉OK，5楼左右的客房都比较吵。,特别称赞酒店中餐点心，可以打电话叫客房送餐（在客房送餐简介上是没有的），打电话请总机转到一楼的中餐部，晚上12点还可以叫到点心，我叫了一份蒸排骨、一份牛肉丸、一份白粥，一共才二十元，真的很便宜，另外再说一下，中餐部的部长服务真的太热情了，竟然亲自将桌上纸巾袋内的纸巾一张张拿出来，递到客人面前。,1,,unlabeled,ChnSentiCorp_htl_all,3761
HTL_S0278,HTL_R00584,服务总体很好，通过房间电话可以方便得到服务，价格有一定竞争力。,,有一点遗憾：酒店处打车不是很方便；同时酒店取消了机场BUS，客人多少有些不方便。,0,,unlabeled,ChnSentiCorp_htl_all,584
HTL_S0279,HTL_R02180,只是楼下是酒家，油烟味太重！,服务可以！,晚上夜宵人声稍大!,2,,unlabeled,ChnSentiCorp_htl_all,2180
HTL_S0280,HTL_R06175,补充点评2008年1月22日：7、早餐七点半供应，有点晚吧宾馆反馈2008年8月16日：感谢您的评价，我们己经将意义和建议反映给上级领导了，并且改进了服务，希望您下次入住时会真正体会到我们的进步。,6、觉得不满意不能退房。,,6,,unlabeled,ChnSentiCorp_htl_all,6175
HTL_S0281,HTL_R06892,地毯也不清洁，屋子里有股味道。,酒店房间太脏了，我刷牙的时候差点没吐了，，他们的水龙头上都是污垢，浴缸里有的地方都生锈了，唉，我睡觉的时候看到他们的被罩没有套紧，里面的东西都露出来了。,,1,,unlabeled,ChnSentiCorp_htl_all,6892
HTL_S0282,HTL_R06144,"我是第一次,下回不会再住了,上下班高峰时,下楼要25分钟,我计算过连亲着两天.","这个酒店太差了,酒店里竟然还有公司,而且还很多,见过这样的酒店吗？",门童像个爷爷一样对你爱搭不理的.,1,,unlabeled,ChnSentiCorp_htl_all,6144
HTL_S0283,HTL_R06146,床和控制台中间的空地上居然还留有上次住过的客人留下的空饮料瓶，卫生间的毛巾上居然还有几根头发……真不能相信这就是电话预定员眼中的“网友评价较高”、“三星酒店”。,酒店设施起码有十年使用时间了，而且维护欠佳，走进房间，一股发霉的味道扑鼻而来，地毯上污迹斑斑；走廊里的木制衣帽柜，柜门无法正常关闭，打开柜门霉味更浓，衣帽柜上面还有一个关不上的小柜门，打开后，发现里面是管道和蜘蛛网、以及厚厚的尘土。,今后如果再遇到上网条件不便又急于订酒店的情况，我绝对不会贸然做出电话订房的风险举动！,1,,unlabeled,ChnSentiCorp_htl_all,6146
HTL_S0284,HTL_R05386,往市内走一点，很多又便宜又好的酒店，大把，以后不会再住这个名不副实的酒店，建议携程不要将这类酒店登入，有损携程名誉。,感觉非常一般，房间很脏，而且上网还要收费，好象是2.5元一个小时，极度不爽。,宾馆反馈2006年11月28日：非常感谢您的意见！,1,,unlabeled,ChnSentiCorp_htl_all,5386
HTL_S0285,HTL_R02793,去太原90%都住在那里的.,"我喜欢那里,性价比很高地.",服务员的服务很不错,1,,unlabeled,ChnSentiCorp_htl_all,2793
HTL_S0286,HTL_R06970,我在升级更换房间时便三易房间才能够正常入住.,"商务豪华标间部分房间不是没有电脑,便是电脑只是摆设,连启动都不能.",期待改进.,2,,unlabeled,ChnSentiCorp_htl_all,6970
HTL_S0287,HTL_R03217,空调制热效果一般，大床房的被子太小，晚上盖着有点冷。,房间虽然不大，但很有欧洲风味，很有特色。,,1,,unlabeled,ChnSentiCorp_htl_all,3217
HTL_S0288,HTL_R00962,"整体环境不错,很干净,但叫花园饭店还有差距,绿化园景没则么看到,室内没有迷你吧(在四星级酒店不应该),两双拖鞋不同型号,一双有红边,一双没有,不协调,住在一楼,窗前一直有饭店人员走动(特别是中午),没有私密感,不敢开窗,配套服务很不错,但人手太少,我们两个人想去去洗个头,但只有一名服务人员,我只能回房自己洗.",,"总体较满意,CHECKIN",0,,unlabeled,ChnSentiCorp_htl_all,962
HTL_S0289,HTL_R02855,"还不错的酒店,就是总体色调比较昏暗,可能是因为有些时日的原因吧~",,,0,,unlabeled,ChnSentiCorp_htl_all,2855
HTL_S0290,HTL_R07172,老掉牙的五星酒店，我们入住的客房窗外就是酒店的封闭露台，窗下堆放疑似废弃的棉被等物品，还好就住一天，拉上窗帘将就一夜，第二天就赶紧离店了。,,,0,,unlabeled,ChnSentiCorp_htl_all,7172
HTL_S0291,HTL_R01332,"房间和酒店的大堂面海都是落地大玻璃窗,窗外美景尽收眼底,特别到晚上更甚.","洲际位置很好,就在维多利亚海,星光大道旁边.","就是房价不是个小数目,携程这次订的是包三晚2400不含早餐.",2,,unlabeled,ChnSentiCorp_htl_all,1332
HTL_S0292,HTL_R07519,最可恶的是窗户没有纱窗，且朝过道，冒着进蚊子的威胁，开窗后发现无法通气，因过道窗户紧紧封闭，房间里一股霉味和油漆味散发不出去。,房间很小，书桌和床之间仅容一人过。,更有甚者，因是围拢的房屋结构，早晚有人在过道说话很闹，且过道的灯笼整夜亮着。,10,,unlabeled,ChnSentiCorp_htl_all,7519
HTL_S0293,HTL_R04225,应该是不错，就是下面的餐饮价格奇贵，一天房价500不到，两个人吃饭花了500多，MG,,,0,,unlabeled,ChnSentiCorp_htl_all,4225
HTL_S0294,HTL_R07151,（稍后我拒绝了大堂经理，升级房间，延迟退房等道歉方式，来稍稍抗议了下我的不满）我想下次去南京，我会慎重考虑下我的选择。,可惜了，原来我本想去1912的，没了心情早早睡下了。,,4,,unlabeled,ChnSentiCorp_htl_all,7151
HTL_S0295,HTL_R02443,酒店环境不错，自助早餐品种丰富，值得一去。,,,0,,unlabeled,ChnSentiCorp_htl_all,2443
HTL_S0296,HTL_R04670,一层bar的蛋糕、咖啡明显缩水，比一年前的口感和大小有很大下降2.,海悦的总体服务质量最近有所下降，我看到的几个地方是：1.,我订的行政大床房，感觉和以前的普通大床房没任何区别，价格还贵了1003.,1,,unlabeled,ChnSentiCorp_htl_all,4670
HTL_S0297,HTL_R03977,卫生间也很清爽明亮，让人感觉很舒服。,很好的酒店，性价比很好，房间面积也不小。,下次来上海肯定还会住这的，实际上我来上海基本上住2家酒店，一家是香港广场，一家就是粤海了。,1,,unlabeled,ChnSentiCorp_htl_all,3977
HTL_S0298,HTL_R02887,对酒店方面提一个意见，就是酒店的空调好像有些南方的气候一样，太潮湿了。,整体的情况很好。,可能使空调系统的问题，望能改进。,1,,unlabeled,ChnSentiCorp_htl_all,2887
HTL_S0299,HTL_R01380,地理位置虽说很市中心，但出入除了打的外其它交通都不是很方便。,,离万象城相当近。,0,,unlabeled,ChnSentiCorp_htl_all,1380
HTL_S0300,HTL_R06525,这家酒店推荐的什么豪华大巴是云南省旅游集团的省旅高快，大家千万不能坐！,4。,大理的上车点在苍山饭店里，车上高速以后，车里的卫生间不让用，到了楚雄后，进了楚雄加油站旁边一个私人餐厅，说要休息半小时，一车的旅客都不愿意休息，因为快到昆明了，大家都想到昆明吃饭，可司机蛮横的一句：你们不吃，我还饿了呢，我要吃！,8,,unlabeled,ChnSentiCorp_htl_all,6525
HTL_S0301,HTL_R07313,"后大堂副理上来,告诉也有其它房间有类似情况,因最近酒店附近管理维修.","没办法浴室内打电话给大堂,说派人上来看一下,这时发现房间内未配浴袍.",只是建议给换房间,4,,unlabeled,ChnSentiCorp_htl_all,7313
HTL_S0302,HTL_R05630,房间设施差，房间里一股发霉的味道价格出奇的贵早餐比较差与对面的际豪酒店相比，完全没有竞争力不建议入住此酒店,,,0,,unlabeled,ChnSentiCorp_htl_all,5630
HTL_S0303,HTL_R02907,我住的迎宾馆观景房还可以从窗户看到旁边公园，不错,在闹市中难得隔开有这么个清静地，进去以后环境很好，有小桥亭子，有餐厅，很幽静，很舒服。,,2,,unlabeled,ChnSentiCorp_htl_all,2907
HTL_S0304,HTL_R04661,但是checkin速度挺慢的，要改进,酒店房间挺大，设施还可以，靠市中心很近。,,1,,unlabeled,ChnSentiCorp_htl_all,4661
HTL_S0305,HTL_R00660,各方面条件都不错，只是房间、卫生间较小。,,干净整洁，隔音效果好。,0,,unlabeled,ChnSentiCorp_htl_all,660
HTL_S0306,HTL_R07224,酒店比较旧，听说有十几年的历史，房间也比较小。,,一个所谓三星酒店连一次性的剃须刀都不提供，要另外花15块钱买。,0,,unlabeled,ChnSentiCorp_htl_all,7224
HTL_S0307,HTL_R02908,补充点评2008年7月2日：也就给三分，怎么变以4分了？,服务素质实在一般，酒店也旧，象是回到了二十年前。。。,,1,,unlabeled,ChnSentiCorp_htl_all,2908
HTL_S0308,HTL_R06026,"相对于这种酒店,房价应该算非常贵的,而且还有旁边的楼在施工.",,早上4点多钟就开始干活.,0,,unlabeled,ChnSentiCorp_htl_all,6026
HTL_S0309,HTL_R04859,我们入住的三人间房间很大，床也很大，设施很好。,,餐厅是自助餐，28元一位，感觉还不错。,0,,unlabeled,ChnSentiCorp_htl_all,4859
HTL_S0310,HTL_R06410,先说第一次的入住，空调不冷搞得房间像桑拿房一样，我把它归类为运气问题，略过不计，可是网络速度慢到只能用不可思议来形容。,是第二次入住，因为离客户很近，图个方便。,中国电信的宽频服务在这个酒店居然速度比拨号上网还慢，我算是开了眼界。,1,,unlabeled,ChnSentiCorp_htl_all,6410
HTL_S0311,HTL_R00931,信价比还可以吧，毕竟这么黄金的地段而且交通超级方便，紧邻一号地铁的出口，几乎不费什么力就可以到达宾馆。,"没什么啦,如果你要感受大上海繁华时尚的一面,这里无疑是最佳的了。",我住过好几次了，不过打折下来568元的价位还是有点“吃血”的，所以也只敢在荷包比较鼓的时候，呵呵，比如发年终奖的这会儿，奢侈一回。,1,,unlabeled,ChnSentiCorp_htl_all,931
HTL_S0312,HTL_R02472,"住了好多次宝晖````还好,就是外面的烧烤档贵的离谱````",,,0,,unlabeled,ChnSentiCorp_htl_all,2472
HTL_S0313,HTL_R02577,性价比很高，酒店房间还不错，我住的是标准海景蜜月房，有阳台，只是前台服务不算好，老是推荐你去一些景点，我后三天住的是亚龙湾的金棕榈，和金棕榈比起来，服务不是一个档次。,晚上广场上还有很多活动，有孔明灯，还有跳舞的。,但是你可以不和他多话。,3,,unlabeled,ChnSentiCorp_htl_all,2577
HTL_S0314,HTL_R04691,环境不错，离石老人海滨浴场很近。,,房间也不错，就是有点吵，离马路近，大清早车声不断，想晚起一会也不行,0,,unlabeled,ChnSentiCorp_htl_all,4691
HTL_S0315,HTL_R04774,补充点评2008年5月7日：祥疑砩茔!??,诚jeffbros4.,苌嘤趼徨勘!,37,,unlabeled,ChnSentiCorp_htl_all,4774
HTL_S0316,HTL_R04010,补充点评2008年3月5日：而且在二会期间，房价在飞涨,除了地理位置比较好以外，没有什么优势。,,4,,unlabeled,ChnSentiCorp_htl_all,4010
HTL_S0317,HTL_R03127,"非常的好,服务很热情,房间很新很干净,交通也算方便",,,0,,unlabeled,ChnSentiCorp_htl_all,3127
HTL_S0318,HTL_R04276,3、房间干净，客房服务员工作利索，效率也高。,2、送双早。,4、热水很足，虽然在16楼，水压也很大。,2,,unlabeled,ChnSentiCorp_htl_all,4276
HTL_S0319,HTL_R07540,房间条件很一般，不过就是撤了一张床的标间。,订的单人间，结果没宽带，换了商务单人间，却是在后面的贵宾楼---一座四层小楼里。,窗外就是院墙。,1,,unlabeled,ChnSentiCorp_htl_all,7540
HTL_S0320,HTL_R03227,"所幸,我和夫人对其服务都还满意,建议宾馆可以考虑将温泉公园的自助餐列入赠送范围,貌似现在是门票168元带自助餐,这样感觉我们被送的188元的票好像亏了的感觉.","这次入住该酒店316房间感觉还不错,床足够大,酒店设施还足够齐全,浴室内的温泉泡池也很吸引人,但是似乎下水口有些问题,总是会水漫金山,刚进房间就发现地毯上有滩水,估计是上一个客人洗澡后留下的,冰箱那个柜子也上了锁没有办法打开,作为5星级涉外宾馆,应该注意避免这样尴尬的事情发生.","不过,这也仅仅只是建议而已.",1,,unlabeled,ChnSentiCorp_htl_all,3227
HTL_S0321,HTL_R05989,"该洒店设施不全且不洁净,让客户感觉不太敢放心使用,且服务人员态度不是太好,早上入住客人收拾房间的速度太慢",,,0,,unlabeled,ChnSentiCorp_htl_all,5989
HTL_S0322,HTL_R02702,这个酒店离主要的政府机关也不远哦。,下次有机会还要去住。,,7,,unlabeled,ChnSentiCorp_htl_all,2702
HTL_S0323,HTL_R06591,建议住大红门附近，距南苑机场近些。,性价比差。,,2,,unlabeled,ChnSentiCorp_htl_all,6591
HTL_S0324,HTL_R00606,不知道五星的客房标准是怎么设定的.,"换了豪华间,才有点五星的样子.","床和床上用品是""喜来登""的特色,羽绒枕还是那么舒服!!",3,,unlabeled,ChnSentiCorp_htl_all,606
HTL_S0325,HTL_R05321,房间设施难以够得上五星级，服务还不错，有送水果。,,,0,,unlabeled,ChnSentiCorp_htl_all,5321
HTL_S0326,HTL_R03570,"床很舒服,热水也很大,卫生间规格很高,干净,并且CHECKIN/OUT都很快,一看服务生就是经过很好的训练的.","酒店若从一个三级城市的四星级标准来衡量是很好的,CTRIP的价格也很好,260块含双早是超值了.","自助早餐品种多,味道还可以",2,,unlabeled,ChnSentiCorp_htl_all,3570
HTL_S0327,HTL_R03302,不错，卫生间够大，还奇怪为什么要这么大空间，呵呵。,,只是被单和床单上有些印迹没洗掉，不脏但看着不是很舒服，其它都还OK,0,,unlabeled,ChnSentiCorp_htl_all,3302
HTL_S0328,HTL_R01702,"服很好,尤其是前台和bellboy.","地很近北站,打的不跳.",大床房床,1,,unlabeled,ChnSentiCorp_htl_all,1702
HTL_S0329,HTL_R06677,老牌宾馆，设施很旧，两百多元一点都不值，网速较慢。,,,0,,unlabeled,ChnSentiCorp_htl_all,6677
HTL_S0330,HTL_R06405,为了核实，我打了服务电话，电话中也说可以到六点前回来提取。,但是我问酒店其他职员时，却都说下午六点前提取行李均可。,因此，我再次咨询了该胖职员，他也改口说届时可以为我安排。,8,,unlabeled,ChnSentiCorp_htl_all,6405
HTL_S0331,HTL_R00476,酒店地理位置也可以，离龙门石窟只有12公里，离市中心1公里。,这次在51期间通过电话订的2间豪华单间，到了一看，豪华单间就象套房一样，还是一室一厅的，位于22楼，视野开阔，客厅还放了很多介绍洛阳的旅游书。,不足就是酒店设施稍旧。,1,,unlabeled,ChnSentiCorp_htl_all,476
HTL_S0332,HTL_R06375,房间差，12点后无热水，早餐品种少，房价贵。,,,0,,unlabeled,ChnSentiCorp_htl_all,6375
HTL_S0333,HTL_R06833,以后再也不住西翠了，想起来就恶心，西翠以前不是这样的啊。,酒店卫生服务较好，但代销的“长城一日游”是家黑旅行社，上车加钱签协议，协议上盖有XX假日旅行社的条形章，无公章和发票，黑心导游自称姓青，车尾号是564，行程时间7：30-10：30，实际登长城时间为1.5小时，昭陵0.5小时，其余时间全部被黑导忽悠“购物”和误导性消费。。。,,1,,unlabeled,ChnSentiCorp_htl_all,6833
HTL_S0334,HTL_R05748,晚上的骚扰电话，唉，不提了,服务员服务也一般，隔音比较差。,,2,,unlabeled,ChnSentiCorp_htl_all,5748
HTL_S0335,HTL_R03250,"普遍都感到满意,只是房内浴室有点漏水及水龙头水力不足roomno.",,2105,0,,unlabeled,ChnSentiCorp_htl_all,3250
HTL_S0336,HTL_R07431,我共住了五天；三天服务员进房间就是叠被子和补一次性酒店用品；地上都没有清洁过；我第一天掉的小纸屑到第三天连躺的位置都没换过；真可笑！,本人是在春节后2月27号入住的，该酒店很差；说是四星级，可是服务完全没有到位。,晚上很吵，开门声音很响；实在很差；建议大家都不要去住了。,1,,unlabeled,ChnSentiCorp_htl_all,7431
HTL_S0337,HTL_R07064,不明白其他朋友怎么给这么高分？,酒店没有提供饮食，旁边的永和超贵，没有什么好吃的。,,2,,unlabeled,ChnSentiCorp_htl_all,7064
HTL_S0338,HTL_R07599,淋浴头竟然自己掉了下来，后来修理好了。,,马桶一直堵。,0,,unlabeled,ChnSentiCorp_htl_all,7599
HTL_S0339,HTL_R06595,"简直不敢恭维什么,千万别住楼层高的房间,因为它11楼说的是茶楼,其实是KTV,晚上会吵得你半死!",,"免费注册网站导航宾馆索引服务说明关于携程诚聘英才代理合作广告业务联系我们Copyright1999-2008,ctrip.",0,,unlabeled,ChnSentiCorp_htl_all,6595
HTL_S0340,HTL_R03526,房间小小的，厕所的墙壁换成了磨砂玻璃，倒也显得比较通透。,到八一广场大约8元。,房间实在是有点小。,2,,unlabeled,ChnSentiCorp_htl_all,3526
HTL_S0341,HTL_R07413,酒店房间很大，但设施已经较为陈旧，同样是“豪华大床房”有些房间有“沙发”，有些房间无沙发，只有二把椅子。,入住的大河锦江饭店，据了解已经和上海的锦江集团脱离了合作关系。,,2,,unlabeled,ChnSentiCorp_htl_all,7413
HTL_S0342,HTL_R05716,实在不知道4星是怎么得来的，永远不会再去~！！,太差了是在没见过这样的4星级下车没有门童帮着拿行李房间没有冰箱没有小吧台没有保险柜洗手间的水是黄色的昨天晚上气温6度房间没有热风半夜被冻醒。,,1,,unlabeled,ChnSentiCorp_htl_all,5716
HTL_S0343,HTL_R01821,2月1日晚上，杭州下了一场少见的大雪，在这样一个大雪纷飞的晚上入住这个温暖的酒店，没有什么好抱怨的。,,2月2日早晨，到一楼餐厅用餐，偌大的落地玻璃窗外，花园内外一派银装素裹；餐后从园子里准备开车出行，两个年轻的保安热情地帮忙清理车上厚厚的积雪；开车在江南大道上，看见一队队的人民解放军战士在清扫马路，鲜艳的军旗在寒风中蓬勃飘扬……在这样一个冰天雪地的早晨，总有一些感动可以让我们感觉温暖在我们中国这个幅员辽阔、地大物博、人口众多的国度，让我们守望相助，拥抱和祥,0,,unlabeled,ChnSentiCorp_htl_all,1821
HTL_S0344,HTL_R04534,门口有条溪水，晚上枕着溪流声入睡，凉爽。,位置比较稍偏点，但是自驾的话，不是问题。,总之，虽然整体是2-3星的样子，但是套间的配置还是比较高的。,3,,unlabeled,ChnSentiCorp_htl_all,4534
HTL_S0345,HTL_R03094,不足之处：客房分散在各个小楼里，颇有不便。,总体感觉不错。,前台速度慢。,1,,unlabeled,ChnSentiCorp_htl_all,3094
HTL_S0346,HTL_R06454,路边有点吵，而且房子结构很不合理，窗户很小而且居然贴近地板.,,.,0,,unlabeled,ChnSentiCorp_htl_all,6454
HTL_S0347,HTL_R06878,如果有出行计划，一定要提前至少半小时结帐，前台结帐的速度真不敢恭维――我做了笔预授权完成竟然花了一个小时，只见收银员交头接耳嘀咕，好像是不怎么会用POS。,酒店房间真不怎么样，但位置不错。,,1,,unlabeled,ChnSentiCorp_htl_all,6878
HTL_S0348,HTL_R07458,上网的宽带不太稳定，同事入住的时候都会带一个CDMA上网卡。。,,,0,,unlabeled,ChnSentiCorp_htl_all,7458
HTL_S0349,HTL_R06699,"第一次到鞍山本来住五环,是五星的,没想到很差,完全没有五星的标准,房间又小又旧还很贵,还说新的VISTA系统不能上网，就改到假日去住,没想到一个四星的酒店也没有好到那去,服务差,房间还有蟑螂,地毯好脏,还有接结婚宴会，那是一个吵，真后悔住进去，原来这就是辽宁第三大城市，酒店的水平就是让消费者失望，希望快点有新的酒店进入鞍山。",,,0,,unlabeled,ChnSentiCorp_htl_all,6699
HTL_S0350,HTL_R04070,离傅家庄公园非常近，早上去的时候正好赶上涨潮，捡了好多海带回来，味道还真是不错。,酒店环境还不错，因为以前住过的原因感觉很亲切。,建议打车到燕窝岭再徒步到老虎滩沿途风光非常美！,2,,unlabeled,ChnSentiCorp_htl_all,4070
HTL_S0351,HTL_R05522,房间很小，装修太差，电线全部裸露在外面，脏，不是一般的脏,,,0,,unlabeled,ChnSentiCorp_htl_all,5522
HTL_S0352,HTL_R05368,5月1日入住，其他地方没房间，定了锦地星座的特惠标准间，checkin的时候被告知升级到高级标准间，心里一阵暗喜，没想到经过一段乱糟糟的路（好像是厨房的外面）后，到了1号楼，进了房间更加失望，床小不说，还什么都没有，设施陈旧，马路上汽车的噪音更是让人难以忍受，洗个澡水流一地，哎，下次还不如去住个连锁商务酒店，同等的条件价钱最多只有2/3。,,,0,,unlabeled,ChnSentiCorp_htl_all,5368
HTL_S0353,HTL_R02553,"由于到店时间为凌晨1:00多，因此,估计房间比我预定的要升一个档次，很宽敞。",,而且早上可以看到外面的景色及鸟的叫声。,0,,unlabeled,ChnSentiCorp_htl_all,2553
HTL_S0354,HTL_R04883,总算可以免费上网了～经过3年的营运，价格在不断攀升，硬件多少在退化，服务还是一如既往。,,呵呵，从性价比角度看有待商榷喽.,0,,unlabeled,ChnSentiCorp_htl_all,4883
HTL_S0355,HTL_R02187,观景大床房的床非常硬，不是很舒服。,缺点：1.,2.,12,,unlabeled,ChnSentiCorp_htl_all,2187
HTL_S0356,HTL_R05348,前台服务超差，基本的笑容都没有，看都不看你，连招待所都不如，很明显四星级的牌子是买回来的。,,房间装修也很一般，幸亏价钱还不算很高，但这样的服务就算高了。,0,,unlabeled,ChnSentiCorp_htl_all,5348
HTL_S0357,HTL_R07043,地板上翘，壁纸损坏有霉点。,"17号楼环境非常差,离前台距离远,拖着沉重的行李,无服务员帮忙,路过肮胀的锅炉房,爬上了没有电梯的房间;27号楼窗外的风景是锅炉房;37号楼房子里有霉味;47号楼浴室非常简陋,跟花几十块钱的招待所的浴室一样;5早餐无论多大的孩子都要求交费；67号楼房子及家具非常陈旧。",补充点评2008年8月5日：幸好只住了一天就去华客，感觉好象从地狱到了天堂。,2,,unlabeled,ChnSentiCorp_htl_all,7043
HTL_S0358,HTL_R07456,朋友是晚上11：30左右到达的，此时的柜台服务只有1人，连服务生整个大堂只有3个人，因为年纪比较大，本来行李想让服务生帮忙，招手示意后他们竟然不理睬并且跑开。,非常不愉快的入住。,checkin的时候连刷两张信用卡竟然说信用卡不能用，很莫名其妙。,1,,unlabeled,ChnSentiCorp_htl_all,7456
HTL_S0359,HTL_R07102,那怕只是湿了好几页的边。,你就不好意思了。,你都要赔偿20元！,10,,unlabeled,ChnSentiCorp_htl_all,7102
HTL_S0360,HTL_R07565,晚上12点下到大堂去续房，居然看见一只大老鼠穿堂而过,房间小，很旧。,,1,,unlabeled,ChnSentiCorp_htl_all,7565
HTL_S0361,HTL_R04872,算是当地最好的酒店了如果是第一次去的话，可能会发现不太好找,性价比还不错。。。,,1,,unlabeled,ChnSentiCorp_htl_all,4872
HTL_S0362,HTL_R04001,"4月21号和老公入住的名人,地理位置不错,到哪里打车都还方便,住在31楼",,,0,,unlabeled,ChnSentiCorp_htl_all,4001
HTL_S0363,HTL_R03270,如果你不接会一直打到晚上12点！！,补充点评2007年11月30日：有电话骚扰。,,2,,unlabeled,ChnSentiCorp_htl_all,3270
HTL_S0364,HTL_R07728,晚上准备洗澡居然有一群男人拿着房卡直接开门进来，说这个房间是他的，行李还在里面。,本人在江苏入住最差的一个宾馆。,我是下午入住的，房间里面没有任何东西。,1,,unlabeled,ChnSentiCorp_htl_all,7728
HTL_S0365,HTL_R02233,服务态度很好，当晚中央空调没有开，挺凉的，还好订的标准间，盖了两个被子；早餐可吃的不是太多，价格太贵。,,,0,,unlabeled,ChnSentiCorp_htl_all,2233
HTL_S0366,HTL_R02792,因为我飞机晚上9点半到，酒店人员说是打电话给我，因为手机没开，结果房间没给我预定。,旁边一家酒店更差（当然不是携程指定的），不敢盖被子，凌晨冻醒了，居然找不到被子。,在旁边的一家住了一宿。,5,,unlabeled,ChnSentiCorp_htl_all,2792
HTL_S0367,HTL_R04040,上星期住，地理位置方面。,,夜市近在一分之步程。,0,,unlabeled,ChnSentiCorp_htl_all,4040
HTL_S0368,HTL_R00537,"宾馆反馈2008年1月14日：感谢您对我们服务的认可,其他方面我们也会努力.","服务尚可,房间大小适中,但被服及设施颇为陈旧.",欢迎您再次光临!,1,,unlabeled,ChnSentiCorp_htl_all,537
HTL_S0369,HTL_R06512,入住两个晚上（5/30-6/1日），第一晚上被蚊子咬的无法睡觉，5月31日找前台换房间，既然还告诉我这房间是他们最好的，就是有点蚊子而已；离店时还无法提供发票，说是税务部门还没有批发票给他们（税务部门没批也可以营业吗？）。,,整体服务实在让人难以接受。,0,,unlabeled,ChnSentiCorp_htl_all,6512
HTL_S0370,HTL_R00349,还有，早餐是88元的，好象是偏高了，并不值。,就是住宿停车要收费的，虽然收费不高，但是感觉别扭，这个好象是金华宾馆的通病。,,2,,unlabeled,ChnSentiCorp_htl_all,349
HTL_S0371,HTL_R00456,"总体来说还不错，就是卫生间设施差了点,要什么没什么.",,还有就是办理会员卡好象要价太贵了.,0,,unlabeled,ChnSentiCorp_htl_all,456
HTL_S0372,HTL_R02155,"但位置比较偏,晚上开车进出很不方便.","酒店的环境不错,正对水库,风景很好.","酒店设施与其它山区酒店一样,比较潮湿,房间也很小,但总算还干净.",1,,unlabeled,ChnSentiCorp_htl_all,2155
HTL_S0373,HTL_R04279,商务房似乎重新装修了，还不错。,,自助早餐比以前丰盛多了。。。,0,,unlabeled,ChnSentiCorp_htl_all,4279
HTL_S0374,HTL_R05618,再说我们是刷卡消费，就算是1分钱我们也可以付的。,我就觉得奇怪了，就算是四舍五入也不应该进位的。,在我们的争辩下她才说那好吧收你224.4元。,7,,unlabeled,ChnSentiCorp_htl_all,5618
HTL_S0375,HTL_R01079,总体感觉还可以，就是觉得性价比不是很高！,,如果价格可以再低点就不错了。,0,,unlabeled,ChnSentiCorp_htl_all,1079
HTL_S0376,HTL_R02809,旁边的新开元酒店的饭菜不错，很好的一个去处。,另外床头灯不可调节。,下次定个豪华间也许待遇会好些。,2,,unlabeled,ChnSentiCorp_htl_all,2809
HTL_S0377,HTL_R05023,我们下午到了先小睡一下，然后游泳，然后洗澡，在酒店吃饭，晚饭后就逛到龙头路，然后再慢慢从海边踱回酒店，一早起来在海边散步再游泳，觉的那怎一个安逸。,酒店离龙头商圈较远（步行15分钟吧），但离日光岩和菽庄花园很近，所以酒店周围算是安静型的环境。,这里绝对是我下次来鼓浪屿住的不二只选。,9,,unlabeled,ChnSentiCorp_htl_all,5023
HTL_S0378,HTL_R02096,一半的时间在酒店度过的工作性质，比较挑剔的性格：服务好！,,,0,,unlabeled,ChnSentiCorp_htl_all,2096
HTL_S0379,HTL_R05434,不像个三星级酒店，到达楼层后，一眼望过去尽是脏兮兮的而且开裂的墙纸，房间的设备很陈旧，卫生条件太差，毛巾、马桶颜色都已泛黄，淋浴水太小，就像进了招待所.,,.,0,,unlabeled,ChnSentiCorp_htl_all,5434
HTL_S0380,HTL_R07157,"所以你要准备好拖鞋不能在住店期间搞湿弄脏,这意味着收费!",收拖鞋费用实在对不起这么性价比不高的房费!,可能酒店会理直气壮地给你环保的理由!,4,,unlabeled,ChnSentiCorp_htl_all,7157
HTL_S0381,HTL_R06722,"我在台前排理退房,居然有其他房客直接到台不遵守前後次序,而台人依然所直接理插房客退房手,完全排秩序先後!",,真令我!,0,,unlabeled,ChnSentiCorp_htl_all,6722
HTL_S0382,HTL_R07260,"对您提出的问题,酒店非常重视,已经加强了员工的专业培训.",感谢您入住成都新良大酒店!,"同时酒店也为您在入住期间带来的种种不便表示歉意,酒店诚恳的邀请您再次下榻酒店,感谢赐教!",6,,unlabeled,ChnSentiCorp_htl_all,7260
HTL_S0383,HTL_R06232,从小事看不像四星级酒店：车到门口，门童似看不见，自顾自聊天说话，连啦一下门也没有，早餐品种很少，房间的设施不如三星。,,但这酒店在黟县算是最好的了，想住的话只能将就了,0,,unlabeled,ChnSentiCorp_htl_all,6232
HTL_S0384,HTL_R00295,"而且房间相当干净,也没有什么卫生死角.","很喜欢它的木板地面,不像地毯,没有异味.","服务态度也很好,大堂很舒适.",2,,unlabeled,ChnSentiCorp_htl_all,295
HTL_S0385,HTL_R06396,酒店大堂达不到四星，房间一般，也达不到四星标准，服务员没有礼貌。,,,0,,unlabeled,ChnSentiCorp_htl_all,6396
HTL_S0386,HTL_R07005,第一次来，主要是贪便宜，然后因为事多就没去找其它酒店了，住着住着也就习惯了，服务员都会跟你打招呼，前台服务员有的好有的差，好的还不错，差的就没话说了，住的单人房，窗户关不紧，说是出了事有摄像头，地毯脏的不行，气味严重，前台在六楼，不太方便，早餐不要提了，没法吃，中餐晚餐不提供。,,每晚都有骚扰电话，决不会没有。,0,,unlabeled,ChnSentiCorp_htl_all,7005
HTL_S0387,HTL_R00186,"但是餐厅的营业时间(尤其是中餐厅)有些不便,中午二点半到已经没有午餐了.","交通方便,去南京步行街是上选.","要知道,这家的中餐是小有名气的.",1,,unlabeled,ChnSentiCorp_htl_all,186
HTL_S0388,HTL_R02305,"住的行政大床房,虽然在义乌这个房价有点高,但我觉得值得推荐,服务都不错的",,,0,,unlabeled,ChnSentiCorp_htl_all,2305
HTL_S0389,HTL_R06919,豪华大床房房间大小一般，墙壁看起来很不舒服，都有掉落的斑驳痕迹，其他一般，在所有住过的经济型酒店里算差，比火车站那家168要差。,,另外对酒店的服务水准非常有质疑，当天入住时，身份证给予登记后竟然没有还给我，而且当时前台就发现了，可以她一没有主动送还到我房间，二连电话通知我一下都没有，顺手夹在了他们的工作板里，想当然的认为第二天的前台在我退房时会将其交换，可是第二天退房时并没有退还，直到当天下午我在庐山的宾馆要登记时，才发现身份证遍寻不着，心里琢磨只有可能遗忘在了该酒店，电话过去前台找了半天，终于发现。,0,,unlabeled,ChnSentiCorp_htl_all,6919
HTL_S0390,HTL_R02192,吃饭也是比较头痛的问题，附近没找到什么吃饭的地方。,第一天吃饭是自己走出去的，第二天去机场提早了半小时让服务台叫车，结果等了半小时也没来，差点误机。,另外建议去泸州的朋友，如果是晚上到泸州，又是只身一人，最好是坐机场大巴到市区，比的士要安全些。,5,,unlabeled,ChnSentiCorp_htl_all,2192
HTL_S0391,HTL_R07443,"这家酒店太让我失望了,房间小的简直不能再小了而且服务态度一般除了天台泳池还可以以外,还不如住海景酒店离天后车站又近价钱又便宜,下次去香港我肯定不住这家",,,0,,unlabeled,ChnSentiCorp_htl_all,7443
HTL_S0392,HTL_R02159,这个酒店给我的感觉非常好，服务可以和5星级酒店媲美了！,,满意！,0,,unlabeled,ChnSentiCorp_htl_all,2159
HTL_S0393,HTL_R05777,酒店设施、环境很差，很不舒适，非常不满意！,,,0,,unlabeled,ChnSentiCorp_htl_all,5777
HTL_S0394,HTL_R04108,美中不足的是店门太小，不够气派。,到底是国际品牌酒店，服务很好。,,1,,unlabeled,ChnSentiCorp_htl_all,4108
HTL_S0395,HTL_R05885,"一般一般,以后肯定不会再住这里了，服务一般",,,0,,unlabeled,ChnSentiCorp_htl_all,5885
HTL_S0396,HTL_R02315,携程送的礼物也非常好，住店期间可以免费享用酒店个健身和游泳池。,我刚坐下，前台服务人员就过来讲，房间已经打扫完毕，我可以去房间了。,游泳池非常标准，水质不错，还没几个人玩。,3,,unlabeled,ChnSentiCorp_htl_all,2315
HTL_S0397,HTL_R02718,开发区里首屈一指的酒店，设施、服务都不错。,,淋浴房够大，但淋浴用品却在浴缸旁边，摆布不是十分合理。,0,,unlabeled,ChnSentiCorp_htl_all,2718
HTL_S0398,HTL_R02349,"在市中心,离观前街很近,房间比较小,很干净,庭院式的,比较雅致,如果是去工业园区,不建议住这里.",,,0,,unlabeled,ChnSentiCorp_htl_all,2349
HTL_S0399,HTL_R03418,"象我的就浪费了,最好能问一下客人.","有一个小问题:办入住手续时送咖啡,但其实并不是每人都喝的.",,6,,unlabeled,ChnSentiCorp_htl_all,3418
HTL_S0400,HTL_R07149,空调也不开，关上窗屋内的气味让人头晕，开窗基本被吵的睡不着而且早餐非常差，简直就是没东西吃。,酒店比较旧，靠近机场，能听到很大的噪音。,,1,,unlabeled,ChnSentiCorp_htl_all,7149
HTL_S0401,HTL_R04679,本人于3月29日入住自己住一房一的朋友住房一依算不房很大缺是停再就是水器置在室然有制排是有煤味道清程度很好一有免咖啡真的不下次我是考住,,,0,,unlabeled,ChnSentiCorp_htl_all,4679
HTL_S0402,HTL_R07349,现在是淡季也敢要这个价格，真是穷疯了。,总而言之，很烂的酒店。,可能这个酒店主要针对包月客户，其他散客逮住一个黑一个，建议大家不要去这个烂酒店。,26,,unlabeled,ChnSentiCorp_htl_all,7349
HTL_S0403,HTL_R07361,"一个我来了就不想再来的城市,第一天入住金轮宾馆,一肚子不满意,再一次要求携程整一个好点的,一样是四星级宾馆,西兰国际大酒店堪称兰州以及中国之最,最差的四星级非他莫属.",.,.,3,,unlabeled,ChnSentiCorp_htl_all,7361
HTL_S0404,HTL_R07683,价格还可以，位置也不错，就是房间装修太旧了，也不干净，还有异味！,,,0,,unlabeled,ChnSentiCorp_htl_all,7683
HTL_S0405,HTL_R07725,床很大，但被单不是太舒服。,最吃惊的是案头上放了文房四宝，差点动了留下到此一游的墨宝的念头，最后还是罢了。,景观餐厅东西太贵，强烈不推荐。,2,,unlabeled,ChnSentiCorp_htl_all,7725
HTL_S0406,HTL_R06836,我们第三天在威海的四星酒店早餐，比这里好些，收28元每位。,至于次日68元一份的早餐，五星收费，三星标准。,概况地说：酒店交通不便，服务一般，装修较新较时尚，如果房价在三百以下，客人又不需要去市区的，还是可以入住的。,19,,unlabeled,ChnSentiCorp_htl_all,6836
HTL_S0407,HTL_R06835,携城的钻石客户你算老几?,"三星期前因行程变更要求调整入住日期,但被告知不能更改及取消,但携城的网站根本没有此""霸王条款"",本人同酒店的销售部及携城的客服(付姓主管)长途电话沟通了好几次,但他们态度蛮横.","在这里请大家小心,不要用信用卡担保.",4,,unlabeled,ChnSentiCorp_htl_all,6835
HTL_S0408,HTL_R03146,由于天气预报的不确定性，预定过程中更改了几次时间，都顺利完成。,,前台服务态度非常好。,0,,unlabeled,ChnSentiCorp_htl_all,3146
HTL_S0409,HTL_R03145,酒店环境不错，可房间一般。,,预订时一直强调要视野好一些的，结果因先前入住的客人过了入住时间还没退房，给了个比较差的房。,0,,unlabeled,ChnSentiCorp_htl_all,3145
HTL_S0410,HTL_R07705,网上看前一位老兄的评价订的房，12号只住一晚。,,刚到的时候的确很热情，安排司机去车站接我们。,0,,unlabeled,ChnSentiCorp_htl_all,7705
HTL_S0411,HTL_R06624,"他支支吾吾说不清楚,说多了冰箱和保险柜。。。","感觉是前台戴眼镜的男服务员故意搞鬼,于是下去质问他""商务""与非商务的区别.",我狂骂，冰箱是有，可是空空无物！,4,,unlabeled,ChnSentiCorp_htl_all,6624
HTL_S0412,HTL_R05599,3、交通也很方便4、小区里也相对比较安静缺点：1、服务很差，服务员特少，服务响应特慢2、房间的卫生很差，临入睡前我们才发现枕巾、床单、被套都没有换过，脏死了。,2、酒店周围有很多吃的，吃饭很方便。,卫生间里的毛巾也不太干净，也很旧了。,3,,unlabeled,ChnSentiCorp_htl_all,5599
HTL_S0413,HTL_R01623,这是一家古色古香的酒店，挺有特色的，尤其是回廊里的鱼很多，孩子喜欢，酒店本周的环境很好，服务也不错。,,只是离碧海金沙远了点。,0,,unlabeled,ChnSentiCorp_htl_all,1623
HTL_S0414,HTL_R07483,入住请考虑这些方面因素.,出门叫出租车也不方便.,"客房里的茶叶不是免费的,是要收钱啦,也要注意.",3,,unlabeled,ChnSentiCorp_htl_all,7483
HTL_S0415,HTL_R06237,特价房环境非常不好，只有一扇非常小的气窗通向宾馆过道，有点象住在地下室的感觉。,,房间下水道还往上翻难闻的臭气。,0,,unlabeled,ChnSentiCorp_htl_all,6237
HTL_S0416,HTL_R04894,没办法最后只要能用GPRS上网。,就是无线网络信号太弱，经常短线。,非周末时间居住，感觉整个风景区被我一家人包了似的。,4,,unlabeled,ChnSentiCorp_htl_all,4894
HTL_S0417,HTL_R02477,"房间很干净,也比较大,周围环境不错,是比较理想的商务酒店",,,0,,unlabeled,ChnSentiCorp_htl_all,2477
HTL_S0418,HTL_R03813,酒店内部设施不错，但可惜是游泳池一定要戴泳帽才能去，没有的话是３５元一顶，我们一大帮人不想为了游一下泳就给宰，只好望池兴叹了，酒店的人说是规矩，难道戴泳帽就能保证卫生了吗，那也是，少人游了就能保持泳池卫生了呀．,,,0,,unlabeled,ChnSentiCorp_htl_all,3813
HTL_S0419,HTL_R03947,现在去无锡经常入住这家酒店，环境不错，因为不是太湖风景区，所以自驾车的朋友比较合适。,,不过，送餐服务的品种似乎减少了，也不过只有两三个品种，建议酒店改进一下，酒吧的感觉不错，还可以打桌球，感觉比较的轻松宾馆反馈2008年7月30日：非常感谢阁下给我们酒店提出的宝贵意见，送餐问题已向酒店餐饮部经理反映了，如果您有好的送餐品种建议，下次也可直接与我们销售部联系，（分机8708）届时会有小礼物赠送哦！！,0,,unlabeled,ChnSentiCorp_htl_all,3947
HTL_S0420,HTL_R05092,我们十分感谢您提出的宝贵意见，希望您下次有机会能再次入住我们酒店。,目前酒店已制订了一系列的相关措施，以保证旺季能及时安排清晨到店客人的入住。,,5,,unlabeled,ChnSentiCorp_htl_all,5092
HTL_S0421,HTL_R04399,"由于假日又要收早餐费又要收宽带费,所以选了这个酒店,感觉还是可以的",,,0,,unlabeled,ChnSentiCorp_htl_all,4399
HTL_S0422,HTL_R07232,到9点半的早餐，我9点钟过去，饭已经没有，菜到我吃饭早餐也不见再供应，就看见服务员拿几个馒头应付一下。,对于酒店的感觉：走廊破的像招待所。,与餐厅一位煎蛋的先生沟通，其曰早餐9点半结束，我说好像还没有到9点半吧。,2,,unlabeled,ChnSentiCorp_htl_all,7232
HTL_S0423,HTL_R02282,"我与大堂经理商量是否可以把退房时间延迟到下午2点钟,他一口就答应了.",酒店员工对客人很友好.,,3,,unlabeled,ChnSentiCorp_htl_all,2282
HTL_S0424,HTL_R00005,总的来说，这样的酒店配这样的价格还算可以，希望他赶快装修，给我的客人留些好的印象,,,0,,unlabeled,ChnSentiCorp_htl_all,5
HTL_S0425,HTL_R07350,感觉不好，房间太旧而房价太贵，早餐也很差！,,,0,,unlabeled,ChnSentiCorp_htl_all,7350
HTL_S0426,HTL_R06435,这次的感觉一点也不好，定了一天房，因为有事情，下午四点退了房间，居然收了一天房钱，前台服务十分不好，那个男服务生没有水平，希望如家可以过问一下。,,,0,,unlabeled,ChnSentiCorp_htl_all,6435
HTL_S0427,HTL_R01759,388的房间比以前住过的420的商务房要小一些，环境真的很好，山庄的顶楼观看三台山的风景很惬意，附近有于谦祠，比较幽静，清明节那天入住的客人很多，但是晚上去地下一层的足浴中心却一个人也没有，山庄内的体检项目也很少有人去光顾，大概以单位接待为主。,,,0,,unlabeled,ChnSentiCorp_htl_all,1759
HTL_S0428,HTL_R02223,很好．非常干净．是新装修的．服务不错．早餐也很好．对了，被子很厚但非常松软．哈哈满意,,,0,,unlabeled,ChnSentiCorp_htl_all,2223
HTL_S0429,HTL_R06008,"我们非常地抱歉在您入住本酒店期间给您带来的不便,对于您提出空调响的问题,我们酒店管理层非常重视,马上找专业人员改善空调的问题，今后我们将不断改进我们的不足,为您及所有宾客提供更优质服务,再次感谢您,并期待您的下次光临,谢谢!",宾馆反馈2008年7月15日：尊贵的客人，谢谢您对本酒店提出宝贵的意见。,,3,,unlabeled,ChnSentiCorp_htl_all,6008
HTL_S0430,HTL_R07243,到了门口，狗来了要我坐酒店的车去机场，从150讲到80元，我告诉他，别人的我坐，你介绍的我就不坐。。。,离开时，前台服务员的态度也不好。,,5,,unlabeled,ChnSentiCorp_htl_all,7243
HTL_S0431,HTL_R02294,电视、地毯、大床等等我的客人见了都感觉很好,房间很好，我的客人很满意。,,1,,unlabeled,ChnSentiCorp_htl_all,2294
HTL_S0432,HTL_R05061,去瑞安一直住“国际”，因为“国际”不管是硬件还是软件都是当地最好的酒店。,,无烟楼层特别安静，大床房很舒服，晚上睡得很好，就是下午楼上在装修有点炒。,0,,unlabeled,ChnSentiCorp_htl_all,5061
HTL_S0433,HTL_R01113,"外面不太起眼,里边装修尚可.",,"住的是塌塌米式,比较新奇.",0,,unlabeled,ChnSentiCorp_htl_all,1113
HTL_S0434,HTL_R07312,价格高，环境差，服务一般,该酒店达不到五星水准。,,1,,unlabeled,ChnSentiCorp_htl_all,7312
HTL_S0435,HTL_R04742,综上所述，酒店虽然总体还是不错的，但有些方面还是应该注意自己的细节。,其三，所谓这样的高级酒店，中餐厅的味道还算不错的，虽然价格高些，但好在品质还是有保证，但早餐实在令人觉得差距太夸张，和酒店的服务天壤之别，不但味道有待好好改善，添菜的速度也应该好好管理一下了，虽然早上人多，菜吃的快，但我看到的几乎都是空盘，况且早餐时间是7.00-9.30，我8点多久已经这样的情况，那9点去的客人岂不是看空盘子吃饭了。,如果从我个人来说，如果再去恐龙园，也不愿意再入住你们的酒店的。,4,,unlabeled,ChnSentiCorp_htl_all,4742
HTL_S0436,HTL_R02433,只是卫生间的淋浴用的不太习惯~,"服务很好,窗在路边也不会吵,很舒服.",,1,,unlabeled,ChnSentiCorp_htl_all,2433
HTL_S0437,HTL_R05679,"被子有一股怪味,洗手间地板不整洁,电视没有国际台,半夜还接到按摩小姐的电话.","完全达不到四星标准,前台小姐臭着一张脸,南楼的服务小姐还是瞒热情的.",唯一觉得还可以的是中餐厅的菜还可以.,1,,unlabeled,ChnSentiCorp_htl_all,5679
HTL_S0438,HTL_R05417,我出差本来住挺长时间，不过在这家酒店住了2天，赶快抽空在市内找了另外一家酒店。,我入住的时候，在携程上定房价格是320，但是入住第二天发现携程上这家酒店的价格降到了300元，和前台商量，居然不肯给我降价。,不但价格便宜很多，网速也快，而且房屋干净漂亮多了。,4,,unlabeled,ChnSentiCorp_htl_all,5417
HTL_S0439,HTL_R05973,唯一称赞的是地理位置，附近吃的喝的倒是有很多。,古老的毛毯啊，已经十年没见过乐。,,4,,unlabeled,ChnSentiCorp_htl_all,5973
HTL_S0440,HTL_R07735,所谓的可供上网的台子小的快连笔记本电脑都放不下了。,1、房间太小，小的有点过份。,我在搞电脑时，差点摔破酒店的杯子。,1,,unlabeled,ChnSentiCorp_htl_all,7735
HTL_S0441,HTL_R01739,1早餐比较单调2停车不方便，而且每次进出都要刷个卡，比较麻烦,有几个问题还有待改进。,,2,,unlabeled,ChnSentiCorp_htl_all,1739
HTL_S0442,HTL_R06001,瀑布寒……从来没见过这么方便的，要是小偷，哈哈，肯定笑死了。,她居然连我名字都没问直接开门让我进去了。,我电脑psp什么的还在房间，丢了都不知道找谁哭去,4,,unlabeled,ChnSentiCorp_htl_all,6001
HTL_S0443,HTL_R05119,朋友推荐的酒店，位置不错，交通很方便，酒店的服务也很贴心，入住时前台适时地送上一杯冰柠檬茶，让人感受到酒店的细心服务，夏日的夜晚坐在露天啤酒花园喝着啤酒，与朋友畅谈很是惬意。,,,0,,unlabeled,ChnSentiCorp_htl_all,5119
HTL_S0444,HTL_R06953,"可能生意太好的原因,让来的人觉得爱住不住.",但都没问我是否需要入住.,终于有人为我办理了入住.,3,,unlabeled,ChnSentiCorp_htl_all,6953
HTL_S0445,HTL_R06088,之后，我们在电视机上找到了遥控器。,大妈进门溜达了一圈，冒出一句：“好像501就是没有遥控器”。,这样的服务员、这样的服务，真是给敦煌摸黑啊！！,8,,unlabeled,ChnSentiCorp_htl_all,6088
HTL_S0446,HTL_R02289,"宾馆反馈2008年5月7日：尊敬的宾客,感谢您的点评.","还有一个小饭店,有杭州本地菜肴.","酒店距离西湖200米,步行大约5分钟,欢迎您能再次光临!",4,,unlabeled,ChnSentiCorp_htl_all,2289
HTL_S0447,HTL_R01917,只可惜门口的道路成了单行线，有点不便。,硬软件都相当好，房间环境优雅，服务温馨体贴，早餐也很丰盛。,但性价比绝对高，下次去沈阳，我仍会坚定不移地选择这家酒店入住！！,1,,unlabeled,ChnSentiCorp_htl_all,1917
HTL_S0448,HTL_R01852,我们希望每一位来杭州的客人都能欣赏到最美丽的风景，享受到最一流的服务，来到杭州就如回家般温暖！,您能在杭州旅游生活愉快，也是我们的快乐！,,2,,unlabeled,ChnSentiCorp_htl_all,1852
HTL_S0449,HTL_R06765,携程对该酒店的描述不清楚，实在是糟糕透顶！,2.,,6,,unlabeled,ChnSentiCorp_htl_all,6765
HTL_S0450,HTL_R07088,这时，我终于明白所谓的“如家”，就是“如住在别人的家”，亦即是寄人篱下，要入“家”随俗，一般正常的生活习惯在这里不适宜。,当值经理也忍不住笑起来。,但我的问题是：既然这所“如家”有如此奇异的规矩，为什么不把它列在住店的规则里呢？,15,,unlabeled,ChnSentiCorp_htl_all,7088
HTL_S0451,HTL_R01021,酒店的硬件和软件设施都可以．交通也方便．二楼的餐厅挺好吃的，不过价格不便宜．早餐也还还可以．,,,0,,unlabeled,ChnSentiCorp_htl_all,1021
HTL_S0452,HTL_R03806,不满意的一点是对携程预订的，喜欢安排在位置不太好的房间，这好像已成许多宾馆的通病了^o^，携程的公关部门需要加强。,环境很好，早餐也不错，服务一般般，房间设施一般般。,,1,,unlabeled,ChnSentiCorp_htl_all,3806
HTL_S0453,HTL_R06115,床垫弹簧很明显的能感觉到，房间没有大顶灯只靠2个昏暗的床头灯照明，饮水壶和茶杯都放在卫生间里很是让人不舒服，茶杯里的茶垢也不知道是哪天留下的，浴巾很旧颜色看上去都不忍目睹，第二天退房时告诉我房间3个枕套及床单上有污物，和服务员一起重回房间他们拉开了房间的窗帘，这才看到枕套和床单上那些黑色的斑斑点点将我恶心到死。,高级大床房没看到一点高级的地方。,竟然说是我们弄的，晚上入住的时候没有顶灯根本看不清楚房间状况，白天这一看全是起鸡皮疙瘩，还说是我们弄脏的要赔偿，我反问他们你们收拾房间也看到了，我在房间里留下的垃圾中是否有能够造成这种污染的物品，他们也没法回答了。,1,,unlabeled,ChnSentiCorp_htl_all,6115
HTL_S0454,HTL_R01178,９８年这家酒店开业时住过，感觉很好，今年去青岛还是选择了住在这里．１０年过去了，虽然硬件略显陈旧但服务水平依旧让我感觉很满意．,,,0,,unlabeled,ChnSentiCorp_htl_all,1178
HTL_S0455,HTL_R02372,从2004年起每年都会入住或介绍朋友入住，在豪生管理---退出---又接收管理的过程中，明显有不同的感受。,,现在豪生重新管理酒店后在软件服务上有明显的进步，但硬件设施有待好好维护和改进！,0,,unlabeled,ChnSentiCorp_htl_all,2372
HTL_S0456,HTL_R04117,"环境真的是闹中取静,隔壁是个蛮大的夜总会,不过除此之外,在15分钟步行范围内,没有什么商业设施,晚上走在路上觉得空旷渺无人烟,当然花花草草还是很多的,是有个湖,不过湖景么.",樱花酒吧就不要去了.,.,6,,unlabeled,ChnSentiCorp_htl_all,4117
HTL_S0457,HTL_R03511,我的出差形成很简单：酒店---客户---下一家酒店，电脑都是放在皮箱里的。,唯一遗憾的我的笔记本充电器拉在了酒店，发现后打电话给酒店说没有发现有遗漏！,,3,,unlabeled,ChnSentiCorp_htl_all,3511
HTL_S0458,HTL_R06447,这个酒店那是相当的差，民宅改建的，里面的设备和家具多数不全，刷牙的杯子也是破的，电器有的是坏的，晚上前台开着门睡觉，基本保证不了安全，早餐就是花生米＋油条＋包子+稀饭一般，位置在高架下面，不过还算安静，就是周围吃饭和买东西不是特别方便，唯一的特点就是曲径通幽了,,,0,,unlabeled,ChnSentiCorp_htl_all,6447
HTL_S0459,HTL_R06222,可以说这个酒店唯一可能还尚可的是服务了。,9/11因出差住过，酒店太差了，最糟的是酒店环境，旁边没有一家商店或饭店，旁边是一个不运营的火车站，马路上都是灰，不时有驴车经过，从酒店内部装修看根本不是06年开业，至少开业也有10几年了，地毯其脏，卫生间没有独立淋浴房，只是用浴帘拉一下，洗澡水会蔓延到整个卫生间，毛巾也旧得不敢用，第一天的洗澡水很冷，大约水温30度都不足，同事的房间蟋蟀叫了两晚，房费中含的早餐更是差，总共品种大约只有六七个，粥里找不到几粒米，只能喝粥汤水，其余的东西都冷掉了（我们起得并不晚，是7：30吃的早饭），想吃个小馒头，又冷得硬梆梆的，我的另一个同事拿了个盘子兜了一圈又放回去了，真是差到不想吃。,,1,,unlabeled,ChnSentiCorp_htl_all,6222
HTL_S0460,HTL_R06392,请不要相信携程上的照片，三张照片中第三张房间内的与事实还比较相近，第一张不知是什么地方，度假村环境虽然尚可，但绝对没有照片中那么美；第二张，相信是国际会议中心贵宾楼而不是度假村。,,,0,,unlabeled,ChnSentiCorp_htl_all,6392
HTL_S0461,HTL_R07208,本来是订的3个晚上，住了2个晚上实在受不了了，我到贵阳的第一个晚上是住在锦江鲜花酒店，第二天委托携程帮我定3个晚上在瑞金酒店，电视比我11年前结婚的电视还破，服务员素质太差了，连基本的礼貌也没有，好象我上辈子欠她们什么一样；敲了一下门马上就开门，我还在房间里面呢，结帐的时候面无,,,0,,unlabeled,ChnSentiCorp_htl_all,7208
HTL_S0462,HTL_R06725,地理位置还可以，房间的隔音不好，如果隔壁在嘿咻，你就有的听了。,,,0,,unlabeled,ChnSentiCorp_htl_all,6725
HTL_S0463,HTL_R05324,下午睡了一觉并洗了一个澡，本来想让酒店再来打扫一下，所以，打开了，请打扫的服务灯，可是到晚上回酒店，发现打扫得服务灯被关掉了，而房间还是没有打扫过。,地理位置还不错，到哪里都比较方便，但是服务不象是豪生集团管理的，比较差。,,1,,unlabeled,ChnSentiCorp_htl_all,5324
HTL_S0464,HTL_R07309,不能兑现预订的酒店是全世界最差的酒店，譬如这家万里路国际青年酒店。,,补充点评2008年1月14日：订好了的，到了酒店说没房。,0,,unlabeled,ChnSentiCorp_htl_all,7309
HTL_S0465,HTL_R03952,呵呵，再次感谢您的支持，期待您的下次光临。,另有关色系方面我们酒店靠近豪华房的走道窗户边想做些装饰或调整，目前只有五楼作了些改造，三楼、四楼、六楼、七楼目前正在思考中，欢迎您能多给我们提点建议，一经采纳，将会获得我们的提供的神秘礼物哦，我们的家园希望能与您共建！,,6,,unlabeled,ChnSentiCorp_htl_all,3952
HTL_S0466,HTL_R02017,餐厅价格比外面高，但卫生好很多，质量也较高，有一个靓妹很养眼。,早餐不错，凉拌米粉特别好吃，小菜也好。,酒店位置好，闹中取静。,2,,unlabeled,ChnSentiCorp_htl_all,2017
HTL_S0467,HTL_R02298,堂堂一家准五星的前台工作人员，当着顾客的面大抠鼻屎，真是让人十分愤怒！,酒店员工的礼仪意识十分差！！,在办理入住手续的时候，四名前台人员随意嬉笑，接听手机，散漫无礼！,1,,unlabeled,ChnSentiCorp_htl_all,2298
HTL_S0468,HTL_R06143,出门打的不方便，旁边没有吃饭消费地方，要出去不少路。,网速也不快。,周边环境不好且人员素质很差。,2,,unlabeled,ChnSentiCorp_htl_all,6143
HTL_S0469,HTL_R00374,环境很好，花园很大，服务生态度也很好，距离机场很近很方便，不错，下次考虑再次入住,,,0,,unlabeled,ChnSentiCorp_htl_all,374
HTL_S0470,HTL_R01259,没有像其他人说的那些问题，不过最不能忍受的是房间的味道真的是难闻，应该是中水的味道吧，我几乎是天天开窗。,总体还可以，早餐很丰富，我一般吃过早饭连午饭都不用吃了。,,1,,unlabeled,ChnSentiCorp_htl_all,1259
HTL_S0471,HTL_R06127,不知这次还要等待多长时间--------------------,然而，当我收到银行的对账单时，我还是发现被扣款2次，我致电该酒店，答应查询后给予答复，至今未收到任何回复，后与银行方面联系，其中我多次与银行联系，银行终于在6月13日退回492元（估计银行与该店进行了N次交涉），6月25日左右，银行致电我讲退回492元，我核对后再次将此情况反映给银行，应该退回568元，再次讲了我没有签单的账单还是被扣款了，我在等待著银行交涉之后的结果。,,3,,unlabeled,ChnSentiCorp_htl_all,6127
HTL_S0472,HTL_R07184,"这决对是个黑心店,完全把河南人的丑陋特性全展现出来了.",,一个床单被我掉色的内衣染红了一点.,0,,unlabeled,ChnSentiCorp_htl_all,7184
HTL_S0473,HTL_R04112,酒店位置不错，近皇岗口岸，房间也还好，床比较舒适，就是有些小。,,,0,,unlabeled,ChnSentiCorp_htl_all,4112
HTL_S0474,HTL_R07756,"到半夜竟然没暖气,怎么住啊????!!!!!!!!!!",,,0,,unlabeled,ChnSentiCorp_htl_all,7756
HTL_S0475,HTL_R05405,只能说这变价高了，而且很老破破的样子，一点花园的感觉都没！,火车站附近佳丽4星，协议价298。,其余一般。,2,,unlabeled,ChnSentiCorp_htl_all,5405
HTL_S0476,HTL_R02928,服务很棒，价格也不高，周围的环境也很不错,,,0,,unlabeled,ChnSentiCorp_htl_all,2928
HTL_S0477,HTL_R01688,3，房间很好，而且客房服务很到位。,还好有个非常负责的门童，就在那里一个一个司机问，直到有一个司机愿意送我们去为止，让老婆感觉很感动。,我们是带了个5岁的女儿，他们看见了，就把我们的所有的洗漱用品等都增加到3份。,5,,unlabeled,ChnSentiCorp_htl_all,1688
HTL_S0478,HTL_R04134,我和同事同时入住488元的房间，但是房型明显不同，我住的房间面积很大，但是同事住的房间和凯莱商务酒店的房间一样，感觉酒店有点糊弄人。,,,0,,unlabeled,ChnSentiCorp_htl_all,4134
HTL_S0479,HTL_R03884,房间稍小，但整洁，卫生间也不错，小院很静。,8月底和女儿入住一晚，感觉不错，蛮亲切，一定要住三楼，在走廊上可远眺大半个古城，心旷神怡。,如果真正要享受古城的感觉，个人觉得它是个不错的选择。,1,,unlabeled,ChnSentiCorp_htl_all,3884
HTL_S0480,HTL_R02393,"酒店在五一假期前后开始降价促销,感觉不错.",,,0,,unlabeled,ChnSentiCorp_htl_all,2393
HTL_S0481,HTL_R05295,可是我订的商务大床房间隔音太差，隔壁房间电话声音、咳嗽声等清清楚楚，太没私密空间了。,相对价格而言，很不错。,,1,,unlabeled,ChnSentiCorp_htl_all,5295
HTL_S0482,HTL_R04751,觉得是许昌最好的酒店，性价比相当高房间大，整洁，硬件也不错服务相当的好自助早餐也不错离春秋广场很近，出去玩也方便,,,0,,unlabeled,ChnSentiCorp_htl_all,4751
HTL_S0483,HTL_R03113,房间的设施其实和豪华房是一样的，只不过因为3楼是夜总会，晚上有点吵，而且外面走廊的地毯有点脏。,再次入住该酒店，不过这次入住的是标准房，在4楼。,另外，早餐还是和上次入住一样，10点多一点就很多东西都没有啦，而且那天还是星期天。,1,,unlabeled,ChnSentiCorp_htl_all,3113
HTL_S0484,HTL_R06620,"这家酒店我一共住了3次,在这里不得不说说他的不好,因为位置离我要去的地方近,所以选择了这家酒店,但是,第一次住房间卫生太差,抱枕很脏,白床单上有一条很粗的毛发,我只好叫服务员重新打扫一遍.",,"第二次住,房间的热水基本不能使用,水温温的,打到身上有点冷,而且第二次住早上起来发现的桌子上的面包被谁动过,想着不会有老鼠吧，于是将而包丢掉了．第三次住，房间跑出一只大老鼠，吓死我了．叫服务员来看，一直来不了，后面告诉我房间有个鼠洞，今天又开了（意思是以前这间房也经常有老鼠的），导致我几天没心情，想想之有在这家酒店还住了三次，环境可想而知有多差，有多少细菌．建议所有的人都不要去了．",0,,unlabeled,ChnSentiCorp_htl_all,6620
HTL_S0485,HTL_R01240,"这个酒店我客人说还不错,我自己没住过，但他是很满意的",,,0,,unlabeled,ChnSentiCorp_htl_all,1240
HTL_S0486,HTL_R06618,差到一定程度了不如一个好的二星或没星的宾馆呢,,,0,,unlabeled,ChnSentiCorp_htl_all,6618
HTL_S0487,HTL_R01552,"不错的酒店,装修和风格都很好,是郑州最好的酒店了.",,"可惜没有时间好好住,因为是晚上到了都一点半了.",0,,unlabeled,ChnSentiCorp_htl_all,1552
HTL_S0488,HTL_R04377,设施较旧，但环境不错，价格还可以，没有早餐是件遗憾的事。,,,0,,unlabeled,ChnSentiCorp_htl_all,4377
HTL_S0489,HTL_R04172,周边环境不好，虽然在五环边上，但交通也不十分便捷，初次去，恐怕不太好找。,,不过酒店本身还不错，挺新的，停车也很方便。,0,,unlabeled,ChnSentiCorp_htl_all,4172
HTL_S0490,HTL_R07448,上次出差住的套房，以下几点感受：1，房间大；2，装修很一般；3，好像没有卫星电视节目，上了两晚上网；4，早餐极其一般，就餐环境像食堂；5，附近什么设施也没有；,,,0,,unlabeled,ChnSentiCorp_htl_all,7448
HTL_S0491,HTL_R01447,宾馆反馈2007年10月10日：首先我们感谢您对酒店提出宝贵意见。,"酒店当时的团体客户多,所以临近假日,感觉散户有点不被重视了.",酒店管理层非常重视客人的每一条意见和建议，总经理已敦促有关部门进行整改。,1,,unlabeled,ChnSentiCorp_htl_all,1447
HTL_S0492,HTL_R07083,千万不要相信酒店宣传的什么“环保”！！,,房间的味道非常重！,0,,unlabeled,ChnSentiCorp_htl_all,7083
HTL_S0493,HTL_R05436,实在一般，这样的酒店还要这个价钱，令人费解！,,,0,,unlabeled,ChnSentiCorp_htl_all,5436
HTL_S0494,HTL_R04383,竟然客房部敲门问什么时候可以打扫房间?,对于5星酒店得客户要求还是差的较远.,"每天基本都是,很无奈,只能离开酒店让他们打扫!",6,,unlabeled,ChnSentiCorp_htl_all,4383
HTL_S0495,HTL_R06728,确实不太像三星的，不知道信阳其他三星酒店怎么样。,,补充点评2008年3月13日：家具比较老旧，不太喜欢，而且空调也不太好。,0,,unlabeled,ChnSentiCorp_htl_all,6728
HTL_S0496,HTL_R03662,还不错，有水果送，房内有电脑，而且早餐还可以，房间比较大，水龙头旁有饮水龙头，基本还是很满意的,,,0,,unlabeled,ChnSentiCorp_htl_all,3662
HTL_S0497,HTL_R00578,环境交通都不错，房间也可以，下次还会再来,,,0,,unlabeled,ChnSentiCorp_htl_all,578
HTL_S0498,HTL_R03000,"观海木楼建筑别致,风景优美,环境幽静,绝佳的度假胜地,8628房间位置极好.",,"只是每天不是24小时热水供应,很不方便.",0,,unlabeled,ChnSentiCorp_htl_all,3000
HTL_S0499,HTL_R03725,对该酒店还是比较满意的不管在硬件设施还是软件设施上都是不错的和该酒店的星级还是满符合的,,,0,,unlabeled,ChnSentiCorp_htl_all,3725
HTL_S0500,HTL_R07161,那是什么破酒店，你们携程也对外推荐啊，那里面那个破。,,服务极差，我入驻708，房间门是用纸胡的，洗脸盆下水坏了了。,0,,unlabeled,ChnSentiCorp_htl_all,7161
HTL_S0501,HTL_R04018,入住手续较快，房间还不错，比较新，当然，隔音稍微差了点。,位置还可以，就是难找了点，在胡同里。,总体还好。,1,,unlabeled,ChnSentiCorp_htl_all,4018
HTL_S0502,HTL_R07353,想的这么周全，为什么不提供饮用水呢？,（2）房间内收费的物品非常多，拖鞋（有免费拖鞋），袜子，等等，还有会动的套套，盒子上的文字这么写的。,即使按平价收费，顾客也是情愿的。,4,,unlabeled,ChnSentiCorp_htl_all,7353
HTL_S0503,HTL_R04036,如果不想在神仙居景点玩2天以上，那还是应该选择近市区的酒店，否则过了5点以后就要坐出租车上山喽，嘿嘿！,,还有就是房间内有跳蚤，被咬了好几口。,0,,unlabeled,ChnSentiCorp_htl_all,4036
HTL_S0504,HTL_R02988,"地理位置很好,房间不错,早餐丰富,总体很满意.",,下次还会去住.,0,,unlabeled,ChnSentiCorp_htl_all,2988
HTL_S0505,HTL_R05972,"房间的味道很重,感觉脏西西的。",不是很好找.,估计是卫生人员不勤于打扫.,4,,unlabeled,ChnSentiCorp_htl_all,5972
HTL_S0506,HTL_R07367,太差了，空调的噪音很大，设施也不齐全，携程怎么会选择这样的合作伙伴,,,0,,unlabeled,ChnSentiCorp_htl_all,7367
HTL_S0507,HTL_R06469,然后想到室内游泳池游泳，又被告知游泳池在维修不开放，无奈之下只能顶着烈日外出游览，中午回酒店因太热实在没胃口，到中餐厅想要一碗面吃，结果被告知点心师傅下班了，只能吃炒菜，但这家的炒菜我前一天晚上已经领教过了，味道极差，海鲜里还满是泥沙，前一晚就为海鲜里的泥沙换了菜。,这是我入住这么多酒店以来最不满意的一次经历，入住的第二天早上股市开市时宽带坏了，请网管来修理，结果看了看以后说是光纤坏了，要上网的话自己带电脑到大堂吧上无线，为此股票晚抛半小时，盈利严重缩水。,回到房间宽带仍未修好，一怒之下找大堂经理投诉。,1,,unlabeled,ChnSentiCorp_htl_all,6469
HTL_S0508,HTL_R01482,"但是酒店的餐厅只接受现金,很不方便.","酒店的整体感觉一般,但是前台的小姐和先生很热情.",希望能把帐转入房间号中.,1,,unlabeled,ChnSentiCorp_htl_all,1482
HTL_S0509,HTL_R01373,"前台服务态度非常好,房间大小清洁也都不错退房当天早上才通知延至下午三点退房也ok.",,离万象城近有机会还是会入住.,0,,unlabeled,ChnSentiCorp_htl_all,1373
HTL_S0510,HTL_R04912,"只是有一点不太舒服的,就是前台的服",楼层的服务员态度非常好.,,8,,unlabeled,ChnSentiCorp_htl_all,4912
HTL_S0511,HTL_R06095,宽带倒是免费的，不过晚上有小姐电话骚扰、,早餐在前面的投资大厦一楼的咖啡厅吃，不方便，并且，早餐看似品种很多，只是看来看去，实在没有什么可以吃的。,,6,,unlabeled,ChnSentiCorp_htl_all,6095
HTL_S0512,HTL_R04929,服务很好，小姐总是面带微笑。,住的是行政楼层，行政酒廊的餐食很好。,房间很舒适。,1,,unlabeled,ChnSentiCorp_htl_all,4929
HTL_S0513,HTL_R06324,"而且装修很旧,只能讲究点","酒店的装修颜色实在比较恐怖,黄的,红的,橙色,真的很难看.",,1,,unlabeled,ChnSentiCorp_htl_all,6324
HTL_S0514,HTL_R04995,很好的四星级酒店，价格便宜，值得再住。,,房间热气足，只是标房的卫生间小了点，但也够用了。,0,,unlabeled,ChnSentiCorp_htl_all,4995
HTL_S0515,HTL_R06963,老板很热情，店里搞网络的小伙子服务也很周到，还是那位可爱纯朴的服务员“葫芦”。,这家的位置还不错，去景点比较方便。,但是设施实在是太差了，不知老板什么本事居然搞了牌三星，我看就是一个农家乐吧。,1,,unlabeled,ChnSentiCorp_htl_all,6963
HTL_S0516,HTL_R03289,"中午到酒店,大堂马上送上欢迎项链,冰毛巾,和非常好喝的饮料.",25-27通过携程订的豪华园景连住3晚.,"只是由于没有打扫完,让我们等了一个小时.",1,,unlabeled,ChnSentiCorp_htl_all,3289
HTL_S0517,HTL_R01172,可能住标准客房更实惠些。,只是看出去的白鹭洲公园景色一般。,,3,,unlabeled,ChnSentiCorp_htl_all,1172
HTL_S0518,HTL_R07284,甚至于因为这间房差点都不想再用携程的订房服务。,我于2008，01，15入住，房间消毒水味很浓，很冷，开了空调，盖两张床的被子还是没点暖意，其他设施皆破旧，绝不会再入住！,,1,,unlabeled,ChnSentiCorp_htl_all,7284
HTL_S0519,HTL_R01384,豪门对过生日的客人还是很不错的，有11朵玫瑰，还有一瓶圣彼得堡干红，那张有着很多工作人员签名的贺卡会让你觉得温馨。,,,0,,unlabeled,ChnSentiCorp_htl_all,1384
HTL_S0520,HTL_R03922,我于日前入住该酒店，因为去机车厂办事，所以应该是个最近的选择，酒店本身没什么可以说的，硬件较老了，但在我离开之后的一件事让我非常感动。,,当天我离开酒店后便回到上海，整理行李时发现遗忘了一根数据线在酒店，急忙电话联络总台，是一位张小姐接的电话，经过确认已被保管，便请张小姐帮忙寄回上海，2天后酒店还专门派人来电询问，令我非常感动。,0,,unlabeled,ChnSentiCorp_htl_all,3922
HTL_S0521,HTL_R04987,谢谢宾馆的总经理：吴佩英，送来代表宾馆的贺卡和祝福．总得来说服务还是不错的．补充点评2008年8月10日：我会推荐给我的朋友们的．,入住了三天，真的不错，早餐很丰富，中西都有，特别是很受我们大城市人的喜爱．六楼的中餐就差了点，海鲜不多，且价格还是高了点，但观景桌只有４个少了点，晚去就坐不到了．茶餐厅的小吃还是可以，人气也比较旺．客房１楼是完全没有阳台的，二楼以上每层也只有８个阳台，订房时还是最好问清楚．客房的颜色很浪漫．宾馆的地理位置是没话好说了，确实不错，靠海每间客房都能看到对岸的鼓浪屿，渡口就在对面，中山路就在边上．本人恰好有天生日，宾馆还是很人心化，送了个小小的生日蛋糕，身在他乡感觉还是有点惊喜！,,1,,unlabeled,ChnSentiCorp_htl_all,4987
HTL_S0522,HTL_R06840,"服务人员态度差,可能根本没有服务意识,特别是管餐厅的那个负责人(女的,MS是汉族的),我们吃早饭时因为导游未与酒店","卫生间里没有单独的淋浴间,正对着台盆的墙壁上装个花洒就是淋浴了,所以每次洗完澡整个卫生间都是湿漉漉的,感觉非常不好.",,2,,unlabeled,ChnSentiCorp_htl_all,6840
HTL_S0523,HTL_R06807,"我想出差在外的朋友们也不会碰到这类的事吧,然后打电话给客服,过了好久才来了个服务员,说来开冰箱,因为等了好久,一气之下,叫他把负责人叫来,又过好久才来,解释到因为今天有什么团体,要把房间消费的东西都拿走,我想我下午入住,住的时候还没拿走,晚上就锁了,我和老板3人一起开了3间房,就我被锁了,下面开房间的人是不是傻了啊,以后不打算去了,周围还有很多可以选择.",.,,4,,unlabeled,ChnSentiCorp_htl_all,6807
HTL_S0524,HTL_R01399,"房间很大很干净,服务也很好,五星里面算很便宜的.",,下次还会来的.,0,,unlabeled,ChnSentiCorp_htl_all,1399
HTL_S0525,HTL_R03054,方便之处在于可直接从酒店旁的小路进入东方绿舟园区，无需门票。,酒店位于东方绿舟边缘，环境优美，空气清新。,,1,,unlabeled,ChnSentiCorp_htl_all,3054
HTL_S0526,HTL_R00744,独立的淋浴房空间也很大。,很方便。,以后还会选择的,4,,unlabeled,ChnSentiCorp_htl_all,744
HTL_S0527,HTL_R03136,这个酒店相对来说还是很不错的，隔音效果很好，服务也不错，硬件设施也相对不错，值得推荐。,,,0,,unlabeled,ChnSentiCorp_htl_all,3136
HTL_S0528,HTL_R03992,就是房价太贵，三楼的餐厅也不错，价格也蛮贵的。,上次出差住了，主动免费升级了家庭套房，很不错，就是电脑太慢，系统也很老，不好使，有室外游泳池，不错的，出脚也方便，走几分钟路程就到狮子桥美食街，地铁站也很方便！,,1,,unlabeled,ChnSentiCorp_htl_all,3992
HTL_S0529,HTL_R07429,如果前台问你们别墅的房间可以不可以，一定不能同意。,酒店前台的服务意识很差，态度极为不好，明明有制冷好的主楼房间，就是不给携程的客户住。,补充点评2008年7月15日：另外，早餐不太好，我们一般7点半去吃就没剩什么东西了，和团餐标准一样简单的不能再简单了。,2,,unlabeled,ChnSentiCorp_htl_all,7429
HTL_S0530,HTL_R07029,酒店的小姐反复打电话到房间拉生意!,可以肯定是食物中毒!,实在是更加降低了酒店档次!,14,,unlabeled,ChnSentiCorp_htl_all,7029
HTL_S0531,HTL_R06436,浴巾的边沿部分都磨烂了，被子也感觉洗了很多次旧旧的。,这是我第一次入住如家，不知道是不是这家酒店的使用率太高了，设施都比较陈旧。,周六外出游玩回来的时候竟然发现浴室的梳子没有更换、香皂没有更换，黄色牙刷的刷头与握柄中间竟然有黑黑的东西，看起来好脏。,3,,unlabeled,ChnSentiCorp_htl_all,6436
HTL_S0532,HTL_R05064,只可惜硬件设施不完备，加上路边的噪音，给本来应是很完美的酒店留下了一点遗憾，希望如家的加盟店更上一层楼。,,,0,,unlabeled,ChnSentiCorp_htl_all,5064
HTL_S0533,HTL_R02183,既能享受逛西街的便利，又能得到安逸的睡眠，确实是不错。,因为吸取了其他携友的经验，住在靠居民区那边的房间，十分安静。,BTW，酒店房间能达到标三星的大小，比桂林四季春天所谓的四星标准要大，空间的大小也算比较放松舒适补充点评2008年8月2日：美中不足：没有电梯，不过服务生可免费提供行李提上提下服务,4,,unlabeled,ChnSentiCorp_htl_all,2183
HTL_S0534,HTL_R03089,如能改善热水系统，还是性价比很好的。,如果浴室的热水系统欠缺，出不了热水，而很缓慢。,,1,,unlabeled,ChnSentiCorp_htl_all,3089
HTL_S0535,HTL_R00515,建议大家可以考虑不远的粤海。,房间的卫生间不错，水压很大水温舒适，也非常大没有局促感。,,6,,unlabeled,ChnSentiCorp_htl_all,515
HTL_S0536,HTL_R01787,下次来，肯定还定这里。。。,.,,3,,unlabeled,ChnSentiCorp_htl_all,1787
HTL_S0537,HTL_R05309,感谢入住两天那位男服务员对我的帮助谢谢!!,很有艺术性!,,3,,unlabeled,ChnSentiCorp_htl_all,5309
HTL_S0538,HTL_R05513,"有骚扰电话补充点评2008年4月6日：停车场没有灯,还污水满地留,建议取消该店","房间环境尚可,卫生让人担忧,床单圬迹斑斑!",,1,,unlabeled,ChnSentiCorp_htl_all,5513
HTL_S0539,HTL_R06111,"酒店服务人员态度不是很好,卫生一般,也因为价格不贵,所以如果下次有机会可能还会入住.",,,0,,unlabeled,ChnSentiCorp_htl_all,6111
HTL_S0540,HTL_R03024,"就是离市区远了些,出门不是很方便.",,周边基础设施比较少点.,0,,unlabeled,ChnSentiCorp_htl_all,3024
HTL_S0541,HTL_R06386,"唯一只发现这里交通比较便利,其他的优点一个也没有发现了.",住了两天.,,5,,unlabeled,ChnSentiCorp_htl_all,6386
HTL_S0542,HTL_R06073,在携程订的酒店中，这间的感觉最不好。,设施陈旧，看上去不干净。,,1,,unlabeled,ChnSentiCorp_htl_all,6073
HTL_S0543,HTL_R06733,听当地公安机关说其士酒店服务人员不是特别厚道，据说已经出现过案件。,,建议换，信阳的阳光宾馆就不错，四星，建议重新考察。,0,,unlabeled,ChnSentiCorp_htl_all,6733
HTL_S0544,HTL_R07560,宾馆前台的服务极差，竟然将携程网本人的客房订单弄丢，最终又经历了三次换房经验，惨痛的教训啊！,,早餐比太阳神饭店稍好吧！,0,,unlabeled,ChnSentiCorp_htl_all,7560
HTL_S0545,HTL_R05077,"房间和服务都还可以,后面有比较大的停车场,非常方便驾车者;对于旅行者来说,可能经常打的士了.",,,0,,unlabeled,ChnSentiCorp_htl_all,5077
HTL_S0546,HTL_R04101,"入住时碰到一群北京来的醉鬼在大堂舞醉拳,有个哥们指着女接待员的鼻子在骂""你妈X"",而且骂了好多次,还威胁要砸场子.",,居然没有一个保安出来阻止.,0,,unlabeled,ChnSentiCorp_htl_all,4101
HTL_S0547,HTL_R04385,"关于PriorityClub之事,当时承诺1个月卡会寄存",,,0,,unlabeled,ChnSentiCorp_htl_all,4385
HTL_S0548,HTL_R06967,房间的确很小；设施有些陈旧；服务一般；环境一般（在胡同里，交通不是很方便，不过附近有个地铁站）；卫生不错，蛮干净的。,,,0,,unlabeled,ChnSentiCorp_htl_all,6967
HTL_S0549,HTL_R07391,万杰国际不能刷卡是件令人最难以接受的事情，房间电视时长不能使用，网络还收费更让人难以接受。,,,0,,unlabeled,ChnSentiCorp_htl_all,7391
HTL_S0550,HTL_R01875,酒店位置比较适中，离咱们公司客户近，开会开得晚或一大早过去开会都很方便。,,,0,,unlabeled,ChnSentiCorp_htl_all,1875
HTL_S0551,HTL_R05242,"此酒店地理位置不错,有点闹中取静的感觉,出门交通比较方便;最高兴的是酒店免费给我们升级到了最顶层的套房,太好了,有大大的客厅,房间也不小,在香港从未住过如此大房间的宾馆,连住了两天都不想离开,还想继续住下去,下次还会选择YMCA",,,0,,unlabeled,ChnSentiCorp_htl_all,5242
HTL_S0552,HTL_R05844,尽管是四星的宾馆，但这里的服务员都不会笑，不知是何原因！！,,早餐差劲不说，冰冷的馒头要求打热一下都遭到拒绝。,0,,unlabeled,ChnSentiCorp_htl_all,5844
HTL_S0553,HTL_R02087,酒店工作人员在我不在客房时帮我把袜子洗了，鞋吹干了。,我去的时候烟台大雨，鞋和袜子都湿漉漉的。,还留了字条说明情况，字条我到现在还留着，服务员是吕淑红。,9,,unlabeled,ChnSentiCorp_htl_all,2087
HTL_S0554,HTL_R07388,住了特价的房间，实在是差的没法说了，房间小得完全出乎意料，像个剩余的角落留出来的空间弄了这么一个房间。,,还有停车场，实在不方便，而且地下三层，而且非常的陈旧，去停车场的电梯怕怕。,0,,unlabeled,ChnSentiCorp_htl_all,7388
HTL_S0555,HTL_R07601,"下次去住香格里拉,可能要通过亿龙网定了.",补充点评2007年12月9日：携程为什么不把对面的香格里拉发展为伙伴呢?,,4,,unlabeled,ChnSentiCorp_htl_all,7601
HTL_S0556,HTL_R04148,虽然酒店本身不能算是一家五星级酒店，但是从各方面来看，应该是珠海最好的酒店了，房间大而且也很清洁，配套基本上也齐，服务也到位，就是有一些小问题希望能解决，特别是房间跟通道的隔音做的不是太好，而且门缝透光，晚上睡觉的时候还歉帕艘徽蟆?,,"><inputTYPE=补充点评2007年11月5日：想说的是晚上睡觉的时候还是受到了骚扰,另外补充早餐也做得挺好,一道炸鱼是我在广东吃过最好的.",0,,unlabeled,ChnSentiCorp_htl_all,4148
HTL_S0557,HTL_R02569,"这个酒店夏天的性价比还算可以,冬天另说.",.,"位置不错,正对大东海广场,大堂很好很大,典型的三亚式风格,门窗都是永远开的,我住的是别墅,房间还算大,电视小点,不过也没时间看.",3,,unlabeled,ChnSentiCorp_htl_all,2569
HTL_S0558,HTL_R01254,酒店设施较好，地理位置靠近中关村，周边饮食餐饮很方便。,,自助早餐很丰富，但是价钱比较贵。,0,,unlabeled,ChnSentiCorp_htl_all,1254
HTL_S0559,HTL_R06850,补充点评2008年6月21日：酒店弥漫着烟酒味道，每天如此，特别是像那种醉酒的人吐了之后的味道，很不舒服。,1、酒店比较陈旧，房间小；2、临街的房间噪音很大，从早到晚汽车、摩托车喇叭声不绝，路人高声讲话至深夜，无法安静休息。,,1,,unlabeled,ChnSentiCorp_htl_all,6850
HTL_S0560,HTL_R02599,入住湘电酒店：1、房间舒适，一觉到大天亮；2、离景区非常近，凭《度假休闲客人证》可多次出入景区；3、免费机场接机，省心省事；4、大堂周经理等人的服务态度一流，有宾至如归的感觉。,4月中旬，恰逢阴雨连绵，张家界别样的山水风光令人流连忘返。,其它：1、宾馆部分尚在装修，稍有杂乱地方；2、记得带上两张一寸照片，做《度假休闲客人证》用。,1,,unlabeled,ChnSentiCorp_htl_all,2599
HTL_S0561,HTL_R03222,"住的是嘉士房,可以在房内泡泡温泉,还不错,",,,0,,unlabeled,ChnSentiCorp_htl_all,3222
HTL_S0562,HTL_R04857,整体印象非常好，只是卫生间隔音太差，楼上洗澡发出的哗哗的水声恍若就在眼前。,,不过卫生间够大，小沙发也很舒服，服务也不错，还是会来住的！,0,,unlabeled,ChnSentiCorp_htl_all,4857
HTL_S0563,HTL_R04724,酒店的大堂比较小，但是环境和卫生都比较满意，房间也不错，除了浴缸有点老旧外。,,还提供免费的国内长途和市内电话。,0,,unlabeled,ChnSentiCorp_htl_all,4724
HTL_S0564,HTL_R05395,"原来去重庆出差一直住这个酒店,早餐虽然差点也就算了,但是最近一次,他们的行为让我实在不敢恭维.",,"明明我没有消费的东西,硬说是我消费的,让我很不爽,以后不住了.",0,,unlabeled,ChnSentiCorp_htl_all,5395
HTL_S0565,HTL_R02065,"地理位置有点偏,出行除打车外不是很方便,离地铁站也有点距离",,,0,,unlabeled,ChnSentiCorp_htl_all,2065
HTL_S0566,HTL_R06893,酒店地理位置较好，离南京西路近在咫尺，但是酒店的设施太过简陋，商务酒店之名不符实。。。,,,0,,unlabeled,ChnSentiCorp_htl_all,6893
HTL_S0567,HTL_R06101,"入住前询问态度还不错,但是朋友说房间莲蓬头水很小,还漏水,吵的睡不著,隔天要求退房,也许是不同服务人员,态度很差",,,0,,unlabeled,ChnSentiCorp_htl_all,6101
HTL_S0568,HTL_R06100,开始给了间房间居然没有窗户，换，地方小多了，价格还不变，携程的价格跟门市价是一样的。,走廊超长，吃不消啊。,装修也比较一般，墙上的涂料都受潮往下掉呢，看着很斑驳的样子。,4,,unlabeled,ChnSentiCorp_htl_all,6100
HTL_S0569,HTL_R04451,"大床房很舒服,宽敞,干净,安静,早餐一般.",,"去的时候他们在搞活动,住一天送一天,门市价也只要245,只比携程价高几块钱,要不是赶时间,真想多住一天.",0,,unlabeled,ChnSentiCorp_htl_all,4451
HTL_S0570,HTL_R05358,很少上来点评，但是为了让大家有个正确地认识，我愿意花点时间来点评下：我的建议是请你选择别的酒店，因为此酒店较陈旧，最重要的是房间的隔音效果非常差，我本人非常的不适应，当然如果您对噪音觉得无所谓的话，此酒店还是可以的。,,,0,,unlabeled,ChnSentiCorp_htl_all,5358
HTL_S0571,HTL_R06844,"酒店的硬件真的很不怎样,房间的隔音奇差无比,隔壁洗澡的声音、说话的声音都很清楚，走廊里人走路、开门、关门的声音也很清楚，一晚上都睡不好觉",,,0,,unlabeled,ChnSentiCorp_htl_all,6844
HTL_S0572,HTL_R05550,如果有零分第一个打给它。,这是我遇上的最差的酒店。,,3,,unlabeled,ChnSentiCorp_htl_all,5550
HTL_S0573,HTL_R03522,比较清静，环境还好，我住的一楼房间比较潮湿有霉味，蚊子较多,,,0,,unlabeled,ChnSentiCorp_htl_all,3522
HTL_S0574,HTL_R06583,靠街道面的噪音很大，特别是二楼。,房间3楼不靠街道的那面较好，虽然后面有市场，但是双窗，关闭后噪音还好。,附近吃饭的地方很少。,2,,unlabeled,ChnSentiCorp_htl_all,6583
HTL_S0575,HTL_R07112,还有就是墙面很脏、鼻涕之类的到处是，还好离得床比较远。,还有地毯真的不如换成木质地板或者直接大理石，那颜色和脏度真的很不舒服。,二楼房间安静倒是不错。,6,,unlabeled,ChnSentiCorp_htl_all,7112
HTL_S0576,HTL_R01284,不错不错不错不错不错不错不错不错不错不错不错不错不错不错不错不错不错不错不错不错,,,0,,unlabeled,ChnSentiCorp_htl_all,1284
HTL_S0577,HTL_R02889,"美中不足的是酒店大堂的各种活动太多,,房产销售,,结婚的,,公司开业的,,全来,乱轰轰的,,太吵.","此次因为天气冷,又有大雾,所以两天的用餐都在酒店5楼的餐厅,,菜不错,,价格也适中.",,2,,unlabeled,ChnSentiCorp_htl_all,2889
HTL_S0578,HTL_R05892,携程的描述是错误的，根本不是什么“高级商务酒店”，应该是和莫泰168一样的“炮店”，整个房间是红色基调装饰，和妓院差不多，床的确是圆的，晚上竟然有蟑螂，退房时前台搞不清如何将预授权转为消费，折腾了很久，期间不停的提出要用现金结算等方案，在本人的坚持下终于消费成功，哎，打死都不住咯！！！,,,0,,unlabeled,ChnSentiCorp_htl_all,5892
HTL_S0579,HTL_R00417,到半夜无奈要求换房，后来也同意了。,不过房间有些状况。,总体感觉还是不错的。,5,,unlabeled,ChnSentiCorp_htl_all,417
HTL_S0580,HTL_R06059,办理行李寄存只有1个人，7到8个客户等着提和寄，等了约20分钟。,我住的豪华标间，装潢有点旧，较简单。,退房也只有1个开票和结算的人，12点办理时，有10位左右的客户在等待，总台服务小姐说;领导只有安排一台电脑办理退房开票手续，结果我等了足足30分钟才办完。,2,,unlabeled,ChnSentiCorp_htl_all,6059
HTL_S0581,HTL_R03088,房间很干净，条件比较好，上网速度很快，早餐很丰盛，但在徐州这个位置，价格偏高，要是在200以内就好了。,,,0,,unlabeled,ChnSentiCorp_htl_all,3088
HTL_S0582,HTL_R07402,真的很差，本来是为了考试离考点近一点才住的，基本上没有服务，房间阴暗一股怪味，本来定的是大床房非说是标准间，总之是一肚子的气，定了两天住了一天就走了。,,,0,,unlabeled,ChnSentiCorp_htl_all,7402
HTL_S0583,HTL_R07152,房间的卫生间较差，不尽人意。,,总的感觉不是很好。,0,,unlabeled,ChnSentiCorp_htl_all,7152
HTL_S0584,HTL_R03823,房间很古典，很有味道~交通不是很方便哦~适合度假跟调节心情~据说月亮河是那里的富人区呢~,特别幽静，风景怡人，还可以看到孔雀，鸟鸣在那里不是什么奇事。,,2,,unlabeled,ChnSentiCorp_htl_all,3823
HTL_S0585,HTL_R01673,每次预定房间时我都要求要无烟房/无烟层，但是每次到酒店check-in的时候都说没了，因为在住的客人延期不退房了。,酒店的硬软件都还好。,每次都那么巧？？？,1,,unlabeled,ChnSentiCorp_htl_all,1673
HTL_S0586,HTL_R02240,"当时我告诉了服务员,他拿了纸巾从容的去抓小强,看他的表情感觉已经不是第一次了,而且也没人对我表示报歉宾馆反馈2008年7月16日：首先非常感谢阁下入住我们酒店，并给予我们中肯的评价。",.,"关于阁下反映的中餐厅夜宵供应时间不方便的问题，中餐厅的营业时间是：8:00-14:30,17:00-22:30。",9,,unlabeled,ChnSentiCorp_htl_all,2240
HTL_S0587,HTL_R00309,环境优雅，但蚊子剧多，光被我打死的就有二三十支，漏网者中尚有吞舟之鱼。,,酒店有接机服务，但所派来的司机向我推荐次日包车一日游，只需150块。,0,,unlabeled,ChnSentiCorp_htl_all,309
HTL_S0588,HTL_R06383,价格还算可以，最近搞活动吧，160一间，不过数量很少！,气死了，先不理他，后来和携程投诉，态度比较满意，答应再次入住给予免费升级到更高一级的房间，可是第二次去的时候竟然没有任何区别，原来该酒店只有这一种房间，只是便宜的房间数量少，诶，不过地理位置还算凑合吧，门口有几个停车位，就在三环边上，不过离中关村可就远了，想到中关村办事的我看见就算了，离北京电视台和北外，中国青年政治学院，北京理工大学，中央民族大学很近，去这些地方办事的，住在这里很方便。,房间硬件还说的过去，不过我住的时候，床上居然还有几根头发，算了，也不算什么大问题。,2,,unlabeled,ChnSentiCorp_htl_all,6383
HTL_S0589,HTL_R05200,"设施不新,房间大小适中,都是侧看海景,有无烟层.",,"早餐比较普通,选择不多.",0,,unlabeled,ChnSentiCorp_htl_all,5200
HTL_S0590,HTL_R03247,去几个朋友一起订的，因为要去吃蟹，窗边看湖还是风景不错的，硬件有待提高，服务还是不错的，接待我们的上海经理谈吐素质也挺高的,,,0,,unlabeled,ChnSentiCorp_htl_all,3247
HTL_S0591,HTL_R04357,在运城应该是不二的选择了！,设施也不错，特别是洗衣的服务很周到，我告诉他们我第二天早上8点要退房，第二天早上7点40准时把我的衣服送来了。,,2,,unlabeled,ChnSentiCorp_htl_all,4357
HTL_S0592,HTL_R04119,虽然外观不是很起眼，但房间内部还是不错的，毕竟是挂牌四星，该有的都有，浴袍也很舒服，酒店的早餐品种很多，地理位置的话算是市中心，但不是景点的中心，好在厦门城市不大，打车去各景点基本上不超过１５元．值得推荐的酒店．,,,0,,unlabeled,ChnSentiCorp_htl_all,4119
HTL_S0593,HTL_R07314,酒店很安静，去旅游区很适合住这里，步行几分钟就是景区的秦堰楼入口。,,在市里办事就远了。,0,,unlabeled,ChnSentiCorp_htl_all,7314
HTL_S0594,HTL_R03363,酒店就在中央大街上，到松花江和索菲亚大教堂只需要步行就可以了，就冲着这一点定的。,,酒店挺老的，虽然性价比不是很高，但是房间重新装修过了，还是比较舒适的。,0,,unlabeled,ChnSentiCorp_htl_all,3363
HTL_S0595,HTL_R00899,不过感觉苏州的整体风格也是如此。,第一次入住这里，觉得整体上像是住在花园里面。,免费升级到了一个稍大的房间。,1,,unlabeled,ChnSentiCorp_htl_all,899
HTL_S0596,HTL_R07466,怎晓得这酒店日后又会用政府名目亏待住客。,作为酒店住客，逗留至中午12：00是最基本的权利，如何能够临时用一个短讯便要求客人提早离开，真是荒谬，亦严重亏损了国际集团之名。,虽然在跟酒店一番理论后，前台曾致电到我房间改说会为我特别安排下不用提早离开，这更令人生气，一方面房客要动气争取才给你基本的住宿权利，另一方面原来政府征用之说其实挺有弹性，不一定要执行。,4,,unlabeled,ChnSentiCorp_htl_all,7466
HTL_S0597,HTL_R06236,特价房间没有对外的窗户；房间与房间隔音效果太差,,,0,,unlabeled,ChnSentiCorp_htl_all,6236
HTL_S0598,HTL_R05862,"该酒店很差,服务实在无法忍耐,属于老土级酒店,四星级价格,比附近的安阳宾馆和中原宾馆差远了.",,"价格还贵,下次不会住.",0,,unlabeled,ChnSentiCorp_htl_all,5862
HTL_S0599,HTL_R03657,"房间还算整洁,客房服务业比较及时.","地理位置一般,距离火车站打车8元,交通还算方便,但是不够繁华.","宾馆晚上10点到早6点设置免骚扰电话功能,很人性化.",3,,unlabeled,ChnSentiCorp_htl_all,3657
HTL_S0600,HTL_R04513,庐山宾馆是一个值得再去住的酒店，服务非常好．但一个小细节影响了评分，这个问题好多网友都提过，不知道酒店为何一直不改进．就是生活用纸的质量太差了．房间的纸差算了，餐厅里的连卫生纸都不如，实在想不通！！！,,,0,,unlabeled,ChnSentiCorp_htl_all,4513
HTL_S0601,HTL_R05809,出门叫车是完全不可能的。,服务意识也没有。,早饭吃了煎鸡蛋后，1个小时后就和同伴一起在轮流找厕所，拉了1天才好。。。。,2,,unlabeled,ChnSentiCorp_htl_all,5809
HTL_S0602,HTL_R06634,本来定阙里宾舍，定单提交后携程打来电话说没有房间啦，推荐该饭店，结果入住后发现房间脏、乱、差，前台服务员态度冰冷，号召大家抵制该酒店。,,,0,,unlabeled,ChnSentiCorp_htl_all,6634
HTL_S0603,HTL_R05480,原本想去宋村漂流，结果被不负责任的服务员（方飞女士；叶君健，这厮都不敢告诉我他的名字，算不上老爷们！）完全弄错，而且还没有任何歉疚和改正的意思。,上周我刚刚回来。,在我们理论的同时，叶君健这厮还要耍蛮，愣要打人。,2,,unlabeled,ChnSentiCorp_htl_all,5480
HTL_S0604,HTL_R06091,真的很差，就这个价格来说完全可以在桂林住到更好的酒店，前台服务员态度一般，入住之后，空调有问题，房间卫生间没有完全隔开，不方便！,,反正很不满意，建议不要入住,0,,unlabeled,ChnSentiCorp_htl_all,6091
HTL_S0605,HTL_R00036,豁口新开的新华百货商场比较气派，还不错可以逛逛。,周围环境还可以比较安静，西到西直门、动物园；北到积水潭、新街口豁口；南到西单；东到后海还是比较方便的地理位置。,推荐居住！,5,,unlabeled,ChnSentiCorp_htl_all,36
HTL_S0606,HTL_R03271,老牌的宾馆，虽然挂4星，但不如赵王宾馆，价格竞争力不大。,,另外：房费不含早餐，非常难以理解！,0,,unlabeled,ChnSentiCorp_htl_all,3271
HTL_S0607,HTL_R03642,"环境很好,房间大但旧,服务还好,基本满意,下次可以再住.",,,0,,unlabeled,ChnSentiCorp_htl_all,3642
HTL_S0608,HTL_R07384,住的标准单人间实在是小，房间里一张大床已经塞得满满的了，设施极其简陋除了电视机和烧水壶其他什么都没有，说是四星级标准实际还达不到中等三星级的水平。,,最差的是酒店临街，大堂居然有三个门而且只有正门有人看，测门对着酒店电梯任人自出自如，半夜三更也不上锁，安全太差。,0,,unlabeled,ChnSentiCorp_htl_all,7384
HTL_S0609,HTL_R04049,这次是第二次住了，感觉属于干净、卫生、简单、便宜的那种。,,2年过去有了简单的“升级”，呵呵。,0,,unlabeled,ChnSentiCorp_htl_all,4049
HTL_S0610,HTL_R06766,还有股气味（水汽和霉味）。,狭小的房间，破旧的卫生间。,后来实在没法，换成普通商务房。,2,,unlabeled,ChnSentiCorp_htl_all,6766
HTL_S0611,HTL_R01582,地点还凑合，离十字路口也就一个街区。,,房间比较陈旧，老式，唯一的亮点就是卫浴设备。,0,,unlabeled,ChnSentiCorp_htl_all,1582
HTL_S0612,HTL_R05516,看到网友的点评还有些不信，去了以后才知道什么叫全世界最脏，最差的酒店。,,,0,,unlabeled,ChnSentiCorp_htl_all,5516
HTL_S0613,HTL_R07482,"它本来应该得9星的,虽然这个世界上并不存在这样完美的家园.","当自己用真诚换来酒店的不是尊重而是怀疑时,我一直在想,这个酒店为什么只是5星,而不是7星.",,5,,unlabeled,ChnSentiCorp_htl_all,7482
HTL_S0614,HTL_R06517,一次性用品都差的要死，很多老旧了，幸好我自带了很多物品，否则要重新去超市买了有生以来住过最搞笑而糟糕的酒店,再不会住了第一天到，晚上给个吹风机说最后一个了，结果用的时候发现是坏的，害我湿着头发睡觉第二天早上，地板封边一条莫名其妙跷起，好像老化了，晚上见完客户回去，发现整栋宾馆停电了，还不知道来电时间……第三天早上去结账，靠，说是发票开不了，打不出来了……什么破宾馆。,,2,,unlabeled,ChnSentiCorp_htl_all,6517
HTL_S0615,HTL_R05986,宾馆反馈2008年7月22日：请您提出具体的方面！,房间很旧，很差，后来我就换酒店了，不到3星标准。,我们将尽力完善改正！,1,,unlabeled,ChnSentiCorp_htl_all,5986
HTL_S0616,HTL_R05523,酒店房间没有桌子第一次遇到竟然还有蜘蛛吓了我一跳房间设备比较老,,,0,,unlabeled,ChnSentiCorp_htl_all,5523
HTL_S0617,HTL_R07626,房间里面有霉味，毛巾的确很差，典型的国有企业。,出租车都不知道。,以前对网上的点评持有怀疑态度。,2,,unlabeled,ChnSentiCorp_htl_all,7626
HTL_S0618,HTL_R00340,前台的MM很不错，效率高，态度也非常好。,,,0,,unlabeled,ChnSentiCorp_htl_all,340
HTL_S0619,HTL_R07365,订的双早房间，结果早餐只给了1张，吃早餐时被告知自己去找前台，态度生硬，好像客人都是骗子似的。,服务意识非常烂。,结果早餐非常简陋……酒店的导游100元一天。,2,,unlabeled,ChnSentiCorp_htl_all,7365
HTL_S0620,HTL_R05698,旁楼的房间千万不能住，房间太差，洗手间居然发现蟑螂，价格也不便宜，很不爽，主楼的房间到还可以,,,0,,unlabeled,ChnSentiCorp_htl_all,5698
HTL_S0621,HTL_R05742,因为来不及上网查，只好电话定，结果携程拼命向我推荐。,,结果：标准大床房奇小，只有12平米，我住的530窗外就是一个平台，安全性非常不好；毛巾非常旧，又黑又硬，是我见过最差的；早餐还好，品种还有几个；大堂还行，总台的服务还有4星。,0,,unlabeled,ChnSentiCorp_htl_all,5742
HTL_S0622,HTL_R05601,无论你表现出愤怒、急切或是无奈，服务生全然无动于衷。,效率低不说，他们居然会把你的信用卡扔在一边，去干别的事情。,前边有点评说，卫生间小。,3,,unlabeled,ChnSentiCorp_htl_all,5601
HTL_S0623,HTL_R02130,位于徐家汇中心地段，房价经济实惠，环境也很好呢！,,,0,,unlabeled,ChnSentiCorp_htl_all,2130
HTL_S0624,HTL_R06167,以后不会再安排客户住去那里.,"只是这个价位,在深圳别的选择多的是.",,7,,unlabeled,ChnSentiCorp_htl_all,6167
HTL_S0625,HTL_R06743,暖气说要晚上十二点来，结果一直都没有，有欺骗嫌疑，由于第二天着急走，就没有去跟酒店理论了。,总体印象：不好。,,1,,unlabeled,ChnSentiCorp_htl_all,6743
HTL_S0626,HTL_R05406,酒店在路边，但是很多司机都不认识，可能是靠近云龙湖比较偏吧。,,酒点的单人间实在太小了，床的一边竟然靠在墙边，把窗帘都压住了，电视都要斜着才能看，11月份了中央空调还没有暖风！！！,0,,unlabeled,ChnSentiCorp_htl_all,5406
HTL_S0627,HTL_R07677,看了大家的评价不错，才选择这家的。,,房间无论如何不能说是三星的标准，个人感觉不如如家布置得温馨。,0,,unlabeled,ChnSentiCorp_htl_all,7677
HTL_S0628,HTL_R07538,但是，由于个体差异，有部分宾客对空调温度的需求相差较大，从而也造成了酒店在节能与对客服务方面会产生矛盾。,多年来，酒店时刻响应国家环保要求，严格按照：夏季室内温度不低于25度，冬季室内温度不高于20度来控制客房内温度，因为酒店事先在客房内配备了环保倡导卡，自活动开展以来，这一举措得到了大部分住店宾客的理解和支持。,酒店在今后的工作中将会把准备工作做得更为仔细，在倡导客人支持酒店的环保行动的同时，将尽量满足不同客人的需求，不断改进我们的服务。,8,,unlabeled,ChnSentiCorp_htl_all,7538
HTL_S0629,HTL_R05526,"作为一个国际连锁的品牌酒店，居然退房的时候要查房,感觉对客户没有一点信任！",已经入住了很多次尼盛万丽酒店，但是感觉服务一次比一次差！,,1,,unlabeled,ChnSentiCorp_htl_all,5526
HTL_S0630,HTL_R06213,等了大约1个半小时才拿来……第二天，又被服务员借去用了半个小时；3、结算时，楼层服务员硬说是我消费了两个“和其正”，磨了近十分钟才搞清楚，他们连自己房间配了几个都不知道！,1、天黑以后到的宾馆，出了电梯以后，楼道黑黑的，都看不清楚；2、订的“豪华数码间”，但是进去以后没有找到网线，随后打电话问客房服务，被告知需要用猫，于是去找。,4、晚上用餐是在房间里面，因为前台押金用的现金，所以身上的现金不够支付餐费了。,2,,unlabeled,ChnSentiCorp_htl_all,6213
HTL_S0631,HTL_R07300,"早上的自主餐没有什么东西的,用餐环境就在一个走廊上,环境比较差.",出租车司机都不知道这个酒店的.,一张地图要10元钱.,2,,unlabeled,ChnSentiCorp_htl_all,7300
HTL_S0632,HTL_R01339,预订的时候没注意酒店正在修理的提示，结果最有特色的楼顶泳池没享受到，好遗憾。,,希望类似情况携程要标识的清楚一些。,0,,unlabeled,ChnSentiCorp_htl_all,1339
HTL_S0633,HTL_R06951,我和MM14日入住的此酒店，第一眼感觉还行，checkin后发现房间极小，隔音效果极差，大白天走道的声音都特大，唉！,,郁闷啊。,0,,unlabeled,ChnSentiCorp_htl_all,6951
HTL_S0634,HTL_R03740,我们住的绍兴老台门客栈原是几百年前的宋家台门改建。,台门在过去就是家族身份的象征。,客栈还保留着原先的院落，吱吱作响的木门，古式的木窗，木制的屏风。,1,,unlabeled,ChnSentiCorp_htl_all,3740
HTL_S0635,HTL_R07336,个人认为携程推荐此宾馆是不注重会员的基本利益。,,该酒店一半房间临大马路，晚上很吵，使人无法入睡。,0,,unlabeled,ChnSentiCorp_htl_all,7336
HTL_S0636,HTL_R01885,我是4月10号入住的，11号一早赶班机，把一条项链丢在了客房，直到回家都没有发现，还是崔小姐主动打电话和我核实，而且自己掏钱帮我寄了回来，并且多次去邮局帮我查询，这种精神太难得了。,特别感谢工号0649的崔小姐（手机号136134462**），下次到太原出差一定要当面感谢她的。,非常感谢！,1,,unlabeled,ChnSentiCorp_htl_all,1885
HTL_S0637,HTL_R00563,"在保定,应该说是最好的酒店了,那里的餐厅给酒店加分不少.",,,0,,unlabeled,ChnSentiCorp_htl_all,563
HTL_S0638,HTL_R06206,酒店设施很差，根本不像四星酒店。,,卫生间的镜子边上已破烂不堪，马桶也下不去水。,0,,unlabeled,ChnSentiCorp_htl_all,6206
HTL_S0639,HTL_R02345,地段还不错，从酒店走到市中心大约十五分钟，酒店还比较干净，就是我们被安排在一楼，有点潮湿，而且有蚊子，窗外就是一个住户家的院子，从早上六点起就一直在放收音机，严重影响睡眠~,,,0,,unlabeled,ChnSentiCorp_htl_all,2345
HTL_S0640,HTL_R02903,"新会不错的酒店了,环境优雅,没有什么娱乐设施,最适宜休息",,,0,,unlabeled,ChnSentiCorp_htl_all,2903
HTL_S0641,HTL_R07040,号称三星，顶多招待所的标准，房间前面是个施工工地，晚上也在施工，很吵。,,还有这个迎宾员感觉有像索要小费的样子，不知道是不是,0,,unlabeled,ChnSentiCorp_htl_all,7040
HTL_S0642,HTL_R01947,"住的商务间很大,这样使得看电视很费力,不得已把一个沙发拖过来,床太硬.",,其他都还好.,0,,unlabeled,ChnSentiCorp_htl_all,1947
HTL_S0643,HTL_R01211,服务态度非常好，从行李员到服务员都彬彬有礼，在大堂等待期间会主动给我们准备毛巾和茶水，在很多五星级酒店都没有这样的服务。,,每天房间都有送水果，虽然质量不怎么样。,0,,unlabeled,ChnSentiCorp_htl_all,1211
HTL_S0644,HTL_R06244,建议以后不要在房间里摆放那些收费的东西，需要什么客人可以到下面的杂货店购买，否则某些素质不高的服务员自己用了或拿了那些收费用品，搞得客人反倒恼火。,估计是这个服务员自己拿了，反过来诬告客人。,,6,,unlabeled,ChnSentiCorp_htl_all,6244
HTL_S0645,HTL_R03881,总之，个人觉得这个酒店真的不错，家庭旅游非常好。,夏天的晚上，夜朗星不稀，晚上12点可以看到非常非常多的星星，而且还看到一颗流星。。。,以后还会选择入住。,22,,unlabeled,ChnSentiCorp_htl_all,3881
HTL_S0646,HTL_R05820,我晚上问他们要求上网，有个服务员骗我到外面买上网卡，后来投诉也不理我。,但是似乎因为都是大陆人入住的原因，服务员的态度十分恶劣。,,2,,unlabeled,ChnSentiCorp_htl_all,5820
HTL_S0647,HTL_R05990,早餐种类不少，就是餐厅太冷了，因为我去晚了？,房间的小冰箱里只有可乐，晚上想喝啤酒的要注意了，自己带。,早餐也都凉了。,5,,unlabeled,ChnSentiCorp_htl_all,5990
HTL_S0648,HTL_R03211,不过说实在，这个价位，住这样的房间，还是挺值的。,房间洗手间还有点4星级的感觉，但也就是一般了。,,2,,unlabeled,ChnSentiCorp_htl_all,3211
HTL_S0649,HTL_R06245,实在不想和这样脑筋不太清楚的人多说，直接请主管出来拿些厨房的洗洁精，她只随便选了一个脏的地方，加洗洁精搓搓，原来的白色就出来了。,问那个清洁阿姨为什么不用洗衣粉，居然理直气状地说洗衣房说的，又说洗衣房不在这里，所以没有任何洗涤用品！,就是这样那个主管还说和正常的白色有色差，要报废了，又说洗衣房要加钱等等，看看时间已经耽误了半个多小时，一家人都在等，不想再和他们搞了，就说我们承担洗涤费，那主管居然开出30元的高价，大约等同于5星酒店水洗毛巾的价。,18,,unlabeled,ChnSentiCorp_htl_all,6245
HTL_S0650,HTL_R06811,前台解决问题的态度还不错。,然后早上8点就被酒店的施工人员吵醒。,,3,,unlabeled,ChnSentiCorp_htl_all,6811
HTL_S0651,HTL_R03784,"不足处是临街隔音效果太差,建议用双层窗户,其次为过道隔音不好,建议能都铺上厚点的地毯．总体而言，这家酒店性价比还可以．","交通便利,位于市中心;设置齐备,有车库.",,1,,unlabeled,ChnSentiCorp_htl_all,3784
HTL_S0652,HTL_R06658,结果打电话过去，服务中心却告知打另一个号码。,而且手册上明明写的可以随时打电话叫服务中心人员来添加，最后退房时在总台结帐。,打到另一个号码却是一楼的一个商店，跟酒店没什么关系，而且不能总台结帐。,4,,unlabeled,ChnSentiCorp_htl_all,6658
HTL_S0653,HTL_R07438,忘了说，前台服务较烂，中午在莫泰自营的“美林小厨”午餐后，有一个打包盒，想暂寄前台出去买包烟，前台男生说不寄放食品。,,我回酒店翻边所有“客户须知”无此项，相反要求客户将贵重物品寄前台。,0,,unlabeled,ChnSentiCorp_htl_all,7438
HTL_S0654,HTL_R04945,总体感觉还不错，唯一的不足就是酒店给我的房间不在主楼，而且正对电梯大门，晚上感觉有些吵，窗户打开面对的是一个垃圾场，无法开窗比较煞风景，可能通过携程预定的酒店都给安排这种房间，不过在香格里拉能住到这样的酒店已经算不错了，据导游讲这可是当地市政府办的酒店，平时开会都会安排住这里，还订不到房呢，在这里除了天界神川就属龙凤祥还行了。,,,0,,unlabeled,ChnSentiCorp_htl_all,4945
HTL_S0655,HTL_R00575,第一次入住该酒店，总体看还不错，房间给升了级，房间感觉挺温馨的，入住,,,0,,unlabeled,ChnSentiCorp_htl_all,575
HTL_S0656,HTL_R07648,"服务太差了,堂堂的五星酒店房间里竟连一双拖鞋也没有,连一般的小旅馆也不如,调来调去调了一个垃圾酒店,让人太失望了.",,,0,,unlabeled,ChnSentiCorp_htl_all,7648
HTL_S0657,HTL_R06485,点评点啥呢，不知应该说什么了。。。。。。。。。。。。。。。。。。。。。。。。。。。,,,0,,unlabeled,ChnSentiCorp_htl_all,6485
HTL_S0658,HTL_R02573,结帐后不能及时对信用卡担保进行解除.,但前台接待人员须提高素质.,,3,,unlabeled,ChnSentiCorp_htl_all,2573
HTL_S0659,HTL_R06193,预订是携程小姐推荐的，怎么说，一个字，烂，两个字，真烂，三个字，实在烂。,,典型的政府国营单位的痕迹，根本不懂什么叫服务，房间既小又破，三星都勉强。,0,,unlabeled,ChnSentiCorp_htl_all,6193
HTL_S0660,HTL_R03309,2、床架要固定好一些，半夜里隔壁房间动静太大，影响邻居休息。,我每次到惠州都住在这家酒店，今年发现有二点要改进：1、拖鞋太差，一穿就抽丝，还缠在脚上。,,1,,unlabeled,ChnSentiCorp_htl_all,3309
HTL_S0661,HTL_R05637,门前的解放西街正在全线翻修，汽车根本进不去，也不事先告知。,,大床是用两个单人床拼凑而成，床垫的塑料外包装还保留完整，褥子又极薄，可以感受到凉意。,0,,unlabeled,ChnSentiCorp_htl_all,5637
HTL_S0662,HTL_R03795,等电梯很考验人的耐心，唉。。。,10楼的网络不通，电脑部的人居然不知道，白忙了一个多小时，最后换房才解决。,不过酒店其他地方都不错的，早餐丰富，下次还会住这里。,2,,unlabeled,ChnSentiCorp_htl_all,3795
HTL_S0663,HTL_R06339,"基本上服生太差,完全不客人想!!",.,位置离西街很近，逛街购物找食物吃.,8,,unlabeled,ChnSentiCorp_htl_all,6339
HTL_S0664,HTL_R00547,特别提示：因该酒店贵宾楼标间靠近马路，所以房间分双层隔音玻璃房和单层隔音玻璃房，如果你对于噪音比较敏感，建议预定双层隔音玻璃房。,"我订的是贵宾楼标间(根据前人评语筛选),最大特点是服务细节考虑得很周到,送水果、晚报、餐巾盒，甚至连浴缸前的垫脚毛巾都铺好了。",,1,,unlabeled,ChnSentiCorp_htl_all,547
HTL_S0665,HTL_R05968,订了一房间，保险链是坏的，叫了半天没人来，还是自己修的！,,里面的设施显得旧了点！,0,,unlabeled,ChnSentiCorp_htl_all,5968
HTL_S0666,HTL_R00006,这次免费升级了，感谢前台服务员。,价格比比较不错的酒店。,房子还好，地毯是新的，比上次的好些。,1,,unlabeled,ChnSentiCorp_htl_all,6
HTL_S0667,HTL_R01931,房间配备了饮用纯净水，够得上五星级的标准，服务也非常的好。,双人大床非常的舒服。,美中不足的是淋浴房的门好像做得有点问题，一洗澡水就流的满地都是，害我大半夜的擦了好久：（,2,,unlabeled,ChnSentiCorp_htl_all,1931
HTL_S0668,HTL_R03748,"但是不是很隔音,早餐比较丰富,就是水果少点.","房间还是可以,比较大.",,1,,unlabeled,ChnSentiCorp_htl_all,3748
HTL_S0669,HTL_R04424,第一次入住时两个态度都很好，可第二次入住时，换了一个服务人员，态度却一点也不好，反差非常明显，入住时预定好了早餐（因为要赶飞机），早上催送时，却说携程预定的没有，后来我让她打电话问晚上接待的，又说可以，结果送来两个冰凉的面包和牛奶（第一次预定时送来的时后都是预热过的，那时感觉非常好）。,这次在新疆出差，先后两次入住该酒店，总的来说是家不错的酒店，干净整洁，房间电源插座比较多，用起来比较方便，就是卫生间比较小，有些不太方便，值得一说的是前台的服务。,送来的服务生面孔也是凉凉的感觉，好像很不情愿，我非常气愤！,1,,unlabeled,ChnSentiCorp_htl_all,4424
HTL_S0670,HTL_R03318,这家酒店总体感觉不错，房间挺大的，酒店位置也好，就是服务员反应比较慢。。。。。。,,，态度还行，就是能不能解决，什么时间能解决，总应该有个明确的答复吧，无语！！！,0,,unlabeled,ChnSentiCorp_htl_all,3318
HTL_S0671,HTL_R05654,两间房只给两条毛巾，加一条毛巾要收费5元，太过份了吧？？？,,,0,,unlabeled,ChnSentiCorp_htl_all,5654
HTL_S0672,HTL_R05330,我3.6预定好的180的标间，当我到的时候竟然说有会议房间满了，我订的房间没有了，太不讲信誉了。,,唉！,0,,unlabeled,ChnSentiCorp_htl_all,5330
HTL_S0673,HTL_R05080,前台服务态度很好很细心，但是硬件设施由于跟不上，老化。,,,0,,unlabeled,ChnSentiCorp_htl_all,5080
HTL_S0674,HTL_R05697,举个前台的小事为例：因为是海宁人，在观潮节期间有客户过来，订了二间房，先是刷卡预授权，结帐时说刷不出来了，换别的机子重新直接扣款，刷了有七八次卡才算成功，（前后大概有二十分钟吧，一点歉意也没有，反到好象是我做错了什么，不该给她出难题似的）我让她一定记得要把预授权取消，她说是30天后会自动取消，今天收到银行对帐单，扣了二次款，还得去和他们交涉。,先是服务态度的恶劣程度就不适宜入住！,真真是烦~~再也没有下次了，海宁宾馆！,2,,unlabeled,ChnSentiCorp_htl_all,5697
HTL_S0675,HTL_R02454,1、酒店还算可以，设施有点旧，四星级勉强2、地处陈家坪，没有大型商场超市，背后有个美食街。,,送餐服务只有西餐厅的套餐，不过价格还可以，另有赠送水果小盘，不错（因为周围买不到水果）。,0,,unlabeled,ChnSentiCorp_htl_all,2454
HTL_S0676,HTL_R04212,总的来说还可以但288的价格没有什么竞争力一楼的自助餐比较便宜38元但基本上没什么吃的房间的地毯太旧了已经泛白显得很脏比起绍兴的雅豪真的是差得远没有骚扰电话房间很安静前台办事效率比较高补充点评2008年4月21日：没有送水果离高速公路出口很近,,,0,,unlabeled,ChnSentiCorp_htl_all,4212
HTL_S0677,HTL_R05797,房间卫生状况也不是很理想，备品也不像是五星级的，比如牙刷根本就是劣质产品。,酒店在装修，整体感觉特别不好，正门都走不了，车也不让停，服务人员也不协助找停车的地方，哪里像是五星的服务水准？,酒店整体的软性服务也需要提升，看得出是个管理很一般的饭店，服务有员整体素质一般。,1,,unlabeled,ChnSentiCorp_htl_all,5797
HTL_S0678,HTL_R07318,"地方不好找,其实就是国际青年旅社.",,"环境一般,设施简陋到地铁站要走10多分钟.",0,,unlabeled,ChnSentiCorp_htl_all,7318
HTL_S0679,HTL_R02667,"房间小,感觉卫生不太好,整个环境显的很陈旧.",,服务一般.,0,,unlabeled,ChnSentiCorp_htl_all,2667
HTL_S0680,HTL_R03877,位置还好，不算太难找，屋内比较干净，卫生间装修不错，木制的氛围比较喜欢。,,没窗户，但是夏天住空调房也不是很需要窗户，所以能接受。,0,,unlabeled,ChnSentiCorp_htl_all,3877
HTL_S0681,HTL_R06025,补充点评2006年11月6日：大房间里没有小床，设施简单。,该酒店是携程所介绍的最差的，早饭很差，一大群服务员坐在一旁的挖鼻屎、化妆、大声说话，恶心！,,1,,unlabeled,ChnSentiCorp_htl_all,6025
HTL_S0682,HTL_R06495,凌晨近二点到店，就我一个客人在前台办手续，办了十分钟才办好，更郁闷的是酒店竟然开了一个没有打扫过的房间给我，房号463，住了这么多年的酒店还是第一次发生此类事件，凌晨二点拉着行李在酒店里至少走100米的走廊跑个来回，再下来换一个房间，酒店值班经理为此送了一份早餐。,,希望下次不要再次发生此类事件。,0,,unlabeled,ChnSentiCorp_htl_all,6495
HTL_S0683,HTL_R06120,差差差，房间大而家具太差，有早餐而早餐质量太差，有宽带而网速极差，几乎等于零。,,环境好而交通太差。,0,,unlabeled,ChnSentiCorp_htl_all,6120
HTL_S0684,HTL_R00212,"还可以,不过第一次入住的时候没有送水果,这次送了,不过第二天把我第一天存的水果换了,虽然房务中心帮我换了两个苹果,不过一个坏的,不过总体还可以,听说马上要涨价了,因为听说评上了四星级,哎",,,0,,unlabeled,ChnSentiCorp_htl_all,212
HTL_S0685,HTL_R05908,网络带宽太小，只能收发电邮，下载东西简直是做梦。,电视频道太少，只有5个。,价格还算便宜。,3,,unlabeled,ChnSentiCorp_htl_all,5908
HTL_S0686,HTL_R02395,总体来说还是不错的，就是酒店大堂设在商场里面给人感觉并不是很好，其他条件都尚可,,,0,,unlabeled,ChnSentiCorp_htl_all,2395
HTL_S0687,HTL_R03184,一般，没有特别的独到之处。,,价格方面也没有太多的优惠，反正总体来说，就是一般一般啦,0,,unlabeled,ChnSentiCorp_htl_all,3184
HTL_S0688,HTL_R02091,这家的地理位置比较好，周边很繁华，交通也很方便。,第一次住这家酒店，以前住金海湾比较多，周边没什么商业，就是风景好。,虽然是四星，硬件上比金海湾要差一点，但是软件服务还是很不错的，对客人的要求相应的比较及时，服务态度和服务意识也很不错，赞一下，以后去烟台还会考虑住在这里。,3,,unlabeled,ChnSentiCorp_htl_all,2091
HTL_S0689,HTL_R04551,另外，如果大家去南海影视城玩，千万别去旁边的“影视城实景农庄”吃饭，我在广东十年没吃过这么难吃的饭店，服务差速度慢也就算了（两个人十一点半进去二点出来，其中吃饭仅用了20分钟），上的清补凉山鸡老得咬都咬不动、，买单296元，闹心死了！,总体感觉，值！,,2,,unlabeled,ChnSentiCorp_htl_all,4551
HTL_S0690,HTL_R05977,房间里连咖啡包也没有，倒有不少要收费的茶包、饮料等，我还得帮它核对一下别入住时就少了什么！,房间里很闷，通风很差，窗外一点街景也看不见，相隔十几米跟居民楼面面相对。,早餐很一般，没特色，以后绝对不住了！,3,,unlabeled,ChnSentiCorp_htl_all,5977
HTL_S0691,HTL_R02910,我们非常愿意成为您的朋友.,宾馆反馈2008年6月25日：感谢您对国宾大酒店的认可.,欢迎经常入住!,4,,unlabeled,ChnSentiCorp_htl_all,2910
HTL_S0692,HTL_R00586,位置非常好，去烟台山、东炮台、张裕葡萄酒博物馆非常近，海边步行街很漂亮，音乐喷泉也不错。,,缺点：商务标间（6601）中央空调的风机盘管保温做的不好，导致结露发霉；另外免费提供的拖鞋沾水后极滑!,0,,unlabeled,ChnSentiCorp_htl_all,586
HTL_S0693,HTL_R04488,"总体来说不错,就是有小姐电话骚扰比较烦.",,,0,,unlabeled,ChnSentiCorp_htl_all,4488
HTL_S0694,HTL_R01685,中途加定的豪华客房据说是按照五星级标准装修的，不过装修的品位着实不怎么样，所以也不显得新到哪里去。,旧的马桶里的水阀的链子都是断的用绳子修补好的，结果还是一个劲儿的断，在我们自己维修过两次后，不得已求助客房服务，他们立刻通知工程部的维修人员，很快换上了新的带铁链的，接着即刻又有客房服务人员打扫干净，衔接的那么好，服务总是无可挑剔。,（而且后来通过携程预定到的房比之前我们去看的房小了不少，也没有之前看到的组合沙发一块儿，不知道是不是因为通过携程预定会比直接在酒店预定少那么二三十块钱就缩水的缘故，想不明白，同是5-7层的豪华房，怎么大小，设备还有区别呢？）建议向皇冠假日酒店或者新开元酒店的设计风格学习学习。,14,,unlabeled,ChnSentiCorp_htl_all,1685
HTL_S0695,HTL_R02216,整体感觉很好，就是周围没有什么好的餐馆。,虽然房价贵了点，但是感觉是太原最好的宾馆了。,,1,,unlabeled,ChnSentiCorp_htl_all,2216
HTL_S0696,HTL_R00138,"6月和7月入住俩次豪华大床间,房间比较大,设施有点老了,环境不错，直接面对贺龙体育中心和摩天轮,早餐很一般,特别郁闷的是服务员，竟然在我们快要吃完的时候就打扫卫生,也不用差这么点时间吧,明显就是赶人啊",,,0,,unlabeled,ChnSentiCorp_htl_all,138
HTL_S0697,HTL_R00358,我在南方生长过，对潮湿有一定的适应能力，但那时的山上的潮湿，还是让我几近不能接受。,记得以前来黄山（分别是十年前和二十三年前），也住过800多块的酒店，但被子中感觉似乎是可以拧出水的。,不过考虑到当地的环境，是情有可原的。,7,,unlabeled,ChnSentiCorp_htl_all,358
HTL_S0698,HTL_R01695,酒店条件还是不错的，因为当天下午2点有考试，希望延到一点退房，怎么和前台商量都不行，于是就早晨退了房，这点比较遗憾。,,价格上：去了酒店才知道，我即便不找携程网，直接去前台，当天价格也是333，和携程是一摸一样的，所以携程的价格实在不能说有任何优惠。,0,,unlabeled,ChnSentiCorp_htl_all,1695
HTL_S0699,HTL_R06348,简直和招待所没有什么两样，下次再也不去了，价格还贵，携程怎么推荐这样的酒店糊弄我们。。。。。。,,,0,,unlabeled,ChnSentiCorp_htl_all,6348
HTL_S0700,HTL_R05616,预定的房间给的是问题房，水泵声音太吵，地段离风景点偏了点，虫子很多。,,,0,,unlabeled,ChnSentiCorp_htl_all,5616
HTL_S0701,HTL_R05857,，另外，预定价格和门市价格只有4元价差.,.,.,6,,unlabeled,ChnSentiCorp_htl_all,5857
HTL_S0702,HTL_R02842,感觉比夏天去海边好，入住率比我想象要多一些，很安静,,,0,,unlabeled,ChnSentiCorp_htl_all,2842
HTL_S0703,HTL_R03226,"我是笫二次通过携程网预定日月谷温泉酒店,这次带了好朋友一家共住了3个晚上,感觉比去年酒店各方面都有很大进步,卫生,服务,攴饮都很好.",,晚上也听不到吵闹声了.,0,,unlabeled,ChnSentiCorp_htl_all,3226
HTL_S0704,HTL_R07632,"服务也很一般,价格和设施是完全不相关的一个酒店.","很一般的设施,很陈旧.",不会再考虑去入住.,1,,unlabeled,ChnSentiCorp_htl_all,7632
HTL_S0705,HTL_R03770,不过如果是体验古城味道，的确是个不错的选择。,电视奇高无比，晚上看会电视脖子酸，信号也一般。,,7,,unlabeled,ChnSentiCorp_htl_all,3770
HTL_S0706,HTL_R06412,"上菜速度奇慢,3菜1汤居然用了半小时,差劲!",,"上网另外收费35元,不爽!!",0,,unlabeled,ChnSentiCorp_htl_all,6412
HTL_S0707,HTL_R06921,峨眉山的确很美，宾馆所处位置也很好，闹中取静是真的。,,但是宾馆本身设施也就2星水准，房间很普通，象旅馆。,0,,unlabeled,ChnSentiCorp_htl_all,6921
HTL_S0708,HTL_R06999,"房间里的家具都是低档次的伪劣产品,一碰就坏的家具,还要你陪钱,呵呵!",酒店是新开的.,"他们就是一家黑店,专门以碰坏家具油漆为由赔钱,宰客.",1,,unlabeled,ChnSentiCorp_htl_all,6999
HTL_S0709,HTL_R03733,出门在外也好，居家过日子也好，整洁舒适即可。,酒店早餐还算丰富，午餐晚餐上的菜量很大，第一次见到那么大的盘子盆子装菜；但是价格小贵。,,5,,unlabeled,ChnSentiCorp_htl_all,3733
HTL_S0710,HTL_R06698,还想说，评星级的评委一定都各需要一只导盲犬。,我看，一无是处吧，除了便宜，但这样的便宜，不要也罢，我要退房。,黑，忒黑。,3,,unlabeled,ChnSentiCorp_htl_all,6698
HTL_S0711,HTL_R02530,环境比较旧，但是床单、毛巾都比较干净，前台服务态度良好。,,,0,,unlabeled,ChnSentiCorp_htl_all,2530
HTL_S0712,HTL_R00782,第五次为贵宾客户入住，值得推荐！,,服务没话说！,0,,unlabeled,ChnSentiCorp_htl_all,782
HTL_S0713,HTL_R02867,以后到南通这便是我的家。,楼层服务员非常热情，是一个给了我很好的感觉的，非常适合商务人士入住的酒店。,,2,,unlabeled,ChnSentiCorp_htl_all,2867
HTL_S0714,HTL_R06989,"俗话说""便宜没好货"",""一分价钱一分货"",建议携程网不要再向客户推荐该酒店.",,,0,,unlabeled,ChnSentiCorp_htl_all,6989
HTL_S0715,HTL_R02526,1、房间内设施较齐全(有保险柜、电吹风、免费上网)、干净、性价比较高。,,2、周围日式餐馆较多。,0,,unlabeled,ChnSentiCorp_htl_all,2526
HTL_S0716,HTL_R02394,"酒店涨价之后仍然生意兴隆,说明酒店的实力.",,,0,,unlabeled,ChnSentiCorp_htl_all,2394
HTL_S0717,HTL_R07189,于是换到同房型的409，没有味道了，OK。,我坚持换房间。,服务员带我看好房间，顺便帮我放好行李后，我就出门了。,9,,unlabeled,ChnSentiCorp_htl_all,7189
HTL_S0718,HTL_R06360,早餐很差，连荷包蛋都没有。,浴室简陋，和廉租房差不多。,基本上各种食物和饮料没有标签，要自己看。,7,,unlabeled,ChnSentiCorp_htl_all,6360
HTL_S0719,HTL_R00822,有停车场，房间干净、安静，各方面还算不错只是价格在肇庆来说还是偏高了些。,,上次我们在肇庆皇潮搞个活动，房间设施各方面比星湖大酒店最起码高一个级别只需260元。,0,,unlabeled,ChnSentiCorp_htl_all,822
HTL_S0720,HTL_R00871,"帮朋友定的,他们很满意,苏州园林特色.",,下次还会住.,0,,unlabeled,ChnSentiCorp_htl_all,871
HTL_S0721,HTL_R03324,我已经住了三次了，还是向往这个温馨的地方。,青山湖度假酒店的环境是第一流的！,山水之美实在令人难忘。,1,,unlabeled,ChnSentiCorp_htl_all,3324
HTL_S0722,HTL_R02944,替朋友订的房间，据说还不错啦，一下回，自己去试试。,,,0,,unlabeled,ChnSentiCorp_htl_all,2944
HTL_S0723,HTL_R01744,感觉很您好环境也不错晚上很安静下次有机会还会选择住金叶的,,,0,,unlabeled,ChnSentiCorp_htl_all,1744
HTL_S0724,HTL_R05619,"早就预定的是大床房,办理入住的时候却告知满房，说是免费帮我升级到商务标准间，还强调第二天一大清早要我将行李整理好后放到总台等普通大床房，否则要加收房费差价。。。。",耽误了入住客人的工作，也赔上了自己酒店的声誉2。,我住了那么多酒店还是第一次遇到这种道理的，完全没有服务业“以客为尊”的经营理念3。,5,,unlabeled,ChnSentiCorp_htl_all,5619
HTL_S0725,HTL_R00634,最近一次入住，窗帘的滑道非常光滑；卫生间的花洒出水量大，洗澡很痛快。,很喜欢带木质扶手的楼梯，感觉走走去房间挺随意的。,最主要是的是房间一点异味没有，不像有的宾馆有那么潮气味。,3,,unlabeled,ChnSentiCorp_htl_all,634
HTL_S0726,HTL_R07545,我第一次入住如家，实际情况与现实相差太远，屋子里味道很大，打开窗户换气又很吵，卫生不敢恭维！,,入住时间不长就搬走。,0,,unlabeled,ChnSentiCorp_htl_all,7545
HTL_S0727,HTL_R07481,我实在忍无可忍，就问服务员为什么，竟然回答你很赶时间吗？,我正在退房，看到几外老外过来，就直接插队办理。,,7,,unlabeled,ChnSentiCorp_htl_all,7481
HTL_S0728,HTL_R07603,以后宁愿住远点，可能也不会选择这家酒店了。,前台服务员的态度一般，餐厅服务员更差，基本就是站在那一起聊大天。,,4,,unlabeled,ChnSentiCorp_htl_all,7603
HTL_S0729,HTL_R01723,若能明确引导开车路线的话就更好了。,整体而言，满意。,,6,,unlabeled,ChnSentiCorp_htl_all,1723
HTL_S0730,HTL_R02115,比较老的酒店，服务比较好，早餐品种不多。,,但是去海边很方便。,0,,unlabeled,ChnSentiCorp_htl_all,2115
HTL_S0731,HTL_R05471,3没有免费的饮用水提供。,2电视频道太少，临安已经是数字有线电视了但不知酒店为什么还没有。,4前台服务员不够专业、热情和礼貌。,3,,unlabeled,ChnSentiCorp_htl_all,5471
HTL_S0732,HTL_R03195,四星级的酒店不错的，服务态度挺好，不是免费提供三餐，只是10块钱一份而已。,,房间干净、舒适，下次还住这。,0,,unlabeled,ChnSentiCorp_htl_all,3195
HTL_S0733,HTL_R06925,而且酒店内有KTV，晚上睡觉非常吵！,太旧了，房间设施也很差，我还在洗手间看到了蟑螂。,,1,,unlabeled,ChnSentiCorp_htl_all,6925
HTL_S0734,HTL_R06149,该提供的服务长话网络你在前台不声明，是全都不能用的，投诉无用，态度够你喝一壶的。,每天早上你会被服务员聊天吵醒，都不用闹钟的！,哈尔滨的形象就这样破坏的。,4,,unlabeled,ChnSentiCorp_htl_all,6149
HTL_S0735,HTL_R07173,以次充好，我订的是大床房，给我的是两张房拼到一起的，居然就叫大房床了，空间小得可怜，投诉前台，无果；于是投诉到携程，最后长级。,服务意识差，我入住酒店时，提了两个大箱子进去，门迎居然动也不动。,旧，这一点我就不说了，别人已经都写了。,2,,unlabeled,ChnSentiCorp_htl_all,7173
HTL_S0736,HTL_R04332,虽然房间稍旧，但也算三星强了，能抵上一些四星的宾馆了。,地理位置极好，性价比很高。,,1,,unlabeled,ChnSentiCorp_htl_all,4332
HTL_S0737,HTL_R06788,结果开了不到2小时，我们又被热醒了，原来服务员又把空调关了。,结果他们又说空调好了。,而且，由于空调主机就放在楼顶，一开空调，顶层的噪声也特别大，折腾了我们一夜没睡好，第二天我们就赶紧退房搬到了对面的一家商务酒店，价格差不多，很不错。,4,,unlabeled,ChnSentiCorp_htl_all,6788
HTL_S0738,HTL_R02727,很好，这次入住酒店帮我免费升级为商务间，说是给携程的年终优惠，意外地满意。,,宾馆反馈2008年1月16日：感谢您对大连银帆宾馆的满意和支持！,0,,unlabeled,ChnSentiCorp_htl_all,2727
HTL_S0739,HTL_R06848,"最恐怖的是睡到凌晨4点左右,好象被什么东西咬醒了,开灯一看,尽然是",.,,7,,unlabeled,ChnSentiCorp_htl_all,6848
HTL_S0740,HTL_R04182,"还不错,来过石狮这么多回,就这家有档次,客房特别舒适,价格合理,物有所值,菜很好吃,就店很热闹,我在旁边办事方便",,,0,,unlabeled,ChnSentiCorp_htl_all,4182
HTL_S0741,HTL_R01743,我住的是单间，不靠马路，以为会比较安静，哪知窗子外面是酒店内部的一个铁制楼梯，夜晚常有人走过，咣当直响，还有边走边唱歌的，受不了。,酒店地理位置还不错，离外滩、步行街都满近的。,除了前台小姐面无表情，其它都还行。,1,,unlabeled,ChnSentiCorp_htl_all,1743
HTL_S0742,HTL_R06322,酒店位置比较偏远，按照地址打车去被送到另外一个相同地址的地方，希望酒店引起注意。,,房间格调很前卫。,0,,unlabeled,ChnSentiCorp_htl_all,6322
HTL_S0743,HTL_R05035,前台很朴素，相对于整个山庄的占地，显得太迷你了。,环境确实不错，不过普通标间实在是不能住，被子潮得像能拧出水，豪华标间就要好很多了。,门童小弟还是颇为勤快的。,1,,unlabeled,ChnSentiCorp_htl_all,5035
HTL_S0744,HTL_R02362,服务和我经历过的一些五星级酒店差不多了。,酒店人员的培训是很到位了。,果然是市委招待所的班子.,3,,unlabeled,ChnSentiCorp_htl_all,2362
HTL_S0745,HTL_R02380,我入住的是酒店豪华单人房，酒店房间设施基本满意，就是卫生间浴池上掉墙皮，而且热水放一会才热，早餐在22楼观光餐厅，丰富服务周到，比较满意~~,,,0,,unlabeled,ChnSentiCorp_htl_all,2380
HTL_S0746,HTL_R00298,预定的是商务标间，由于客满，酒店给我们免费升到了高级商务标间。,最满意的是酒店提供的免费升标。,在这里赞一个。,2,,unlabeled,ChnSentiCorp_htl_all,298
HTL_S0747,HTL_R06362,饭菜质量也不好价格也与实际不相符合,晚上有搔扰电话比较烦。,,1,,unlabeled,ChnSentiCorp_htl_all,6362
HTL_S0748,HTL_R07125,非常差的酒店，只住了1天就逃走了（本来预订了7天）,,,0,,unlabeled,ChnSentiCorp_htl_all,7125
HTL_S0749,HTL_R03441,公司协议价还比携程便宜很多。,性价比很好，非常好的5星级的酒店。,,1,,unlabeled,ChnSentiCorp_htl_all,3441
HTL_S0750,HTL_R06310,服务态度不好，换个房间都不给换，弄个最差的给住！,,,0,,unlabeled,ChnSentiCorp_htl_all,6310
HTL_S0751,HTL_R00722,有点家的感觉，以后还会住！,房间虽小，但很干净的！,,1,,unlabeled,ChnSentiCorp_htl_all,722
HTL_S0752,HTL_R06575,与其他如家比，这家隔音效果出奇差，不知道是不是我房间的问题，隔壁的说话声，电视声，厕所冲水声，床上的嘿哟嘿哟声都能听到；另外退房时说房间毛巾脏了，要赔15元，买一条毛巾也就5元，怎么要赔15元？,,毛巾脏了就要赔，那以后谁还敢用你家毛巾？,0,,unlabeled,ChnSentiCorp_htl_all,6575
HTL_S0753,HTL_R07749,还在出租车上，司机就开始问我，为什么要订这个酒店，说它实在不咋地，我以为是司机想把我拉到别的酒店，好赚点拉客钱，没想到，这车一路开，过了繁华地段，来到一个偏僻的角落，而且我看到的还是一个看似招待所的宾馆，第一印象：差！！,,进到宾馆，看它的前台，用东北话描述：磕碜！！,0,,unlabeled,ChnSentiCorp_htl_all,7749
HTL_S0754,HTL_R06871,本来定了3天，不过实在冷死了，，，没空调，也没有给暖气之类的打电话问前台，说没办法。,,那只能退房。,0,,unlabeled,ChnSentiCorp_htl_all,6871
HTL_S0755,HTL_R01586,服务相当不错，还提供免费机场接送。,,早餐很丰盛，硬件稍显老。,0,,unlabeled,ChnSentiCorp_htl_all,1586
HTL_S0756,HTL_R02615,饮食酒店配套还可以，中式，西式，日式都有。,"酒店总体可以,出门交通不太方便，离市中心较远，房内设施有点旧,电视机太小且旧,配不上五星级。",要提的一点就是房间没有提供收费的卫生用品（如一次性毛巾，安全套，清洁洗液等），我打电话要安全套，酒店房间清洁阿姨跟一同童装束的人抢着送来，一问之下每个收费50元，也太贵了，难怪他们抢着送来，可能他们在赚外快，不知道酒店对这方面有没有管理。,1,,unlabeled,ChnSentiCorp_htl_all,2615
HTL_S0757,HTL_R07037,卫生间没有浴帘，洗澡后满地是水，地面打滑，水龙头出水很小。,设施差有以下几点：整个房间没有一张纸，一支笔。,早餐7点才有，包双早等于空话一句。,3,,unlabeled,ChnSentiCorp_htl_all,7037
HTL_S0758,HTL_R07713,时隔2年又住这家宾馆，当时给了4～5分的评价，可今天再也看不到2年前正在申请3星时的服务和环境了，服务员没了微笑，早餐没了品种，设施正在老化，失望啊。,,,0,,unlabeled,ChnSentiCorp_htl_all,7713
HTL_S0759,HTL_R06573,总体感到如家房间较干净的就是房间太小了，性价比不高，比隔壁的条件一样的快捷酒店价格上高出21元了。,,,0,,unlabeled,ChnSentiCorp_htl_all,6573
HTL_S0760,HTL_R05532,我以前定过几次这个宾馆，通常情况下因为入住客人少，因此未发生与他们的冲突，此于他们说要接待一个团，为了腾房，就要强迫已入住的客人退房，而且态度恶劣，言语嚣张，还采用欺骗手段说有其他的房间，先引诱客人退房。,这个宾馆的接待人员没有丝毫的职业道德可言。,然后再说没有空房。,1,,unlabeled,ChnSentiCorp_htl_all,5532
HTL_S0761,HTL_R07398,不过前台小姐的服务可圈可点！,以后再也不住了。,,2,,unlabeled,ChnSentiCorp_htl_all,7398
HTL_S0762,HTL_R05623,优点：免费宽带上网值得一提的是餐厅：价格较贵，但态度不错，有天晚上正在关灯的时候我们进去的，还是为我们做了菜，虽然品种不多拉。,隔音很差，偏僻、交通不便。,和庐山宾馆比较一下逍夏宾馆庐山宾馆位置偏僻，上街走路30-40分近街，上街10分钟交通几乎没有的士经过斜对面是美庐，随时有车周边环境较好很好房间设施一般，较旧，乳胶漆有剥脱较新，墙纸干净卫生间很旧，感觉脏新，干净宾馆环境一般，大堂地砖一般，大堂地毯隔音情况极差很好宽带上网有小标没有，大标部分有,3,,unlabeled,ChnSentiCorp_htl_all,5623
HTL_S0763,HTL_R04283,房间设施一般，但是服务态度很好，一层还有一个24小时面馆，对于偶尔去旅游的人来说各方面还是很方便的。,酒店的位置很好，交通方便，开车比较好找，步行出去逛街也比较方便。,美中不足的是入住时候看到酒店前台标出的优惠价格跟携程预定的是一样的，希望携程能有更多优惠就最好了。,1,,unlabeled,ChnSentiCorp_htl_all,4283
HTL_S0764,HTL_R06233,符合美国Motel的风格，严格控制成本。,,但所有设施过于简陋，且房间霉暗晦涩、睡床糟糕、床单不洁。,0,,unlabeled,ChnSentiCorp_htl_all,6233
HTL_S0765,HTL_R05763,我河南之旅住过最差的酒店，酒店年代久远，非常残旧，房间光线也不好，洗手间有异味，除了离相国寺近以外，离其他景点都不是很近。,,可能开封这个城市本身到处都是灰尘，酒店也好像到处都灰蒙蒙。,0,,unlabeled,ChnSentiCorp_htl_all,5763
HTL_S0766,HTL_R05939,洗澡的时候发现没有沐浴液，服务员的工作态度十分马虎。,只有一些房间有网络，虽然很先进的用wifi，但是信号非常弱。,,3,,unlabeled,ChnSentiCorp_htl_all,5939
HTL_S0767,HTL_R02638,"酒店装修有点旧,房间还算大,在北京三星酒店这个价格还算不贵,总体感觉还行!",,,0,,unlabeled,ChnSentiCorp_htl_all,2638
HTL_S0768,HTL_R03565,"房间装修味道太浓,走廊里没有地毯有点吵,其余还可以.",但是携程的优惠幅度太低了。,宾馆反馈2008年4月30日：尊敬的宾客：您好！,2,,unlabeled,ChnSentiCorp_htl_all,3565
HTL_S0769,HTL_R04216,但晚上有点噪音，可能是婚宴或是KTV的声音。,4星的宾馆总体来说不错。,电话机的弹簧不太好要接电话老是有问题。,1,,unlabeled,ChnSentiCorp_htl_all,4216
HTL_S0770,HTL_R05079,酒店很好可以免费打长途，随便打都不要钱，这点比较吸引人,,,0,,unlabeled,ChnSentiCorp_htl_all,5079
HTL_S0771,HTL_R05096,我感觉床还是比较舒服的。,是以前政府的接待宾馆，有点老，但是还算可以的，各方面都差不多，不算差，但也不是很好。,宾馆周围比较繁华，应该是商业区。,2,,unlabeled,ChnSentiCorp_htl_all,5096
HTL_S0772,HTL_R02680,停车位太少，向大堂经理反映后，才给了保留车位。,房间隔音不太好，影响休息。,没办法，这已经是当地最好的酒店了。,3,,unlabeled,ChnSentiCorp_htl_all,2680
HTL_S0773,HTL_R07546,我说还没睡醒，居然被追问一个小时后能不能醒？,客房服务极并：原本想睡个懒觉，早上9点钟在睡梦中被电话吵醒，问我几点起床说要来打扫啊。,有毛病啊房间：据说是岛上最好的酒店，但房间又旧又小。,6,,unlabeled,ChnSentiCorp_htl_all,7546
HTL_S0774,HTL_R04671,"我既然是通过协程预定了酒店,而且标注了早餐68的价格,我想入住的客人理所当然会以这个价格为准,和酒店交涉无果,只能交钱走人.",协程也没在网上要我选择要不要预定早餐啊.,,5,,unlabeled,ChnSentiCorp_htl_all,4671
HTL_S0775,HTL_R05684,"也就二星的标准,大堂里蚊子那叫一个多.","也许黄金海岸有自己的酒店评级机构,给此中心评了个""四星"",不然不好意思收四五百的房租啊!",.,1,,unlabeled,ChnSentiCorp_htl_all,5684
HTL_S0776,HTL_R05759,携程提供的提示不准确，不是对面立交桥改造，根本就是门口的马路改造，再加上昆明道路好多都禁左，再遇上堵车。。。。。。,酒店特别提示[2008/02/29-2008/08/30]酒店对面立交桥改造。,2008/05/04刚住过，堵死我了。,1,,unlabeled,ChnSentiCorp_htl_all,5759
HTL_S0777,HTL_R01966,在浦东地区的4星里面，性价比比较高，适合自费的商住人士。,,房间虽然较小，但床够大，睡眠较舒适。,0,,unlabeled,ChnSentiCorp_htl_all,1966
HTL_S0778,HTL_R07227,像是仓库改的拖鞋不错卫生间还可以早餐很差,,,0,,unlabeled,ChnSentiCorp_htl_all,7227
HTL_S0779,HTL_R06501,什么破烂酒店，可以说是携程提供酒店里面最差的了，而且差到无法形容，什么都不好，唯一地段好,,,0,,unlabeled,ChnSentiCorp_htl_all,6501
HTL_S0780,HTL_R01583,比路桥的南苑e家性价比要高的多。,很好的一个酒店。,早餐非常丰富！,1,,unlabeled,ChnSentiCorp_htl_all,1583
HTL_S0781,HTL_R07256,位置不很方便，周围乱哄哄的，卫生条件也不如其他如家的店。,,以后绝不会再住在这里。,0,,unlabeled,ChnSentiCorp_htl_all,7256
HTL_S0782,HTL_R05600,建议大家让它生意淡一阵子，也许有助于酒店自行调整一下吧，相信对于酒店或者我们这些客户都不是坏事！,那么！,,8,,unlabeled,ChnSentiCorp_htl_all,5600
HTL_S0783,HTL_R03282,房间舒适，双床房的床基本够大，不用加床了。,服务员都很有礼貌、热情。,天天泡在海边，爽！,3,,unlabeled,ChnSentiCorp_htl_all,3282
HTL_S0784,HTL_R00248,五一住了这里，作为三星级硬件还可以。,,前台经理赞一个，我们一行在隔壁吃饭，发票中了奖，但饭馆就是不肯帮我们兑，态度也很无理。,0,,unlabeled,ChnSentiCorp_htl_all,248
HTL_S0785,HTL_R06103,"环境很不好,在老火车站旁边,很旧很吵闹,像大多数网友说的,携程定房虽然便宜点,可房间是酒店有差级的话,给我的是角落上的房间902,房间空间是同层中最小的.",,不过整个上饶市都很破旧也在情理之中吧,0,,unlabeled,ChnSentiCorp_htl_all,6103
HTL_S0786,HTL_R03891,闹中带静，虽然离四方街不远，但房间还是挺安静。,,里面的装修看得出很花心思，挺有味道的，房间和洗手间虽然不算大，但挺舒服干净的，服务员很友善热情。,0,,unlabeled,ChnSentiCorp_htl_all,3891
HTL_S0787,HTL_R06318,是以前的工人宿舍改造的，旁边施工很吵。,,酒店的设施也不是很好。,0,,unlabeled,ChnSentiCorp_htl_all,6318
HTL_S0788,HTL_R06156,这个３星实在太差了，住的房间开始么空调很低，简直没有，到后来么就拉倒空调坏了，住的房间都是一股霉味，床上面也都是发霉的，千万不要住这个酒店，我是一晚上没睡着，太差了．早餐简直就是没东西吃的，简直是一塌糊涂．服务元态度还算可以．,,,0,,unlabeled,ChnSentiCorp_htl_all,6156
HTL_S0789,HTL_R05375,房间隔音效果极差，深夜如果隔壁客人大声喧哗的话……服务员会去提醒，但仅限于你投诉后,,,0,,unlabeled,ChnSentiCorp_htl_all,5375
HTL_S0790,HTL_R03593,不过还算舒适，交通也方便。,房间有些陈旧！,,1,,unlabeled,ChnSentiCorp_htl_all,3593
HTL_S0791,HTL_R06544,5、晚上10点左右，网络断线，打电话房务中心，回复让我找前台，打电话前台，也没说让网管上来看看（有无网管我怀疑），说是服务器调整，让我等。,4、网速奇慢。,6、卫生间渗水严重。,6,,unlabeled,ChnSentiCorp_htl_all,6544
HTL_S0792,HTL_R06377,我和同事都非常感动；同事们都说：出差就住如家。,让我没有想到的是，酒店领导对此非常重视，对此事做了及时处理，并多次给我电话表示歉意，征询意见。,我也希望如家越办越好！,2,,unlabeled,ChnSentiCorp_htl_all,6377
HTL_S0793,HTL_R05460,强烈建议携程取消该酒店的推荐。,大堂餐厅承包给了个人，所以自助早餐只能在大堂咖啡厅内，设施不完善，品种也少。,,3,,unlabeled,ChnSentiCorp_htl_all,5460
HTL_S0794,HTL_R02452,酒店客人的温泉票60元，但只能出入一次，有点不合理。,从房间来说，只能说一般，还算干净而已，如果没有温泉的话，这个房价是绝对偏贵的。,温泉总共7个池子：室内6个：2个土耳其小鱼池，1个室内泳池，1个花瓣池，1个中药池，1个茶池；室外一个池。,3,,unlabeled,ChnSentiCorp_htl_all,2452
HTL_S0795,HTL_R07372,据说是太仓最好的酒店，作为一个5星级的酒店让我很失望。,,房间小而简单并且陈旧，最多也只是个3星水平；服务只是在入住的时候那个前台员工不错，其他就太差了：进出酒店时酒店员工和门童都是视而不见，没有任何表情更不要说是问候了，一次回到酒店时，前面就是一个穿黑色制服的女员工也往电梯间走去，我就跟在后面，当到了电梯间时她管自己转弯上了楼梯，也不给我按一下电梯--当时我可是两手拎着东西而她明明知道我跟在她后面。,0,,unlabeled,ChnSentiCorp_htl_all,7372
HTL_S0796,HTL_R05378,作为一家五星级酒店，居然没有无烟楼层（这是前台登记的时候酒店服务员说的）,酒店设施老化严重。,,1,,unlabeled,ChnSentiCorp_htl_all,5378
HTL_S0797,HTL_R01282,早餐也可以，唯一的问题是隔音太差，隔壁房间的动静都听得清楚,酒店地理位置很好，步行到个园和瘦西湖都10分钟。,,2,,unlabeled,ChnSentiCorp_htl_all,1282
HTL_S0798,HTL_R01294,环境非常的好，绿化面积非常的大，服务也挺周到的，可能是新推出的经济型房间的原因，房价非常的小，但是性格比还是挺不错的。,,,0,,unlabeled,ChnSentiCorp_htl_all,1294
HTL_S0799,HTL_R01210,"床比较舒服,空间不大,特别是家俱颜色太深了,房间价格还能接受!","这家酒店离车站很近,较方便,CHECKIN时,服务还好,还有凉茶饮用,酒店早餐还不错,只是8:30时,品种已没有多少了,住的是6楼的单间,上网是免费的,很满意!",,1,,unlabeled,ChnSentiCorp_htl_all,1210
HTL_S0800,HTL_R01265,"入住豪华大床房,房间真的很大,沙发,写字台,阳台,的确没有想到是这么大的一间.",,这一点是我比较满意的.,0,,unlabeled,ChnSentiCorp_htl_all,1265
HTL_S0801,HTL_R06860,订的￥230普通间，先说不说房间设施一般，在前台的服务简直无法理解，站在接待处时，服务员将在我后面的3个人先办理（续房），但总有个先来后到吧，不理解。,,,0,,unlabeled,ChnSentiCorp_htl_all,6860
HTL_S0802,HTL_R00883,地处闹市但却非常的幽静，离衡山路很近，地铁也很方便，下次还住！,,,0,,unlabeled,ChnSentiCorp_htl_all,883
HTL_S0803,HTL_R07472,推荐企图忆苦思甜、加强爱国主义教育的朋友来住！,由于郁闷，住上一晚就走了，不知道早餐怎么样，其他方面也不太清楚，整体感觉暗暗的、旧旧的。,,5,,unlabeled,ChnSentiCorp_htl_all,7472
HTL_S0804,HTL_R02431,5楼可以喝晚茶，估计因为这样，所以大堂里面进出的人比较多，显得有点嘈杂。,出入的车辆比较多，又刚好处于路口，所以有点混乱。,电梯的配置不是很好！,2,,unlabeled,ChnSentiCorp_htl_all,2431
HTL_S0805,HTL_R05960,第二天结帐又是内部结算又是房间内的物品损坏，上去一看又说查错了，真的不知道搞什么。,房间刚刚够上三星标准，偏偏报了一个四星；入住后感觉就是一个洗浴中心，房间不隔音也比较乱。,下回请携程推荐时注意一下酒店品味。,3,,unlabeled,ChnSentiCorp_htl_all,5960
HTL_S0806,HTL_R06959,退房，在3楼除了我和同伴之外，出入几次我们没见到过人。,约8点改订了“如家快捷”。,我也是常出差的人，这是我住过感觉最差的酒店了。,9,,unlabeled,ChnSentiCorp_htl_all,6959
HTL_S0807,HTL_R06839,2、对于酒店“免费”给我升级的房间，并没有觉得“优越”在哪里。,1、我在网上预定的时间是13号到16号，我是13号下午四点多到前台办理入住手续（本人认为这个时间段应该不是在她们最困最累的时候）前台给我登记成13号到14号，导致14号当天钥匙被刷打不开门。,我住452房间，好像如家很喜欢给免费升级的客人安排在最边缘的房间；房间的窗子因为上冻关不上，凌晨2点多洗手间的门居然锁上打不开，（还好是从外面锁上的，否则在里面锁上又没有电话的情况下，估计再出来要变成木乃伊了）最后还是要叫来服务员来打开。,1,,unlabeled,ChnSentiCorp_htl_all,6839
HTL_S0808,HTL_R07397,如果是老外你们也给寄到国外去吗？,如果外地人明天再来吗？,,3,,unlabeled,ChnSentiCorp_htl_all,7397
HTL_S0809,HTL_R00218,酒店总体感觉还不错，不过有个比较好的是，他们那边有个大型室内游泳馆，据工作人员介绍，目前是扬州目前最好的游泳馆，里面有假山、人工造浪、还有刺激的滑到，建议你过去入住酒店时试试，另外，我们住的房间也不错，据说是新装修的，房间大小基本和套房的差不多，设备也很先进.,,,0,,unlabeled,ChnSentiCorp_htl_all,218
HTL_S0810,HTL_R05458,1月7日入住，700元大床房不能上网，连续换了三间房，半夜三更拆腾一小时…那个卫生间？,充其量三星。,唉…连招待所也不如，那个毛巾、浴巾，是不是抹布？,4,,unlabeled,ChnSentiCorp_htl_all,5458
HTL_S0811,HTL_R05625,据当地朋友说，这种档次的酒店，100多块钱就能住到。,性价比太低，而且它的设施、环境、位置实在不值200多。,希望携程以后能够提供物有所值的酒店。,1,,unlabeled,ChnSentiCorp_htl_all,5625
HTL_S0812,HTL_R05854,总之性价比很低，早餐还算可以。,来长春之前，查阅了携程的很多酒店评分，感觉这个还算不错的，但是入住之后感觉很失望：1、房间门坏了；2、空调不好；3、房间陈旧；4、服务一般。。。。,,1,,unlabeled,ChnSentiCorp_htl_all,5854
HTL_S0813,HTL_R01592,条件还可以，服务不错，酒店人员态度很好，早餐尚可。,,但总体感觉携程的价格略贵，比很多公司的协议价格都贵，这不大符合携程的地位啊。,0,,unlabeled,ChnSentiCorp_htl_all,1592
HTL_S0814,HTL_R01940,晚上11点多的时候，我们发现饮用水喝完了，给服务台打了个电话，马上就送来了。,交通方便，服务到位。,后来又打电话要东西，也是很快就送到了。,1,,unlabeled,ChnSentiCorp_htl_all,1940
HTL_S0815,HTL_R06712,门市价260，我们订的248，呵呵，现在好像改了。,早餐还可以。,性价比太差，哪里是三星的标准啊,2,,unlabeled,ChnSentiCorp_htl_all,6712
HTL_S0816,HTL_R06727,只是离火车站比较近而已。,酒店很旧，服务很一般。,实在没什么好的。,1,,unlabeled,ChnSentiCorp_htl_all,6727
HTL_S0817,HTL_R07627,"服务太不到位了本来住一天押金三百,我们先交了三百,但因故要多住一天,早上也没退房,去大堂领餐票时也跟服务员说过,但服务员什么也没说.",,但当,0,,unlabeled,ChnSentiCorp_htl_all,7627
HTL_S0818,HTL_R05318,前台服务较差，不为客户着想。,,房间有朋友来需要打扫，呼叫了两个小时也未打扫。,0,,unlabeled,ChnSentiCorp_htl_all,5318
HTL_S0819,HTL_R07310,岱宗这个三星领教一次就够了，是这样的，这种酒店应该马上从携程的合作客户中去掉，携程应该给我们最好的推荐，而不是这种所谓的三星，简直是比招待所还不如，让我们不敢相信携程的推荐是很不值得的事情。,,,0,,unlabeled,ChnSentiCorp_htl_all,7310
HTL_S0820,HTL_R02292,"中餐不错,西餐太不地道.",意见很大.,"房间价格很便宜,套房很大,早餐也不错。",2,,unlabeled,ChnSentiCorp_htl_all,2292
HTL_S0821,HTL_R03903,比很多五星级的酒店也好。,房间的设施也很好。,但是，外面比较难打的。,2,,unlabeled,ChnSentiCorp_htl_all,3903
HTL_S0822,HTL_R06547,"尤其是淋浴房没设计好,洗完澡之后水流的一地都是,第二天都没干,严重影响心情,本来计划住二天,无奈第二天早上退房了.","我订的是普通标准间B,感觉非常的糟糕.",,1,,unlabeled,ChnSentiCorp_htl_all,6547
HTL_S0823,HTL_R01823,驾车自助游住宿比较合适。,枕潮轩双号房间可以看到钱江，房间新装修过，早餐不错，种类很丰富，就是携程订的只有单早，自己付了100元（四人）。,,2,,unlabeled,ChnSentiCorp_htl_all,1823
HTL_S0824,HTL_R00094,离机场和市区也不是太远.,唯一的就是每天的早餐都是一样的东西.,(30元内都能搞定).,2,,unlabeled,ChnSentiCorp_htl_all,94
HTL_S0825,HTL_R07681,"房间小,卫生间有一股油耗味,另人想吐.",.,.,4,,unlabeled,ChnSentiCorp_htl_all,7681
HTL_S0826,HTL_R01250,酒店地理位置不错，房间布置还可以。,,电视滥了点。,0,,unlabeled,ChnSentiCorp_htl_all,1250
HTL_S0827,HTL_R05074,海景花园是我所有住过的５星酒店中服务最好的一家，另外他们的粤式餐厅非常地道，并且价格合理，如果去青岛还会再选它。,,"Fantastic5starhotel,goodlocationandenvironment,withbestserviceandverynicestaff,stronglyrecommend.",0,,unlabeled,ChnSentiCorp_htl_all,5074
HTL_S0828,HTL_R06587,房间招待所、服务员优越感极强！,穷则思变！,,3,,unlabeled,ChnSentiCorp_htl_all,6587
HTL_S0829,HTL_R00919,房间还不错，就是小了点。,,客房服务员还满负责任。,0,,unlabeled,ChnSentiCorp_htl_all,919
HTL_S0830,HTL_R05942,还有总台预授了房钱，第二天却刷不出，搞了二十分钟，没经过我的同意，又刷走了房钱，预授继续冻结，很差！！！,还有早餐不如2星的宾馆！,,4,,unlabeled,ChnSentiCorp_htl_all,5942
HTL_S0831,HTL_R05411,酒店服务非常差，设备一般，加床是硬板床且收费很高，服务员态度很差，就像没有经过培训，业务也不熟练，根本不像三星级的酒店。,,,0,,unlabeled,ChnSentiCorp_htl_all,5411
HTL_S0832,HTL_R06098,该酒店地段不方便，超难打车，服务不到位，酒店设备有点旧,,,0,,unlabeled,ChnSentiCorp_htl_all,6098
HTL_S0833,HTL_R06580,五、酒店零距离泳池房在你入住前一天是客满的，你预定的房间必须是前日客人退房后(入住1881半岛酒店客人享有住房保留到14:00退房的权利)才能提供给你。,没有一点不尊重你们，更谈不上出言不逊。,我们不可能会因为你的到来，而提前把前住店客人推至门外！,25,,unlabeled,ChnSentiCorp_htl_all,6580
HTL_S0834,HTL_R00890,"人家特地让我来表扬这里的,价格很便宜,服务很好.",,"房间很好,就是小了点.",0,,unlabeled,ChnSentiCorp_htl_all,890
HTL_S0835,HTL_R02473,环境不错，设施也相对齐全。,,菜肴也比较美味。,0,,unlabeled,ChnSentiCorp_htl_all,2473
HTL_S0836,HTL_R04623,楼道的拐弯茶几的烟灰缸上居然还放着火柴。,从楼道到客房，很多地方都让人感觉很舒适周到。,走廊两边的墙上，挂着当地风景名胜的照片和水墨山水画，不是仿制品。,3,,unlabeled,ChnSentiCorp_htl_all,4623
HTL_S0837,HTL_R07004,这里把我的遭遇简单描述，希望能给各位出行的朋友提供借鉴。,今年的5.1、10.1长假分别定了西安与重庆的如家，非常失望，如家简直无诚信可言。,5.1西安的如家严重超定，我们一行11人险些露宿街头，与酒店交涉了2个小时，原定的4间房，只拿到3间。,1,,unlabeled,ChnSentiCorp_htl_all,7004
HTL_S0838,HTL_R05932,"这次从火车站去省宾馆只有6元的路程,结果被兜拉了45分钟。","另外,与宾馆无关,长春出租车司机太坏了,表面热情背后狠斩,每次出差去都会遇到不愉快,投诉后也没有下文。",太损害长春形象了!,3,,unlabeled,ChnSentiCorp_htl_all,5932
HTL_S0839,HTL_R05326,酒店的处理态度我很反感！,千元丢了小事。,我强力告诉大家和提醒其他人不要到该酒店！,21,,unlabeled,ChnSentiCorp_htl_all,5326
HTL_S0840,HTL_R05796,卫浴品太旧给人感觉不爽，总之感觉不好，下次不会再住！！,入住期间居然不开空调，热得要死，刚好房间又向阳，期间打了几次电话，最后同价升级成单人套房，郁闷的心情总算好点！,,2,,unlabeled,ChnSentiCorp_htl_all,5796
HTL_S0841,HTL_R06622,"由于火车时间,不得不在早上六点到酒店,等到快八点才入住!",,好惨!,0,,unlabeled,ChnSentiCorp_htl_all,6622
HTL_S0842,HTL_R05347,我们诚挚地期待您下次光临我们酒店，我们将尽量满足您的订房需求。,本酒店10楼为无烟楼层客房，楼层及客房均设有明显无烟楼层标志。,,3,,unlabeled,ChnSentiCorp_htl_all,5347
HTL_S0843,HTL_R01222,位置便利，价格便宜，服务周到，环境幽美！,,谢谢！,0,,unlabeled,ChnSentiCorp_htl_all,1222
HTL_S0844,HTL_R06182,客房和前台服务都不错但酒店太陈旧，房间不如一般3星宾馆，阳台卫生间极小位置也不好，花园泳池都很小尤其要说的是酒店花园里的餐厅，叫东海渔家还是东海渔村的太黑了市场8元一斤的海瓜子，他卖50元一斤，还少秤味道也差一盘炒黄瓜要18元根本是露天排档的环境，桌子都脱漆摇晃了很过分,,,0,,unlabeled,ChnSentiCorp_htl_all,6182
HTL_S0845,HTL_R07604,房间设施陈旧而简陋，服务态度象国营企业，皮笑肉不笑的让人心寒。,作为一家4星级酒店，完全达不到要求。,餐厅的菜难吃而且贵。,1,,unlabeled,ChnSentiCorp_htl_all,7604
HTL_S0846,HTL_R06654,酒店的位置还比较方便，但是过于嘈杂，酒店的设施也太陈旧，大床和标准床无太大区别。,,,0,,unlabeled,ChnSentiCorp_htl_all,6654
HTL_S0847,HTL_R05737,最要命的是服务员没有经过训练，一点没有服务意识，态度恶劣！！！！！！！！,.,,7,,unlabeled,ChnSentiCorp_htl_all,5737
HTL_S0848,HTL_R06650,设施老旧，服务员素质不高借个勺子都要押金借伞也要押金服务员整理房间把遥控器卷到了被子里，晕宾馆反馈2008年5月13日：感谢您的点评。,,您入住的商务普房（装修较早的房型），酒店前述点评回复有很多涉及的地方，您可看看；押金确实造成您的不便，根据您的意见，我们已经修正，今后不再收取客人类似押金；服务员流动性较大，如何保持服务水平的稳定我们将努力做好。,0,,unlabeled,ChnSentiCorp_htl_all,6650
HTL_S0849,HTL_R01628,送餐服务太贵，超出这个档次的同类酒店。,环境很好，闹中取静。,,1,,unlabeled,ChnSentiCorp_htl_all,1628
HTL_S0850,HTL_R02917,但结帐时服务台年轻的工作人员显得经验不足.,"赞一下热水器,水量大,出水快!","另外,无人帮助提拿行李,无去机场的大巴.",5,,unlabeled,ChnSentiCorp_htl_all,2917
HTL_S0851,HTL_R02286,五一节去的，住的是家庭房，别的倒还可以，不过不知道为什么房间里蚊子特别多，全家被蚊子咬的伤痕累累，亲手消灭了3只蚊子，然后仔细察看了一下墙壁和家具，有好多陈年的血迹，估计是前几批住客消灭蚊子后留下的。,,在杭州户外两天都没有被蚊子咬，在这家宾馆一晚上咬得倒是挺多的。,0,,unlabeled,ChnSentiCorp_htl_all,2286
HTL_S0852,HTL_R00767,早餐种类挺多，旋转餐厅不错，交通方便。,房间设施陈旧，沙发大概是50年代的，卫生间很小。,,1,,unlabeled,ChnSentiCorp_htl_all,767
HTL_S0853,HTL_R06078,同样的钱我宁愿去开元的！,我以后绝对不会在住那里了！,总体来说就可以用一个字概括就是“差”,6,,unlabeled,ChnSentiCorp_htl_all,6078
HTL_S0854,HTL_R03040,房间环境服务都还不错，关键是价格很好，四星差不多。,,,0,,unlabeled,ChnSentiCorp_htl_all,3040
HTL_S0855,HTL_R06748,说实话连快捷酒店的标准都达不到，不知道为什么还收着4星的价格。,进去以后先入住的高层房间，很大的一股装修的味道，打电话到前台，换到6楼，倒是没有装修了，可是整个屋里都是厨房的味道。,一般酒店如果打电话到前台说一声都会免费延迟退房时间到下午2点，连5星的一般都可以，可是他们硬要收小时费，后来加了2小时，还多了不到10分钟也要再多算2小时的费用，找经理说了半天才免掉那几分钟。,4,,unlabeled,ChnSentiCorp_htl_all,6748
HTL_S0856,HTL_R05350,"国庆期间住过本酒店，我的评价就是""差,实在实际太差"".",,"第一:毛巾不仅仅是旧,而是破,有一个个洞洞.",0,,unlabeled,ChnSentiCorp_htl_all,5350
HTL_S0857,HTL_R06094,服务和设施都不值那个价钱.,这个酒店整体而已比较差.,晚上火车很吵.,3,,unlabeled,ChnSentiCorp_htl_all,6094
HTL_S0858,HTL_R01558,出行比较方便，房间也很安静，住徐家汇就住宛平。,,,0,,unlabeled,ChnSentiCorp_htl_all,1558
HTL_S0859,HTL_R01652,缺点就是房间设施相对较陈旧。,院内环境较好。,酒店用品显得有点旧。,2,,unlabeled,ChnSentiCorp_htl_all,1652
HTL_S0860,HTL_R06045,"只好回来找携程客服算帐,还好携程客服比较通融.",.,"酒店印象:3间房:2008,4002,5002(6人3间房还不挨着,晕......)房间门锁不是卡式,还是钥匙(钥匙?以前我只有住在招待所才用钥匙),房间整体装修感觉较旧,墙上有蚊子的标本,有饮水机,可以打到凉水(后来在博维大酒店就没饮水机,没凉水),浴室较小,浴缸较脏,还没有隔帘,热水还好,随时都有,4002马桶水箱按钮不能复位,每次要把水箱盖拿起来(走的时候和总台说了,不知道修没修),2008独立空调,4002,5002中央空调,5002中央空调冷气不行,大半夜3次打电话到总台都冷不起来,只好凌晨都挤到4002(严重影响4002客人休息!),3间房都没宽带,只有宽带线(没宽带有宽带线算怎麽回事儿???)带双早餐(鸡蛋,粥,花卷),还不能带回房,(有弟兄睡懒觉,结果只带回个鸡蛋),交通还好,到那里都方便,旁边有饭馆,也有药店,到海滩(体育基地)还得5公里左右.",7,,unlabeled,ChnSentiCorp_htl_all,6045
HTL_S0861,HTL_R02405,酒店的位置和服务都不错，但房间设施比较陈旧，离九州港很近，交通方便。,,适合一家人度假时入住。,0,,unlabeled,ChnSentiCorp_htl_all,2405
HTL_S0862,HTL_R03942,宾馆反馈2008年8月15日：非常感谢你的推荐，相信有了你的支持和认可我们的工作会做的更好！！！！,在此向各位会员推荐木棉花酒店。,期待您的下次光临！！,2,,unlabeled,ChnSentiCorp_htl_all,3942
HTL_S0863,HTL_R01994,酒店门口有公交车站，多路公交车经过；还有出租车在门口，打车也很方便。,我于4月底入住该酒店，整体来说该酒店超出我的预期。,酒店客房层设有中庭，宽敞明亮，让人感觉眼前一亮。,1,,unlabeled,ChnSentiCorp_htl_all,1994
HTL_S0864,HTL_R00924,"就是晚上到的时候，听到一帮子人在西餐厅吼卡拉ok,实在是太不雅了,也太扫兴了。",卫生间蛮宽敞，有淋浴房，也有浴缸，是分开的。,,1,,unlabeled,ChnSentiCorp_htl_all,924
HTL_S0865,HTL_R06559,很一般的酒店，不过汕尾也就这样的水平了，无奈,,,0,,unlabeled,ChnSentiCorp_htl_all,6559
HTL_S0866,HTL_R05833,"在张家界这个旅游热点城市但管理横乱的地方,凑合住了一夜---因为咱队其他地方也是不熟.","接线员说这是准四星,但只是准三星而已.",,2,,unlabeled,ChnSentiCorp_htl_all,5833
HTL_S0867,HTL_R04194,在北京CBD，还能找到300多元钱的套房式酒店真的太难了，房间干净、舒适，网线电脑都免费使用，客厅很大，可以招待朋友或商议事情！,,像我们这样经常在外出差的人能找到一家这样高型价比的酒店还真不容易！,0,,unlabeled,ChnSentiCorp_htl_all,4194
HTL_S0868,HTL_R07621,综合：不适合背包客或年轻人,就算我不睡觉的用也不值啊！,,2,,unlabeled,ChnSentiCorp_htl_all,7621
HTL_S0869,HTL_R06724,隔音效果太差，窗外空调机闹得一晚上没睡着觉，第二天就退店，换地方住了。,,,0,,unlabeled,ChnSentiCorp_htl_all,6724
HTL_S0870,HTL_R06471,就是靠服务员说几句你好就是管理？,真的差，这家酒店实在是服务有问题，说染头发掉色，弄脏了他的枕头，还问我要不要拿走（埋单），呵呵，住了那么多年酒店也是第一次，也不和他们说，你喜欢怎么扣就扣吧，以后不会再住如家，我第二天住了淄博饭店2天，也看到枕头有印，但是我告诉他们，他们说我们会帮您换上新的，这个我们会清洗了，实际上也住过如家几次，实际说真的，并不是非常理想，房间隔音差，管理参差不齐，酒店位置差，加上打的费用一样！,就是如家？,1,,unlabeled,ChnSentiCorp_htl_all,6471
HTL_S0871,HTL_R06137,设施太陈旧了，服务很差劲，态度恶劣。,,,0,,unlabeled,ChnSentiCorp_htl_all,6137
HTL_S0872,HTL_R06404,只是有个免费的停车场，也基本够大，每次过来停车比较方便。,我给我老家来的亲戚订的这个酒店，与我住的地方比较近，总天感觉酒店很一般。,,1,,unlabeled,ChnSentiCorp_htl_all,6404
HTL_S0873,HTL_R07066,这地方千万别去住了，绣花枕头一个。,,样子好看，。,0,,unlabeled,ChnSentiCorp_htl_all,7066
HTL_S0874,HTL_R05139,坐落在香港的老城区，可以体验香港居民生活，门口交通很方便，如果时间不紧，坐叮当车很好呀！,,周围有很多小餐馆，早餐就在中远后面的南北嚼吃的，东西很不错。,0,,unlabeled,ChnSentiCorp_htl_all,5139
HTL_S0875,HTL_R03831,这个酒店给人感觉不错，位置也比较好，硬件也不错，总体性价比较高，只是卧室如果有电视会感觉更好。,,,0,,unlabeled,ChnSentiCorp_htl_all,3831
HTL_S0876,HTL_R06758,得知没有后开始说帮我拿个冰箱上来，等了很久都没有，再次打电话后帮我拿了一包冰块上来。,介绍上说房间有冰箱，结果两间房都没有，因为有药需要冷藏打电话给客房服务问能不能帮我冰下，竟然反问我房间没有冰箱吗？,早餐是我这次旅行中最差的一次。,2,,unlabeled,ChnSentiCorp_htl_all,6758
HTL_S0877,HTL_R05865,房间的墙壁，厕所有点不干净。,此酒店位置太偏，附近没有商业网点，很不方便。,虽有早餐，但早上7点前不提供。,1,,unlabeled,ChnSentiCorp_htl_all,5865
HTL_S0878,HTL_R01323,服务员的态度非常好，而且因为离沟口很近，应该是去沟口游玩那几天的首选。,感觉床非常舒服，但是电视机有点落伍了，不是液晶的。,,2,,unlabeled,ChnSentiCorp_htl_all,1323
HTL_S0879,HTL_R07321,"唯一值得表扬的是服务人员反映还算快,有投诉能马上过来解释,他们能做的也只有解释,硬件的问题他们解决不了.","餐厅没有尝试,(协程总是贪污我们的早餐.我在协程订的房几乎没吃过免费早餐)所以没有评价6.",,20,,unlabeled,ChnSentiCorp_htl_all,7321
HTL_S0880,HTL_R02551,说是临湖实际离巢湖太远了.,,"不过总的来说,服务员的服务质量还是不错的,最好的是里面的餐饮,味道不错,比外面的饭店好吃",0,,unlabeled,ChnSentiCorp_htl_all,2551
HTL_S0881,HTL_R07289,请携程别为了回扣向我们推荐垃圾宾馆.,这样的宾馆四星级?,,2,,unlabeled,ChnSentiCorp_htl_all,7289
HTL_S0882,HTL_R00972,携程提供的离机场距离不对，应该至少20公里以上。,位置不错，离广场周边购物都近。,,2,,unlabeled,ChnSentiCorp_htl_all,972
HTL_S0883,HTL_R04641,离机场很近，15分钟，不到20块钱，可是离市区实在太远了，而且中间有段路蛮荒凉旁边有个易初莲花，还有个明珠广场，环境还是不错的，房间也行。,,携程的价格很没有竞争力，我和朋友同时入住，我的房价是548，朋友通过她公司预定，房价仅为410。,0,,unlabeled,ChnSentiCorp_htl_all,4641
HTL_S0884,HTL_R05871,打电话给前台提出需要修理，结果前台听不懂国语，于是很“自觉”的把电话转到了英文服务。,感觉很陈旧，不管什么卫生间也是像各位所说的，水池是坏的，下水速度很慢，花洒也不好用。,即使这样，最后也没有人来查看。,6,,unlabeled,ChnSentiCorp_htl_all,5871
HTL_S0885,HTL_R04625,"只是位置稍微不太好找,不过开车的话也无所谓了,好象广元的路也实在太难找了,比如去皇泽寺我都绕到了村里去了.","房间清洁,服务完善,而且价格还可以.",,1,,unlabeled,ChnSentiCorp_htl_all,4625
HTL_S0886,HTL_R03439,"酒店所处位置还可以,东营也就那么大,周围商店比较少,服务不错",,,0,,unlabeled,ChnSentiCorp_htl_all,3439
HTL_S0887,HTL_R03456,此宾馆十分气派，唯一美中不足的是，我去的那几天，从宾馆出来不容易打到车,,,0,,unlabeled,ChnSentiCorp_htl_all,3456
HTL_S0888,HTL_R07240,午饭想点菜，但被告知只有自助餐提供。,早餐很难吃也就罢了。,把浴巾放在浴缸里希望更换，晚上看到更换的浴巾上竟然有毛发。,3,,unlabeled,ChnSentiCorp_htl_all,7240
HTL_S0889,HTL_R07589,酒店比较旧，不符合四星标准，出行不是很方便。,,,0,,unlabeled,ChnSentiCorp_htl_all,7589
HTL_S0890,HTL_R06364,差的很，建议推出携程网推荐用户。,,强烈建议！！！！！！！！！！！！！！！,0,,unlabeled,ChnSentiCorp_htl_all,6364
HTL_S0891,HTL_R05627,"推荐天目湖宾馆,各方面设置比这家好多了.",,"值得推荐的是他们的餐厅还算过得去,鱼头还能吃吃.",0,,unlabeled,ChnSentiCorp_htl_all,5627
HTL_S0892,HTL_R00572,补充点评2008年5月26日：写错了，是四星级,地理位置还不错，比较好找，酒店的早茶还不错。,,2,,unlabeled,ChnSentiCorp_htl_all,572
HTL_S0893,HTL_R00811,酒店环境：5分，很有味道的芙蓉文化主题酒店，很有特色，个人很喜欢，就是作为4星级酒店来说服务态度稍微差了一点。,酒店地理位置：4分，地理位置一般，离火车站文殊院较近，出租车相对比较好叫，大约等5分钟左右。,,1,,unlabeled,ChnSentiCorp_htl_all,811
HTL_S0894,HTL_R07393,不建议大家住该酒店，我就是没有看网上点评，入住后很窝火。,,,0,,unlabeled,ChnSentiCorp_htl_all,7393
HTL_S0895,HTL_R02720,很好的酒店，设施和服务都让人满意，就是偏远了一点。,,,0,,unlabeled,ChnSentiCorp_htl_all,2720
HTL_S0896,HTL_R06494,"常住的房间也没什么好点评的那天我住的房间墙面太恶心了太脏了,房间设施还可以",,,0,,unlabeled,ChnSentiCorp_htl_all,6494
HTL_S0897,HTL_R02909,房间设施陈旧，酒店周围环境很好，服务很好，早餐很烂。,,,0,,unlabeled,ChnSentiCorp_htl_all,2909
HTL_S0898,HTL_R06681,一个很破，很古老的酒店，估计即将被淘汰，设施设备很差。,,,0,,unlabeled,ChnSentiCorp_htl_all,6681
HTL_S0899,HTL_R06745,携程的客服通过我手机向前台提出可以先办理手续让我入住，前台人员白眼一翻，然后告诉我，既然你要携程积分，那你慢慢等携程给我传真好了。,这个酒店是我去过的连锁酒店服务最差的一个，其原因是变相拒绝携程客户，明明有房间可以预定，一听说是要通过携程预定，立马变脸，就告诉你没有特价房间了，如果不通过携程，可以给我打折20元，看见我坚持要通过携程预定，就不怎么搭理人了。,我在大厅大概等了30分钟，然后才办理好房间。,1,,unlabeled,ChnSentiCorp_htl_all,6745
HTL_S0900,HTL_R01579,酒店非常的好，位子也还不错。,,楼上的餐厅可以看到很美的上海夜景非常喜欢，价格太高啦,0,,unlabeled,ChnSentiCorp_htl_all,1579
HTL_S0901,HTL_R04204,套房里还有免费软饮，免费洗衣(一定的金额内)，所以说还是物有所值。,入住的是商务套房，虽然没有协程上写的72平米那么大，但是52平米的布局和装修等等都非常得满意。,地方虽然不靠海，但是我住的32楼可以看到海，而且离青岛最有名的美食街云霄路可以不行，所以说虽然没有海边度假村的那么休闲，但是地理位置还是相当的不错。,1,,unlabeled,ChnSentiCorp_htl_all,4204
HTL_S0902,HTL_R05917,卫生间没有浴缸，早餐品种极少，酒店也只有一部电梯，很不方便，所以本来预订五天的，住了两天就退房了。,房间里竟然没有衣柜，没有袋泡茶，让人有些不习惯，但房间打扫得到是很干净，还有免费宽带。,,2,,unlabeled,ChnSentiCorp_htl_all,5917
HTL_S0903,HTL_R02650,去尖沙嘴的酒店巴士还算方便，酒店附近吃饭超级方便。,下次来应该还会考虑吧。,,2,,unlabeled,ChnSentiCorp_htl_all,2650
HTL_S0904,HTL_R05232,酒店的位置还是不错的，附近就有地铁站可通达各处，从机场过来想省钱的话坐A31就可以了，房间面积比较大，房间设施比较全，电吹风、电冰箱、保险箱、洗漱用品、面巾纸都有，关键是屋里有一个沙发床，带小童的话很方便。,,服务也很到位，整体来说性价比比较高。,0,,unlabeled,ChnSentiCorp_htl_all,5232
HTL_S0905,HTL_R06238,内部设施不人性化，尤其烧热水的设施明显接触不良，且他后面的插线板在下面，不方便使用。,卫生间特别小。,,1,,unlabeled,ChnSentiCorp_htl_all,6238
HTL_S0906,HTL_R00716,"酒店很旧海景别墅是木板地很响,白天房间很晒空调又不太制冷.",1号刚去过.,到处是蚊子.,1,,unlabeled,ChnSentiCorp_htl_all,716
HTL_S0907,HTL_R07657,",特价房里面居然有两扇门，虽然大不太，但也让你睡不好.",.,.,6,,unlabeled,ChnSentiCorp_htl_all,7657
HTL_S0908,HTL_R05661,"住去感不是那回事,很,不很干.",,"旁的海很,有大水往海注入水.",0,,unlabeled,ChnSentiCorp_htl_all,5661
HTL_S0909,HTL_R00850,把我订房的携程积分都弄丢了，呵呵，携程问过我好几次，很烦。,房间大，细节不好，住过上海新梅万豪，三亚万豪，这个万豪最差。,最后还是没用。,1,,unlabeled,ChnSentiCorp_htl_all,850
HTL_S0910,HTL_R05858,帮朋友预定了2个晚上的房间，第二天早上服务员竟然说没有定2个晚上，要求退房，而且态度极其不好，还我朋友担心，跟我电话联系很多次。,,,0,,unlabeled,ChnSentiCorp_htl_all,5858
HTL_S0911,HTL_R03808,早餐的小馄饨很好吃，特别推荐一下。,可能是使用时候稍长的原因，有些地方稍有些脏，比如地毯。,,2,,unlabeled,ChnSentiCorp_htl_all,3808
HTL_S0912,HTL_R06177,酒店非常一般，设施很老，位置也比较偏，严重不复合这个价位,,,0,,unlabeled,ChnSentiCorp_htl_all,6177
HTL_S0913,HTL_R05934,"很久了,想起基本上还是产生不了",,,0,,unlabeled,ChnSentiCorp_htl_all,5934
HTL_S0914,HTL_R01420,去年出差时就住过中州，当时带客户去的，感觉不错。,,所以今年出差又选这家了。,0,,unlabeled,ChnSentiCorp_htl_all,1420
HTL_S0915,HTL_R05832,在酒店的一家旅行社也很不正规。,早餐无法吃，餐具脏，食物差。,第二天立刻走人，心情差。,4,,unlabeled,ChnSentiCorp_htl_all,5832
HTL_S0916,HTL_R05439,定的是豪标的房间，等到了前台，居然说我没有预定，折腾了半天，郁闷，出差住酒店没有好的服务态度，真的很不爽，然后上楼，5楼，电梯不知道怎么坏掉了，问服务台怎么办，能不能修修，她冷冷的就一句：爬楼梯！,强烈不推荐。,我可是带着一个大行李的啊！,1,,unlabeled,ChnSentiCorp_htl_all,5439
HTL_S0917,HTL_R05837,所以，第二天我就另某住处了。,有意思的是，我想把行李寄存在酒店一下，那个问讯处的小姐就拿一张纸写了一个收条给我，连个正规点的单据也没有，可见管理的不足，也不知道怎么评上四星的。,,6,,unlabeled,ChnSentiCorp_htl_all,5837
HTL_S0918,HTL_R06020,非常不好，我们渡过了一个让人难以忍受的纪念日.,,com/thread-1368750-1-2.,0,,unlabeled,ChnSentiCorp_htl_all,6020
HTL_S0919,HTL_R06225,浴室也很一般，看起来脏脏的。,没有烧水的壶，只有一部不是很干净的饮水机。,周边环境也不是很好，不像市中心。,4,,unlabeled,ChnSentiCorp_htl_all,6225
HTL_S0920,HTL_R05470,房间地毯非常脏；窗户隔音非常差，外面就是马路，只要有车就很吵；卫生间挂毛巾的地方都没有，除非台板下面；没有免费的饮用水；总台的服务很差，好像是你欠她的。,在临安还算是个不错的酒店，但是现在越来越差了。,不过也有好的方面：最近一次入住长话免费打，虽然我几乎不打；早餐不贵，而且很多健康食品。,1,,unlabeled,ChnSentiCorp_htl_all,5470
HTL_S0921,HTL_R03459,特别喜欢游泳池和健身的地方，交通方便离琶洲展馆比较近，离天河城也近，早餐挺不错的，但他们酒店的其他东西我没有吃过，就不做评论了，总体感觉还是满意的，下次出差还会去住。,,,0,,unlabeled,ChnSentiCorp_htl_all,3459
HTL_S0922,HTL_R00428,"只是宽带还需要收费,这点是否应该改进.",前台服务生的态度也很好.,,2,,unlabeled,ChnSentiCorp_htl_all,428
HTL_S0923,HTL_R01939,其他倒没什么，就是太吵了，隔音不好，希望能改进一下。,,,0,,unlabeled,ChnSentiCorp_htl_all,1939
HTL_S0924,HTL_R02554,"服务态度尚可;房间硬件较老;酒店外部环境不错,空气清新,安静.",,坐落在山坡上.,0,,unlabeled,ChnSentiCorp_htl_all,2554
HTL_S0925,HTL_R06555,不知前面几位朋友怎么评价的，反正我自己入住后感觉实在不好，CHACKIN,,,0,,unlabeled,ChnSentiCorp_htl_all,6555
HTL_S0926,HTL_R03726,硬件设施，前台服务，房间服务都不错，值得表扬。,,早餐种类也还算丰富，6点半就有了，这点不错。,0,,unlabeled,ChnSentiCorp_htl_all,3726
HTL_S0927,HTL_R00790,我们将一如既往地保持5星级的服务标准，欢迎您再次下榻，衷心祝您身体健康，工作顺利!,自助早餐涨价了不少宾馆反馈2008年8月8日：感谢您对本酒店的支持！,,2,,unlabeled,ChnSentiCorp_htl_all,790
HTL_S0928,HTL_R03351,唯一的缺憾就是所在的地点略偏远了一点，附近吃饭不是很方便，要走十多分钟到老街，更适合自驾游者。,设施较新，服务员的态度也不错，带我们看房，还很爽快地按照我们的要求给换了景观较好的房间，热情地解答我们各样的问题，门口的保安也是热情地帮我们找来汽车修理人员，解决我们车子遇到的突发问题。,,1,,unlabeled,ChnSentiCorp_htl_all,3351
HTL_S0929,HTL_R05689,优点也有，就是前台check-in的女孩倒确实很漂亮，呵呵。,酒店内的按摩和足疗的价格就是让你去一次再也不要去第二次，而且会一直鼓动你增加消费项目！！,,3,,unlabeled,ChnSentiCorp_htl_all,5689
HTL_S0930,HTL_R06196,"宾馆反馈2008年4月5日：酒店离市中心,只有三分钟车程,周围有很多吃饭的地方,欢迎到总台咨询.",早餐感觉也没有以前好了。,早餐的品种已调整,2,,unlabeled,ChnSentiCorp_htl_all,6196
HTL_S0931,HTL_R01761,房间设施有点儿陈旧，不过很干净，足够啦。,只是一点儿遗憾，游泳池没有开。,表扬一下前台一位副理。,8,,unlabeled,ChnSentiCorp_htl_all,1761
HTL_S0932,HTL_R02772,宾馆反馈2008年7月2日：您好！,酒店位置不是很好，，但是房间还是可以的，很大。,感谢您的评论，我酒店是位于大连市西部商业中心，毗邻星海广场和星海会展中心，酒店周边环境相对来说差一些，酒店正在努力加以改善，希望我们酒店的周到服务会迎来您的下次光临！,1,,unlabeled,ChnSentiCorp_htl_all,2772
HTL_S0933,HTL_R00664,只不过这种春节价位希望酒店能够实现春节特价周末常态化，这样会吸引大部分旅客！,春节特价入住套房，含早/晚餐，服务非常到位，只是由于酒店有些老，但是设施还算不错！,,1,,unlabeled,ChnSentiCorp_htl_all,664
HTL_S0934,HTL_R05328,"(中13人口中,民只有3.2.不到1/4!!!)看到的民,自好?","我是不抽的人,成二手的受害者!",.,3,,unlabeled,ChnSentiCorp_htl_all,5328
HTL_S0935,HTL_R04130,装修的味道特重，熏的人特难受，临街的房间特吵，吵的无法入睡,,,0,,unlabeled,ChnSentiCorp_htl_all,4130
HTL_S0936,HTL_R07334,"旅馆可能根本没有无烟房,但携程竟然也没事先说一下算是失职.","预订时说希望要无烟房,结果开了房门以后被烟味及各种体臭味搞得一夜未眠.","设施破旧,毛巾都是发黄的.",2,,unlabeled,ChnSentiCorp_htl_all,7334
HTL_S0937,HTL_R06162,"第五,酒店主要面向团队,不喜欢商务客人第六,房间隔音极差,隔","第四,投诉无门,他们不会接受你的投诉更不会有人和你说对不起.",,4,,unlabeled,ChnSentiCorp_htl_all,6162
HTL_S0938,HTL_R00445,"饭店地理位置是非常适合夏天度假的地方,硬件设施差于5星,服务达标,早餐自助餐比较简单,打的比较困难.",,,0,,unlabeled,ChnSentiCorp_htl_all,445
HTL_S0939,HTL_R07542,"酒店周边环境尚可,离火车站5公里左右,算远,房间空气不行,较旧.",,不推荐.,0,,unlabeled,ChnSentiCorp_htl_all,7542
HTL_S0940,HTL_R07373,这是我住过最懒的酒店。。。,,脏！,0,,unlabeled,ChnSentiCorp_htl_all,7373
HTL_S0941,HTL_R07525,"前台的人该好好上上培训课了,永远一张扑克脸,我是顾客又没借你钱,干吗要看你脸色.",,"房间的设施越来越旧,洗手间的毛巾该换了,如果不是因为方便工作以这样的价格绝对不会考虑入住.",0,,unlabeled,ChnSentiCorp_htl_all,7525
HTL_S0942,HTL_R05826,"房间布置是简约型的那种,床和被子都是廉价的感觉,空调极冷而且温度调节不灵,只能睡前关掉,但还是因此感冒,早餐质量非常一般.",,以后不会再去了.,0,,unlabeled,ChnSentiCorp_htl_all,5826
HTL_S0943,HTL_R05924,"卫生间有一股说不清的味道,本来想洗澡,但是看过卫生间后,还是打消了念头!","外观还行,但是里面的环境就没法提了.","早餐只有面包\粥\咸菜\,以及鸽子蛋大小的鸡蛋.",1,,unlabeled,ChnSentiCorp_htl_all,5924
HTL_S0944,HTL_R04660,原本以为会很吵，可以住在17楼，根本就听不到声音。,交通方便，门口就是大连火车站。,费用方面200多元，感到很值。,3,,unlabeled,ChnSentiCorp_htl_all,4660
HTL_S0945,HTL_R07536,服务不错，入住，离店都很快。,家具很陈旧了。,门童用几乎挑衅的眼光目送我们拿着一堆行礼推门入店，到前台办理入住。,7,,unlabeled,ChnSentiCorp_htl_all,7536
HTL_S0946,HTL_R00139,我9号入住行政层（28楼），设施还好，服务不错，但电梯太老了。,,,0,,unlabeled,ChnSentiCorp_htl_all,139
HTL_S0947,HTL_R05994,虽然预定比较方便，但是宾馆的对顾客的关怀不足，房间冷得让人睡不着觉服务人员还说暖和的！！！,,"宾馆反馈2008年5月4日：首先感谢您入住汇宾楼,并给我们提出问题.",0,,unlabeled,ChnSentiCorp_htl_all,5994
HTL_S0948,HTL_R07651,其他没什么，就是房价便宜。,,很老的星级宾馆了，愧对4星的标准了。,0,,unlabeled,ChnSentiCorp_htl_all,7651
HTL_S0949,HTL_R03998,酒店为行政层设置了单独的早餐厅，环境很好，只是感到品种太少了些，早餐质量也有待提高，不知道是不是因为新政层每天用早餐的人不是很多。,特别喜欢为入住客人准备的很厚很软的大拖鞋，作为一次性使用的拖鞋感到太可惜了。,以后到南京还会考虑入住的。,3,,unlabeled,ChnSentiCorp_htl_all,3998
HTL_S0950,HTL_R07036,首都的服务啊，给全国人丢人现眼。,不建议大家去住，只有后悔。,,1,,unlabeled,ChnSentiCorp_htl_all,7036
HTL_S0951,HTL_R05387,从来没见过这样的酒店！！！,这家酒店真让我心寒！,补充点评2008年7月2日：强烈建议大家不要入住怀仁酒店,3,,unlabeled,ChnSentiCorp_htl_all,5387
HTL_S0952,HTL_R07714,"房间装修差设施也不好,早餐很一般.",,位置偏僻.,0,,unlabeled,ChnSentiCorp_htl_all,7714
HTL_S0953,HTL_R06923,老板很省得，公共空间再热都不开空调，等一次电梯就是一头汗。,,补充点评2008年7月19日：写字台莫名其妙的多了一溜边边，用电脑一直就这么咯着，很不爽，不知是那个脑残设计的。,0,,unlabeled,ChnSentiCorp_htl_all,6923
HTL_S0954,HTL_R04611,最近半年第三次个人目的去香港，因为很熟了，所以很少坐地铁，更少打车，这样华美达的位置其实很不错，如果不是皇后大道上的万豪酒店，就成了海景房了，呵呵。,,楼下德辅道西很多巴士，A21可以直达，尽管我到的那天香港暴雨，大屿山高速封闭，只有搭机场快线进港岛，仍然可以在香港机铁站搭到免费的酒店空调小巴，大约十五分钟一班吧，没什么人，很不错。,0,,unlabeled,ChnSentiCorp_htl_all,4611
HTL_S0955,HTL_R02930,"但价格有点高,可能太原的酒店价格普通比较高的原因吧!","交通位置很好,服务设施还可以.",,1,,unlabeled,ChnSentiCorp_htl_all,2930
HTL_S0956,HTL_R05137,"没有桑拿设备,理由是正在维修,但真正的原因是不赚钱.",,,0,,unlabeled,ChnSentiCorp_htl_all,5137
HTL_S0957,HTL_R00281,"感觉不错哦,离汽车站和火车站的距离都不是非常远.",10月16日入住该酒店.,"房间很干净,空间也非常大.",1,,unlabeled,ChnSentiCorp_htl_all,281
HTL_S0958,HTL_R02679,酒店的设施是按四星标准，但可能时间比较长了，设施有点老化，显得比较旧了。,酒店是四星的，服务不错，晚上还送点心。,不过整体来说还是不错的。,1,,unlabeled,ChnSentiCorp_htl_all,2679
HTL_S0959,HTL_R06173,建议不要选择电梯附近的房间，门口有服务电话，房间隔音很差，很吵。,第二天送上两只香蕉，两只苹果的“果篮”作为道歉。,早餐的两个地方只能打60分。,3,,unlabeled,ChnSentiCorp_htl_all,6173
HTL_S0960,HTL_R07417,以前我们的客人入住该酒店，一直对酒店印象不错，但是这次,,,0,,unlabeled,ChnSentiCorp_htl_all,7417
HTL_S0961,HTL_R06629,送餐服务到晚上八点就停止了。,服务态度似乎还可以接受，但可惜的是：我同事房间没有网线口(10层)，咖啡厅很早就关门了，早餐说是到10点半，实际上到9点就没有了，也不加了。,该饭店周围环境很差，被垃圾包围。,1,,unlabeled,ChnSentiCorp_htl_all,6629
HTL_S0962,HTL_R06519,3，第三间房：发现“不间断电源”是没电的，但我实在不想再换房了。,我在前台提出意见根本就不理我！,谁知道等我放好行李准备出门办事时发现房门居然是锁不上的，关门后只要稍微用力一推门就开了！,5,,unlabeled,ChnSentiCorp_htl_all,6519
HTL_S0963,HTL_R06459,"不知道是不是因为订的是168的168元特价房的关系,前台的态度非常之差,冷嘲热讽的,弄得好像订他们168的房占了他们天大的便宜似的,这么不情愿那干脆取消掉好了,弄出特价房本来是好事情,却这种态度,鄙视之~",,,0,,unlabeled,ChnSentiCorp_htl_all,6459
HTL_S0964,HTL_R02635,酒店比较旧，服务还可以，附近也没什么宾馆了。,,,0,,unlabeled,ChnSentiCorp_htl_all,2635
HTL_S0965,HTL_R05487,"服务生年龄一般都很大,老油条服务,较差.",床垫上只有很薄的床单有很硌的感觉.,步行到世纪公园站约5分钟.,3,,unlabeled,ChnSentiCorp_htl_all,5487
HTL_S0966,HTL_R00211,浴缸下水很慢，淋浴超过十分钟就要考虑停水等待它慢慢流走，如果一味痛快洗澡就意味着脚脖子被泡沫淹掉。,建议领导者多出去看看同类型的酒店设施会有很多启发。,赶紧改善吧～,4,,unlabeled,ChnSentiCorp_htl_all,211
HTL_S0967,HTL_R07543,非常一般的酒店，服务台上挂的特色宾馆牌子一点不能得到体现，服务态度也冷淡。,,环境也相当一般，完全么有传说中养眼的出现，不值,0,,unlabeled,ChnSentiCorp_htl_all,7543
HTL_S0968,HTL_R02171,早餐品种还说的过去，但量少，希望有所改进。,酒店服务员服务态度很好，酒店硬件条件很差，要么是个老酒店要么就是因为维护问题，房顶几乎全部都有起皮现象，玻璃外部奇脏。,但在盘锦这地方，我想这酒店也应该算是不错的了，我感觉酒店设施的陈旧应该和入住人员的素质有关，客人不爱惜酒店设施，但依然希望酒店应该尽快更新破损的部分。,1,,unlabeled,ChnSentiCorp_htl_all,2171
HTL_S0969,HTL_R05433,"我住在6楼,3楼KTV的声音很吵!",,打电话到大堂投诉居然把电话挂掉就算了.,0,,unlabeled,ChnSentiCorp_htl_all,5433
HTL_S0970,HTL_R05840,问酒店要，半小时催了三次电话才来。,床上只有一床单被，到处找被子，无。,还是冷，要求在加一床被子，服务员去后再也没回，打到总台，又等了半天，回复没被子了。,7,,unlabeled,ChnSentiCorp_htl_all,5840
HTL_S0971,HTL_R04050,不过该酒店在缙云算最好了,"酒店早餐写着7-9点,我们7点10分下来时,有好多菜还是冷的,准备工作没做好.",,2,,unlabeled,ChnSentiCorp_htl_all,4050
HTL_S0972,HTL_R04925,"酒店面积超大,住宿区分很多楼,并有面积不小的绿化.",不亏是园林酒店.,"非常适合休闲度假,唯一欠缺一点的就是不直接面对海.",1,,unlabeled,ChnSentiCorp_htl_all,4925
HTL_S0973,HTL_R04521,地理位置不错，房间里设施较旧，属于比较好的三星酒店，基本有准四星的程度,,,0,,unlabeled,ChnSentiCorp_htl_all,4521
HTL_S0974,HTL_R05596,赶紧离开这个是非之地吧。,好在4星级的景德镇大酒店的房间已经出来了，可以住进去了。,后来想想，前台打电话上去，然后1分钟左右楼上就打电话下来说不见了书，这么快的速度，好像早就知道少了什么似的，让人不能不怀疑其目的性了。,20,,unlabeled,ChnSentiCorp_htl_all,5596
HTL_S0975,HTL_R06039,)房间的空调有时会突然不制冷.,3.,4.,7,,unlabeled,ChnSentiCorp_htl_all,6039
HTL_S0976,HTL_R01886,房间的一次性用品相对给的是这些酒店中质量最好的。,第一次去郑州出差就住的这家，总体感觉还是不错的。,卫生意设计的很有意思，空间利用非常合理。,1,,unlabeled,ChnSentiCorp_htl_all,1886
HTL_S0977,HTL_R07608,"如果是集团划账请千万注意多收费现象,而且周期很长,可能会花一个月时间在对账上.","用餐一般，价格比一般稍贵，签单付账时千万注意，因为它没有明细，只会写""零点餐""然后一个总金额""如""零点餐－－1032.00"").",(请分清是销售在和您对账而不是财务).,1,,unlabeled,ChnSentiCorp_htl_all,7608
HTL_S0978,HTL_R02095,生日有礼，更要感谢中餐部的郑春妹女士，在得知本人身体不佳的情况下，特别送餐到客房很感动，下次到厦门一定还住在这里。,非常满意的一家宾馆，入住了五天让我感受不一样的服务。,谢谢了，谢谢你们的服务！,1,,unlabeled,ChnSentiCorp_htl_all,2095
HTL_S0979,HTL_R03224,温泉离酒店隔离一条大马路，无法直接前往，很不方便，必须走高架桥或坐酒店电瓶车绕路前往，如果是冬天客人穿衣服去泡温泉就会很麻烦。,离厦门市区太远，酒店没有车接送，自行前往很麻烦。,温泉确实不错，硬件设施比较齐全，但单独收费项目太多，没有在进去之前说明，原来以为酒店昂贵的房间价格包含的温泉票就包括温泉的消费，真正进温泉才知道不是这样，温泉内部大大小小的收费很多的。,1,,unlabeled,ChnSentiCorp_htl_all,3224
HTL_S0980,HTL_R00594,服务很好，一直住这个酒店。,房间虽小，但设施齐全。,,1,,unlabeled,ChnSentiCorp_htl_all,594
HTL_S0981,HTL_R07473,房间里的设施没有广告中理想！,,价格也没有网上所说的那样分明清楚~~,0,,unlabeled,ChnSentiCorp_htl_all,7473
HTL_S0982,HTL_R06016,反正以后不会再考虑这家了,"用我的笔记本上网时好时坏,到后来索性就连不上了,我只好用自己的无线都比它的强.",,5,,unlabeled,ChnSentiCorp_htl_all,6016
HTL_S0983,HTL_R02780,欢迎再次入住其士大酒店。,还可以吧，价格实惠宾馆反馈2008年4月17日：谢谢！,,1,,unlabeled,ChnSentiCorp_htl_all,2780
HTL_S0984,HTL_R06859,而且开始说烧会就好了，我等到三点也没洗成！,可事实太不可思议了，本地人告诉我饭店在市郊，很偏的，找了半天才找到，进入的时候里面没有生气，大堂就一位服务员，当时她也没问我预定的事，只是从抽屉取出一大碟卡，原来饭店除了我们仅有一个房间有人住，最可气的是三间房热水器都不好洗澡，换了房也不行。,被子也感觉不干净！,2,,unlabeled,ChnSentiCorp_htl_all,6859
HTL_S0985,HTL_R00395,可是周边环境太差，很吵。,还算马马虎虎的的3星宾馆吗，地理位置还可以，和广场很近。,而且门口没有出租车，外出很不方便。,1,,unlabeled,ChnSentiCorp_htl_all,395
HTL_S0986,HTL_R04849,拿房时没大床房了，给我们免费升成套房，这点还蛮满意的。,,酒店大致不错，有国内五星水准。,0,,unlabeled,ChnSentiCorp_htl_all,4849
HTL_S0987,HTL_R01868,"房间的整洁及服务都不错,人员的训练及接待都很亲切,入住的感觉也很不错",,,0,,unlabeled,ChnSentiCorp_htl_all,1868
HTL_S0988,HTL_R05925,服务人员态度也不是很好，房间的水龙头出来的水开始相当长时间也是黄黄的。,这个饭店真的很一般，感觉不太好。,下次不会再去了,1,,unlabeled,ChnSentiCorp_htl_all,5925
HTL_S0989,HTL_R05667,晕……另：携程预订此酒店房间价格偏贵，直接入住前台谈价只要340元，而携程价却要378元。,（不懂酒店如何自定义）要求与上次入住同样房型，告知已无房，遭拒。,不知携程如何确保网上公布的价格如所宣传的那样，是最实惠的价格？,3,,unlabeled,ChnSentiCorp_htl_all,5667
HTL_S0990,HTL_R00740,"无论是硬件设施还是服务,都很无可挑剔.","我住过南京所有的五星酒店,选来选去还是这家(曾经的香格里拉).",.,1,,unlabeled,ChnSentiCorp_htl_all,740
HTL_S0991,HTL_R02951,酒店的环境在安庆还算不错，不过有点老，早餐很好！,,,0,,unlabeled,ChnSentiCorp_htl_all,2951
HTL_S0992,HTL_R00879,房间有点压抑的感觉想了半天觉得是天花太矮。,睡衣有霉味。,灯光不太好控制。,2,,unlabeled,ChnSentiCorp_htl_all,879
HTL_S0993,HTL_R04231,"酒店很新,房间大设施全,离汽车站很近,不过地点大概属于城外了.",,下次还是会选择这里,0,,unlabeled,ChnSentiCorp_htl_all,4231
HTL_S0994,HTL_R03100,交通非常方便，离榆次老城非常近，走路5分钟可到达。,是我住过最好的4星级宾馆之一。,房间里面还提供杂志和旅游指南。,2,,unlabeled,ChnSentiCorp_htl_all,3100
HTL_S0995,HTL_R03911,"跟众人评价的差不多,商务大床的房间比浦东店的要小很多.",,总体来说这个价位来讲设施还是蛮好的.,0,,unlabeled,ChnSentiCorp_htl_all,3911
HTL_S0996,HTL_R07712,大家都说平湖君悦酒店床铺太小，很不幸我中招了，我是预订完了之后才看到大家评价的。,,这家酒店的内部设施偏老，早餐不好吃，房间有点小，设施还算全，卫生间也很旧！,0,,unlabeled,ChnSentiCorp_htl_all,7712
HTL_S0997,HTL_R02297,但是酒店的服务就感觉太没有星级的标准的！,房间的布置还有酒店的环境确实让人感觉物超所值！,感觉什么都是冷冷的！,1,,unlabeled,ChnSentiCorp_htl_all,2297
HTL_S0998,HTL_R05866,这样最起码的服务都没有，还不如人家街头小旅馆！,想要借用电吹风，可服务员说没有，原来其他房间都有安装电吹风，就是我住的标房B没有。,补充点评2007年4月16日：前台服务实在不怎么样，我进酒店的时候一大群前台服务员不知道在讨论什么，愣是没人理我。,2,,unlabeled,ChnSentiCorp_htl_all,5866
HTL_S0999,HTL_R06895,现在去太仓在看他们房间价格比过年的时候贵２倍，太仓宾馆的房价太高！,早点吃的也不是很舒服，吃的东西不是冷的就是半热！,,3,,unlabeled,ChnSentiCorp_htl_all,6895
HTL_S1000,HTL_R01650,设施简单、陈旧，但对于住一晚的我来说，也能将就。,酒店除了所处位置非常有优势外，其他的应该没什么了。,,1,,unlabeled,ChnSentiCorp_htl_all,1650
HTL_S1001,HTL_R02076,有些客人喜欢将脏衣服暂时放入酒店的洗衣袋内，并非需要酒店清洗。,如果有特急物品，也可以通知大堂副理处理。,也有过多起这种洗衣，事后客人认为没有这种需要，并在清洗过程中耽误客人的时间。,4,,unlabeled,ChnSentiCorp_htl_all,2076
HTL_S1002,HTL_R01073,同学在附近上班，推荐的酒店。,,总体还可以，傍晚电梯旁有个穿白色礼服的小姐站在那里迎宾，那礼服怎么看都像婚纱，如果不是她旁边没有新郎样子的人并且她没有做头发，还真以为她是在那里办婚宴的呢。,0,,unlabeled,ChnSentiCorp_htl_all,1073
HTL_S1003,HTL_R04180,第二次来石狮出差，经石狮客户及网络推荐入住五洲，总体感觉还是挺温馨的，服务员很礼貌，管理很到位，只是有一样不太好，晚上六点钟之后订不到中餐包厢，真是美中不足。,,,0,,unlabeled,ChnSentiCorp_htl_all,4180
HTL_S1004,HTL_R00718,房间有点旧了，但还算整洁，水有点黄，建议多带点瓶装水饮用，环境不错。,是我在北戴河附近住过的的比较舒适的饭店，是凯莱管理的，从服务到设施都比较正规。,服务也不错，效率很高。,1,,unlabeled,ChnSentiCorp_htl_all,718
HTL_S1005,HTL_R00930,"可惜酒店隔音很差,正好遇上那天有几个无赖没拿到房间一直闹,给安排了工作人员房后半夜还在闹,很烦人.","不错的酒店,据说比重新装修前好很多.","虽然不关酒店的事,可是却凸现了隔音问题.",1,,unlabeled,ChnSentiCorp_htl_all,930
HTL_S1006,HTL_R01949,值的推荐呀……补充点评2007年10月10日：对了，还有免费水果，很温馨的感觉，宽带速度也很快。,（大门还在改造）下次去试试。,,5,,unlabeled,ChnSentiCorp_htl_all,1949
HTL_S1007,HTL_R02353,周围环境稍有嘈杂，仍是闹中取静的地方。,房间清理得不是狠及时，服务基本到位。,2015是我住的房间，如果下次去还要住这里，“好”就是一个字！！,1,,unlabeled,ChnSentiCorp_htl_all,2353
HTL_S1008,HTL_R05465,条件一般，就是地理位置不错，离市中心比较近，出行还比较方便。,,,0,,unlabeled,ChnSentiCorp_htl_all,5465
HTL_S1009,HTL_R05483,这里服务各方面不达五星级标准，早餐特别不好,,,0,,unlabeled,ChnSentiCorp_htl_all,5483
HTL_S1010,HTL_R00277,"地址不错,位于民族大道,由于我们是自驾车,所以比较容易找.",,"房间实在太小,简陋了点.",0,,unlabeled,ChnSentiCorp_htl_all,277
HTL_S1011,HTL_R04499,很大气的酒店，房间设置布局很合理漂亮。,,卫生服务很好。,0,,unlabeled,ChnSentiCorp_htl_all,4499
HTL_S1012,HTL_R04501,每次出差都住在这家酒店，酒店在服务上做得很好.,,"前台小姐很有礼貌,训练有素，非常热情，由于飞机晚上很迟到达，大堂经理还专门派车接了我，她们这种热情、细致、周到的服务使人有种宾至如归的感觉，下次还会到这家酒店入住.",0,,unlabeled,ChnSentiCorp_htl_all,4501
HTL_S1013,HTL_R06538,但是房间构局极不合理，一个小桌子紧挨着床，上网必须盘腿坐在床上才行，洗脸盆居然设在离床不到一米的地方，一旦洗点什么东西，枕头床单一定会被溅湿。,作为这个价位的经济型酒店，总体还算可以。,房间整体比较潮湿。,1,,unlabeled,ChnSentiCorp_htl_all,6538
HTL_S1014,HTL_R04088,总之，这个以前觉得还可以的宾馆是再也不想去了。,晚上既然又出现了莫名的大虫子，很失望。,,3,,unlabeled,ChnSentiCorp_htl_all,4088
HTL_S1015,HTL_R07251,给您带来不便我们深表歉意！,宾馆反馈2008年3月27日：感谢您入住万事达酒店，我们酒店现正进行热水器更换，工地问题是深圳地铁工程施工。,谢谢您的评论！,8,,unlabeled,ChnSentiCorp_htl_all,7251
HTL_S1016,HTL_R05944,由于工作需要，要求延住一天时，酒店再次要求补刷差额，这次只要求加一天的房价，也许是我们的不满给了酒店人员太大的压力，他最后说也可以不用刷了，这时我真的发火了，难道规则是随便定的，随便执行的？,虽然我解释说，这是惯例，不管对中国人还是外国人都一样，决不是对外国人的歧视，但是心理还是觉得很不舒服，因为我们观念的落后，或是信用的落后。,可以刷也可以不刷，这算什么？？？,12,,unlabeled,ChnSentiCorp_htl_all,5944
HTL_S1017,HTL_R01002,一家欧式风格的酒店，大堂气派，房间也不错，还有水果、咖啡送。,,“美林阁”餐厅在上海挺有名气，特地去品尝了一下，的确不错，凭房卡还可以打8.8折。,0,,unlabeled,ChnSentiCorp_htl_all,1002
HTL_S1018,HTL_R07477,礼宾部最烂，免费的机场巴士好像是对客人的赏赐，坐了后觉得很不舒服。,房间设施一般，电视信号时断时续。,这家酒店我以后是绝对不会去了，其他华美达也都免了。,2,,unlabeled,ChnSentiCorp_htl_all,7477
HTL_S1019,HTL_R03690,"住了五次了都,还介绍了同事去住,大家也都挺蚂蚁的,呵呵补充点评2008年4月25日：就是电梯速度慢了很多,不知道为什么","很喜欢这个酒店,每次都挺满意的.",,1,,unlabeled,ChnSentiCorp_htl_all,3690
HTL_S1020,HTL_R00337,2地点不错，去那里都很方便。,优点：1房间大，也很干净。,3服务态度好。,1,,unlabeled,ChnSentiCorp_htl_all,337
HTL_S1021,HTL_R01814,"入住这家挂牌四星酒店,与三年前感觉明显高了几个档次,大堂温馨,客房也不一样了,新改造的餐厅风格很不错,我很喜欢.",,"服务员的微笑如浴春风,随时都有问候.",0,,unlabeled,ChnSentiCorp_htl_all,1814
HTL_S1022,HTL_R01024,这次入住感觉酒店气氛蛮浓，早餐品种超“丰富”，意外的是，走的时候酒店有班车免费送我到机场，在车上“金钥匙”向我详细介绍了机场班车的情况。,,特别在这里发布，希望给像我这样这样经常出差到瑞安的朋友做个参考每日酒店发车：6：00AM―10：00AM机场返回酒店发车：19：00PM―21：30PM机场返回,0,,unlabeled,ChnSentiCorp_htl_all,1024
HTL_S1023,HTL_R03620,前台服务态度也好，前台接待一律佩共青团徽章上岗，现在可不多见。,酒店地理位置、硬件水平都不错，尤其是卫生间比较舒适。,早餐品种不算太丰富，而且携程的价格太高。,1,,unlabeled,ChnSentiCorp_htl_all,3620
HTL_S1024,HTL_R07129,电子门锁是坏的，提出后只能给了钥匙。,门面很小，房间隔音较差，一直听到隔壁房间的声音。,不过离市区还是比较近的，打的起步费就到正大广场。,1,,unlabeled,ChnSentiCorp_htl_all,7129
HTL_S1025,HTL_R06854,我承认我是晚退了几分钟房可他们的一部电梯也让我等了不少时间。,我之后匆忙和客户聊了两句回去退房，但是还是晚了几分钟但是前台的人冷言冷语的，还说什么没收我延时退房的房费已经很帮忙了。,对于如家这样的服务态度我真的没什么话说，所以以后我是绝对不会再入住如家了。,4,,unlabeled,ChnSentiCorp_htl_all,6854
HTL_S1026,HTL_R00028,酒店所处地理位置和环境极好.,"设施虽稍陈旧一些,但良好的服务给人温暖.","对年龄较大的个人旅游者而言,入住该酒店不失为较佳选择.",1,,unlabeled,ChnSentiCorp_htl_all,28
HTL_S1027,HTL_R02956,"比较而言,还是这家酒店暖气好一些.",,"地理位置不错,闹中取静,办事很方便,早餐教丰富,在安庆应该知足了,哈哈.",0,,unlabeled,ChnSentiCorp_htl_all,2956
HTL_S1028,HTL_R06875,"第二天我们下午5点回到酒店时,房间卫生都没有打扫,给客房部打电话,结果告之当天退房的客人太多,还没顾上打扫呢.","地毯黑黑的,简直让人难受.",我简直要被这番话吓晕过去.,7,,unlabeled,ChnSentiCorp_htl_all,6875
HTL_S1029,HTL_R07111,房间门关闭不顺畅，要用力推。,隔音太差，走廊有人说话就像在自己房间说话一样。,服务员爱理不理的，前台服务员连英语也不会说。,1,,unlabeled,ChnSentiCorp_htl_all,7111
HTL_S1030,HTL_R07191,14日为招待客人预订四间客房，客人入住过后即发现房间内均有强烈的刺激性气味，怀疑是装修造成的，4位客人在房间内呆了2小时左右，即感觉呼吸困难，眼睛红肿，无奈要求店方换房，前台服务员态度十分傲慢，坚称从未有客人投诉房间气味问题，并称房间均已住满，不可能调房，要求退房也可以但是房费不能退。,强烈建议携程取消这个酒店的合作！,后来客人要求退房并请有关部门进行空气质量监测，这时前台经理才出现，给调整了房间。,1,,unlabeled,ChnSentiCorp_htl_all,7191
HTL_S1031,HTL_R07133,一般，总的来说不及莫泰。,,交通也不是特别便利。,0,,unlabeled,ChnSentiCorp_htl_all,7133
HTL_S1032,HTL_R05414,这个酒店真是让我失望！！！,唉！,上次住就感觉不好，这次去发现床上竟然有JB毛儿！,1,,unlabeled,ChnSentiCorp_htl_all,5414
HTL_S1033,HTL_R04533,酒店服务很好、房间里配有电脑、免费打长途、如果就餐出酒店往左走不到50米有一农家菜馆、卫生、服务态度好，实惠，值得一去，最好不要到街边的酒店吃饭、特别是不能跟导游去、有的不标价，张口随意要，价格离谱。,,,0,,unlabeled,ChnSentiCorp_htl_all,4533
HTL_S1034,HTL_R07061,"再来我是订房至15号,为何15号中午12点之前不能用电话提前通知我退房时间?","我以携程名义预定如家快捷酒店,从2008年4月8号入住到15号退房共住了一星期,一日151元的房价是不贵,但是15号我大约中午12:25左右办理结帐退房,如家快捷酒店却说我没有在中午12点整之前结帐,因超过如家快捷酒店规定的时间,所以要加收半日的房费76元,当时我愣了一下,并跟店家力争说明,为何入住时怎么不向我说明清楚规定?","如果我超时30分钟必须要加收房费,按照比例原则如家却要收半日的房费也太离谱了！",1,,unlabeled,ChnSentiCorp_htl_all,7061
HTL_S1035,HTL_R04249,"房间很温馨,地段很好,购物方便,停车位也有,如价格再优惠些,更好!",,下次去还会选择入住,0,,unlabeled,ChnSentiCorp_htl_all,4249
HTL_S1036,HTL_R03596,酒店经营一般，但交通便利，价格公道，早餐不太好,,,0,,unlabeled,ChnSentiCorp_htl_all,3596
HTL_S1037,HTL_R06549,"而且环境还不好,外面就是马路,吵死了,反正这次弄得相当不愉快,相当差劲点",到房间后居然还有别人剩下的垃圾没有清理.,,4,,unlabeled,ChnSentiCorp_htl_all,6549
HTL_S1038,HTL_R01903,自助餐算对得起这个等级（3星到4星）的水准。,但是提供的洗浴用品质量平平。,,2,,unlabeled,ChnSentiCorp_htl_all,1903
HTL_S1039,HTL_R01212,房间设施不错，但是电视剧太糟糕了，还不是纯平的，是以前那种“直角平面”！,服务很好，一入住就送水果和茶水毛巾，还有小礼物，很喜欢。,我就用这个电视机看完了奥运会的开幕式，不得不说是一个遗憾！,2,,unlabeled,ChnSentiCorp_htl_all,1212
HTL_S1040,HTL_R00115,"庭院环境很好,房间也还可以,设施有一些旧了,总台有位小姐服务稍差了些，但总体还可以。",,,0,,unlabeled,ChnSentiCorp_htl_all,115
HTL_S1041,HTL_R06845,"158元和178元的房间感觉没什么差别,退房时问了一下,说是空间要大一点点.",,.,0,,unlabeled,ChnSentiCorp_htl_all,6845
HTL_S1042,HTL_R01248,这是黄金周出行第一站，27日金华。,虚惊。,酒店大厅确如楼下所言，大而无当，亦不够明亮，由于到时较晚，行李员下班，我们是自己推车上了五楼，再下4楼（4楼的房间安排比较怪异）时，才匆匆跑来一个小保安，非常卖力地帮我们包大包小包全部搬到房间。,2,,unlabeled,ChnSentiCorp_htl_all,1248
HTL_S1043,HTL_R06514,"酒店有餐厅但只提供早餐,没有午饭和晚饭,要跑到酒店外面自己找饭店去吃,非常不方便.",,,0,,unlabeled,ChnSentiCorp_htl_all,6514
HTL_S1044,HTL_R02892,"房间还算干净,服务员服务尚可,2星标准差不多就这样.",,,0,,unlabeled,ChnSentiCorp_htl_all,2892
HTL_S1045,HTL_R07531,"酒店太旧,不象4星,房间隔音太差,隔壁打了一晚麻将,太吵了",,,0,,unlabeled,ChnSentiCorp_htl_all,7531
HTL_S1046,HTL_R06157,可是早晨5-6时，餐厅做早餐再次影响休息，酒店采取此种推委隐瞒的做法太不象话了。,酒店设施较陈旧，我们入住的房间紧靠厨房的排烟道，躁声非常大，要求调换房间，酒店答复晚9：30分餐厅就休息，不会影响休息。,,1,,unlabeled,ChnSentiCorp_htl_all,6157
HTL_S1047,HTL_R06311,特别是结帐时听到别人才260，我的居然是370！！！！！！！！！！！！,黄金周的价格是平时的一倍，明显有上当的感觉。,,2,,unlabeled,ChnSentiCorp_htl_all,6311
HTL_S1048,HTL_R06066,6月26日予定7月2日入住的房间1、6月27日得到确认。,,2、7月2日早上来电说给我们房间升级。,0,,unlabeled,ChnSentiCorp_htl_all,6066
HTL_S1049,HTL_R00190,替两个同事订的，比较满意，但觉得价格偏高，在这样的西部小城市像这样的宾馆300-350元含早比较合理。,,,0,,unlabeled,ChnSentiCorp_htl_all,190
HTL_S1050,HTL_R05916,服务很差，服务员不知房内有客，未敲门竟直开门进入房间，要吓死人的。,1月7日入住，太一般了，对于2星降到1星或没有星级也就这样了。,更痛苦的是，说是酒店，连饭都没地方吃，我是中午住进来的，没到晚饭时间就退房走人！,1,,unlabeled,ChnSentiCorp_htl_all,5916
HTL_S1051,HTL_R06974,"自3月12号住进包头鞍山店,心里感觉很失望!",,"房间环境还行,就是窗户不透气,服务质量很差,餐厅菜的品种少并价格贵,最可恨的是欺骗顾客,房间未有热水,不与顾客讲明,跟前台及服务员说了多次,未能处理,自入店以来洗脸洗脚用的都是凉水,天气又冷实在是受不了,直到17号,才通知顾客换房.",0,,unlabeled,ChnSentiCorp_htl_all,6974
HTL_S1052,HTL_R01722,我们入住那天，整个世德堂只有我们一家客人，夜晚红灯笼下的美景、安静的宅子，实在让人难忘。,,如果打算在同里住一晚的话，这地方是最好的推荐！,0,,unlabeled,ChnSentiCorp_htl_all,1722
HTL_S1053,HTL_R07437,后来叫总台换房间，总台居然说只有标准房了，我爱人和宝宝挤一个单人床，一晚没睡好，酒店还不肯退差价。,一开始住在7楼，正对2个工地，本来想市区施工到10点也就停工了，可苦苦等到0点不见停，巨大的桩机声响搞得无法入睡，玩了一天累啊！,,1,,unlabeled,ChnSentiCorp_htl_all,7437
HTL_S1054,HTL_R03474,酒店的环境不错，餐厅价格也合适，非常适合度假。,,就是希望宽带能免费。,0,,unlabeled,ChnSentiCorp_htl_all,3474
HTL_S1055,HTL_R06052,第二日去峨嵋山，27日返回，依然打算住这里，因为房间的设施还算是比较干净的。,可是晚上问题来了，我的房间是临街的，楼下有一群人在夜市喝酒，房间的玻璃严重不隔音，一直吵到三点才作罢，睡得很不好。,特意跟前台强调要一间朝里的安静的房间，可是没想到，新的更大的问题又出现了，房间外有空调或是锅炉的轰鸣声，吵得人耳朵极不舒服，更不用说睡觉了。,5,,unlabeled,ChnSentiCorp_htl_all,6052
HTL_S1056,HTL_R05359,这应该是我在用携程订房以来所遇到的最烂的酒店了，居然还是4星的。,,理由如下：1，酒店所提供的房间是临窗的，下面就是一座立交桥，虽然是在10楼，但是还是非常吵，特别是上下班的时候，简直就像住在菜场里面。,0,,unlabeled,ChnSentiCorp_htl_all,5359
HTL_S1057,HTL_R05624,房间较旧，特别是洗手间感觉有点脏（也许是从走廊飘过来的厕所味道？）浴缸墙上贴着“谷工里骨青垫子方骨垫”的字样，纳闷，后来琢磨出来了原来是这样的“浴缸里滑请垫好防滑垫”，哈哈.,酒店位置相当偏僻，以为会很安静，谁知隔音太差，窗外大门口的声音听得很清楚可以听见几个员工在聊天，还有门口有条小溪谷的流水声音。,.,4,,unlabeled,ChnSentiCorp_htl_all,5624
HTL_S1058,HTL_R04183,周围的很方便，楼下隔壁都有商场。,房间很好，设施也很新，总的来说还是很满意的。,,1,,unlabeled,ChnSentiCorp_htl_all,4183
HTL_S1059,HTL_R06300,我用信息联络依赖运费宾馆附送我们。,我忘记东西打电话两次，但是没回复。,但是运费没附送过来。,1,,unlabeled,ChnSentiCorp_htl_all,6300
HTL_S1060,HTL_R01749,餐厅吃饭价格偏高了一点，网络不是很稳定，老是断断续续，经常上网的不是很爽！,酒店在当地来说还是可以的，位置也不错。,,1,,unlabeled,ChnSentiCorp_htl_all,1749
HTL_S1061,HTL_R01901,酒店房间比较大（行政楼层），但是没有早餐，也不包上网费，价格偏高，大堂的快餐很难吃。,,,0,,unlabeled,ChnSentiCorp_htl_all,1901
HTL_S1062,HTL_R03862,不错的酒店，性价比不错，房间很大，不过卫生间有点老化，总的来说还是不错的，下次还会入住,,,0,,unlabeled,ChnSentiCorp_htl_all,3862
HTL_S1063,HTL_R00562,服务不错，早餐不错，结账也很快。,仅住了一天，单人房，感觉还满意。,去不远的西关人家吃了顿晚饭，驴肉锅仔，便宜又实惠。,1,,unlabeled,ChnSentiCorp_htl_all,562
HTL_S1064,HTL_R05676,对面的大喇叭白天一直在放，里面又有餐厅在吵！,该酒店最大的缺点就是：吵闹！,白天几乎没发休息！,1,,unlabeled,ChnSentiCorp_htl_all,5676
HTL_S1065,HTL_R06585,（泰山三美就是白菜炖豆腐，当地没啥特色菜）,酒店没有餐厅，第二天在对面韩国烧烤吃的晚餐，味道不正宗，但价格很便宜，他们那儿的泰山三美还算好吃，比我们第一天找了好远的一家当地鲁菜馆的好吃多了。,,4,,unlabeled,ChnSentiCorp_htl_all,6585
HTL_S1066,HTL_R07535,作为香格里拉的金环行政级会员，每次入住香格里拉都有回家的感觉，但是中山香格里拉出现的一连串低级服务给我留下的及其恶劣的印象：1、订了到珠海机场接机服务，到达了机场出口没有看到接机人（第一次遇到这种情况），打电话到酒店催问，20分钟后车才到。,,2、订了豪华阁，在西楼16层豪华阁行政酒廊办理入住，却把房间安排在东楼的6楼，之间要走10多分钟。,0,,unlabeled,ChnSentiCorp_htl_all,7535
HTL_S1067,HTL_R00461,入住后感觉还可以，在芜湖这个地方，说实在的能住到这样的宾馆应该说是不错了。,未入住前，看了上面的点评还是有些不安的。,以后去芜湖还会选择该酒店的。,1,,unlabeled,ChnSentiCorp_htl_all,461
HTL_S1068,HTL_R07711,最后用手机拨打了国际长途。,与前台理论，找值班经理都不解决问题，无奈，找出一张IP卡，试拨17900，无法拨通，又试拨10060（该宾馆号称用网通的电话），也不能拨通。,电话打过，确久久不能入睡，倒不是心痛电话费过高。,12,,unlabeled,ChnSentiCorp_htl_all,7711
HTL_S1069,HTL_R00715,床头柜有个小收音机很有特色，商务房有电脑，网速也很不错。,稍微往下躺了些脚居然悬空在床外。,我住的是靠角落的房间感觉噪音不算很大。,5,,unlabeled,ChnSentiCorp_htl_all,715
HTL_S1070,HTL_R01012,"补充点评2008年2月29日：补充一下,在房间内提供的网络连接线如同摆设,很短,根本用不上.",但房间部分设施稍显陈旧.,"由于我入往时间太晚,不想打扰服务员过来更换,只有搬出了自己出差常备的网络连接线使用了.",4,,unlabeled,ChnSentiCorp_htl_all,1012
HTL_S1071,HTL_R06619,"房间差的不能想象,地毯脏的恐怖,天花板上面居然还挂着两大团多年没有打扫的蜘蛛网疑似的东西,可能十年前评的四星吧,现在评他两星都闲多建议中国的饭店星级全部取消吧,骗人的东西",,,0,,unlabeled,ChnSentiCorp_htl_all,6619
HTL_S1072,HTL_R05752,"前台人员不但英语不好,普通话也不好.",,"不过,大堂吧的服务人员很赞.",0,,unlabeled,ChnSentiCorp_htl_all,5752
HTL_S1073,HTL_R05965,补充点评2007年11月26日：登记时刷卡，结果不是预授权，直接刷消费，可钱的数目还是押金数额不是实际住店金额。,讲话还很大声，房间又临街，吵的要死。,结帐走人时，前台拿着我的卡东刷西刷上刷下刷，10分钟后告诉我不是这张卡。,4,,unlabeled,ChnSentiCorp_htl_all,5965
HTL_S1074,HTL_R04146,"房间非常大,很干净,感觉很舒服,前台服务员比较有礼貌,应该是珠海最好的酒店.",,"离口岸有点远,大约十分钟车程,自己开车问题不大,坐出租车应该也方便.",0,,unlabeled,ChnSentiCorp_htl_all,4146
HTL_S1075,HTL_R00025,宾馆外有很多小吃店，价位比王府井小吃街要便宜，护国寺街上报刊厅、2毛一分钟的公用长途电话、水果摊、24小时便利店、网吧应有尽有，很方便。,因离公交站近，去哪坐公交都方便，很省钱省事。,房间很干净，在这方面，在北京住过的几个三星级的还不如这家二星级的。,3,,unlabeled,ChnSentiCorp_htl_all,25
HTL_S1076,HTL_R05245,"酒店硬件和软件设施都不错,服务也很专业,去香港会经常住这家酒店.",,,0,,unlabeled,ChnSentiCorp_htl_all,5245
HTL_S1077,HTL_R01161,只是席间有录象时，服务员出出进进影响不好，让主办者十分不快，但反复提醒后有改进――善莫大焉。,临时安排了一个活动晚宴，店方的努力有目共睹。,总体感觉不错――带有身份的客人，还是选此店。,6,,unlabeled,ChnSentiCorp_htl_all,1161
HTL_S1078,HTL_R04629,这酒店真的不错，入住那里很值得，不过唯一不足的是周边环境还不完善，离市区远点，不过有车就无所谓了，现在这房价能住这酒店我觉得打5分完全够格。,,,0,,unlabeled,ChnSentiCorp_htl_all,4629
HTL_S1079,HTL_R00344,服务不是很专业，处理速度太慢。,,不过，因为服务员的小错误，副理亲自上来道歉，还是非常让人感动的。,0,,unlabeled,ChnSentiCorp_htl_all,344
HTL_S1080,HTL_R02455,房间挺好，但是内部的电视太陈旧，紧靠马路非常吵人，玻璃也不是双层的，但是吃饭很方便，就在背后有一条街都是,,,0,,unlabeled,ChnSentiCorp_htl_all,2455
HTL_S1081,HTL_R06294,"携程向我推荐是4星级酒店,有欺骗之嫌,使我对携程的信任大打折扣.","房间不及168,居然用复合地板,走廊是地砖,空调是分体的,房间窗外即马路,人喊,狗叫,汽车高音喇叭,无法睡觉.",,1,,unlabeled,ChnSentiCorp_htl_all,6294
HTL_S1082,HTL_R02319,酒店的地理位置很好，与普宁寺只一墙之隔，环境也不错，很安静。,,房间比较干净，服务员态度也很好。,0,,unlabeled,ChnSentiCorp_htl_all,2319
HTL_S1083,HTL_R05584,我们是今年五一期间入住酒店的标间，卫生一般，房间有点异味。,,酒店对面有个超市，要买东东要赶早，好像晚上8点多就关门了。,0,,unlabeled,ChnSentiCorp_htl_all,5584
HTL_S1084,HTL_R00994,"酒店的服务到还算不错,因为豪华无烟房非常少,讨论一番之后同意免费升级房间.","一家4星级酒店,豪华房价格不菲,房间太小气.","只是在4星而言,这样的价格有些偏贵,不如去住喜来登之类的5星饭店.",1,,unlabeled,ChnSentiCorp_htl_all,994
HTL_S1085,HTL_R06539,订的￥258的高级标准间（因看到￥248的无窗），但住进去看一样没窗，只是有块玻璃上贴了幅画，后面再点了盏灯，无语；再说早餐吧，说是送早，在前台没有提示时间等，进了房间看餐券没有时间，想到9点去没问题，等我9点一刻去，早餐早没影了，问服务员，很不高兴的说9点就结束，怎么不早点来，好像是顾客的错，简直无语，房间设施还行吧。,,,0,,unlabeled,ChnSentiCorp_htl_all,6539
HTL_S1086,HTL_R00085,酒店的房间、设施等相关条件，在300元左右的房价中算不错的。,在呼市出差，入住金辉酒店。,服务员态度很好。,1,,unlabeled,ChnSentiCorp_htl_all,85
HTL_S1087,HTL_R05334,对于我来说，12月10日是我最难熬的一天。,,一个四星级的酒店在温度只有13度的夜晚竟然不开空调，而且还是酒店的规定（内部文件规定），真是闻所未闻。,0,,unlabeled,ChnSentiCorp_htl_all,5334
HTL_S1088,HTL_R06584,该酒店给人的第一印象就是：不专业。,,缺乏培训、管理不严，抛出硬件不讲，管理上跟私人小旅馆不相上下。,0,,unlabeled,ChnSentiCorp_htl_all,6584
HTL_S1089,HTL_R04956,我们是第二次住这个酒店，第一次通过旅行社定的，很不爽，还在里面挣钱，加了价！,,通过携程定的很意外，还有酒店赠送的早餐，还是觉得携程的服务诚信度高！,0,,unlabeled,ChnSentiCorp_htl_all,4956
HTL_S1090,HTL_R05515,其实车库并不大，而且只有一层，只要稍加装修就能改变现在的状况，只可惜没人重视这些细节。,最糟糕的就是地下车库了，阴暗潮湿，蚊子巨多，汽车自行车混在一起没有分区，入库也没人看着，出库时现找人开门。,中午和前台打招呼要退房，上去取行李之后又被打电话说我们超时，服务简直太差了。,6,,unlabeled,ChnSentiCorp_htl_all,5515
HTL_S1091,HTL_R00229,价格适中，总体感觉还可以。,,地理位置上稍微难找一点（因为不是靠大路边），但离商业街北京路很近，酒店门外就有一条小食街。,0,,unlabeled,ChnSentiCorp_htl_all,229
HTL_S1092,HTL_R05881,服务质量绝对需要提高，不配挂准四星的牌。,酒店的监控形同虚设，以后绝不会再住了。,,2,,unlabeled,ChnSentiCorp_htl_all,5881
HTL_S1093,HTL_R07520,唉，怎么说呢，这是我住过的最差的的四星的酒店，还是贵宾楼，晕！,,硬件设施估计只有二星的标准。,0,,unlabeled,ChnSentiCorp_htl_all,7520
HTL_S1094,HTL_R07167,如果是四星就按四星去做，如果说房价低就不要挂四星，以后考虑换其它酒店。,酒店是挂星四星，但也就二星水平，早餐花样太少。,另外宽带还得收20块。,1,,unlabeled,ChnSentiCorp_htl_all,7167
HTL_S1095,HTL_R01020,定了两个标准房，总体还满意。,,早餐还不错。,0,,unlabeled,ChnSentiCorp_htl_all,1020
HTL_S1096,HTL_R00313,"因为工作关系,每个月都会去住.",,在金华市区400左右是最好的选择.,0,,unlabeled,ChnSentiCorp_htl_all,313
HTL_S1097,HTL_R06027,"可能因为是晚上加上该酒店的大堂比较偏僻的原因,就算车子停在酒店的门口我们也花了５分钟才找到大门的入口．登记的时候服务小姐竟然问了一句＂我们这里有早餐的请问你需不需要＂我问她房间不是含早餐的吗，她的回答说是，我当时心里面就感到特奇怪她为什么要问我要不要早餐呢？","我是在晚上12点到达兰州市火车站,下火车后问了３个路人也不知道有该酒店,最后我们选择打车去,因离火车站比较远打车要１１元,建议如果是到兰州作为中转站的朋友最好选择其他酒店.",在１２点３０分我们进到了房间，当时发现天气很冷而且找遍整个房间也只有两张被子，因此给前台打了个电话说多要一张被子，可能因为太晚了当时前台的小姐开始说没有，我说太冷了麻烦她帮忙问一下，她说可以帮我问一下但是没有的话她也无能为力，我当时的感觉是这间酒店的服务也太勉强了．结果到最后她的回复当然也是没有了，我也不想跟她再多说什么，到了第二天一早８点多就到了２楼吃了我生平看过最没有东西吃的早餐就快快退房了．我们本次旅游前后１２天都是通过携程订的房间，入住的地方有宁夏－甘肃－青海，总的来说我对这一间酒店各方面的感觉最差．完全感受不到服务而且还要受气．补充点评2007年10月9日：我认为３３０元的价格订位是完全不合理的．,1,,unlabeled,ChnSentiCorp_htl_all,6027
HTL_S1098,HTL_R07686,差不多是我住过最差的四星酒店了.,早餐质量实在很差.,,2,,unlabeled,ChnSentiCorp_htl_all,7686
HTL_S1099,HTL_R04993,"宾馆的服务是可以的,房间的硬减设施也可以,就是电视好象应该换了!",,"酒点的地理位置在市中心,出行非常方便!",0,,unlabeled,ChnSentiCorp_htl_all,4993
HTL_S1100,HTL_R07215,因为先前住的几个北京的宾馆，都是又贵服务又差而且房间相当小。,这价格已经算便宜的了。,平安府的房间也不大。,3,,unlabeled,ChnSentiCorp_htl_all,7215
HTL_S1101,HTL_R02357,看到了上海的旅游团也住这里.,只是位置离市中心远了点.,,2,,unlabeled,ChnSentiCorp_htl_all,2357
HTL_S1102,HTL_R02170,比较安静，地理位置比较好，服务也不错，包括入住和结账。,总的来说，酒店还不错。,不太好的地方，7点早餐才开始，时间有点晚，第一天急着办事情。,1,,unlabeled,ChnSentiCorp_htl_all,2170
HTL_S1103,HTL_R07078,"不能当时提供发票,说给邮寄,现在还没有收到发票,感觉被欺骗了",,,0,,unlabeled,ChnSentiCorp_htl_all,7078
HTL_S1104,HTL_R04846,在当地算是家不错的宾馆，交通方便，离闹市区不远，对面就是大超市，用餐方便，宾馆2楼和周围的小店味道都可以。,,,0,,unlabeled,ChnSentiCorp_htl_all,4846
HTL_S1105,HTL_R04760,房间很好，早餐100多其实没什么吃的，早餐很差。,,,0,,unlabeled,ChnSentiCorp_htl_all,4760
HTL_S1106,HTL_R01502,早餐令人失望，没啥吃的。,商务旅行，网络能让人满意。,还有最近似乎涨价了。,2,,unlabeled,ChnSentiCorp_htl_all,1502
HTL_S1107,HTL_R05479,餐厅绝对是五星的价格，二星的服务。,房间只配二件羽绒服，加床小孩必须挨冻能力极强，前台无法商量，260元/天只是加床费用，不含羽绒服。,,2,,unlabeled,ChnSentiCorp_htl_all,5479
HTL_S1108,HTL_R07669,还有那个中央空调，开了等于没开。,半夜楼道里还有人在吵闹，服务员应该制止一下啦。,洗好澡后还是热的出了身汗。,6,,unlabeled,ChnSentiCorp_htl_all,7669
HTL_S1109,HTL_R07571,很好的地理位置，一蹋糊涂的服务，萧条的酒店。,,,0,,unlabeled,ChnSentiCorp_htl_all,7571
HTL_S1110,HTL_R05970,2、软件（1）工作人员素质实在太差，到了前台里面坐三个人，根本没人理我，直到我说有预定房间要住店。,（4）早餐只有四种可选，量少，单点要40元/份！,结帐非常慢，等了很多人，发票两天开成一天，一切都很不专业。,5,,unlabeled,ChnSentiCorp_htl_all,5970
HTL_S1111,HTL_R05492,地方恶偏，早餐可以比美招待所，服务员素质巨差，坚决不去第二趟,,,0,,unlabeled,ChnSentiCorp_htl_all,5492
HTL_S1112,HTL_R07590,"方便的地方:1),离机场近;2),有车接送,很方便.",,"极度不满的地方:1),骚扰电话不停,对电话那头说:'你们再打电话,我要报警了""得到嚣张的答复:""有种你去报啊!""",0,,unlabeled,ChnSentiCorp_htl_all,7590
HTL_S1113,HTL_R07454,"服务真的很差,是我住过那么多酒店中最差的了,房间也很旧的,和招待所几乎没什么区别,住了很后悔",,,0,,unlabeled,ChnSentiCorp_htl_all,7454
HTL_S1114,HTL_R05964,价格非常不值，性价比太差。,房间也很小，服务也很一般。,以后不会再入住。,2,,unlabeled,ChnSentiCorp_htl_all,5964
HTL_S1115,HTL_R06630,"设施陈旧,早餐不太丰富只能说是一般般了",,,0,,unlabeled,ChnSentiCorp_htl_all,6630
HTL_S1116,HTL_R01504,"房间格局还可以,但是从4星级的酒店角度看，没有浴缸也不失为一美中不足",,,0,,unlabeled,ChnSentiCorp_htl_all,1504
HTL_S1117,HTL_R04025,湖光山色几乎可以用完美来形容，客房是实实在在的江南木结构民居，非常干净，环境保护得非常好，员工也非常礼貌、服务不错，特别大的停车场，非常适合自驾游的朋友，其实酒店就在景区内，不过去景区需要买票。,,,0,,unlabeled,ChnSentiCorp_htl_all,4025
HTL_S1118,HTL_R07624,"携程订单上有水果送的,一直也没见送.",服务员还说480元是特价期间的价格.,郑州的5星酒店是应该重新评级了,2,,unlabeled,ChnSentiCorp_htl_all,7624
HTL_S1119,HTL_R04986,酒店地理位置得天独厚，来旅游的朋友建议入住此酒店，早餐迷你，但味道不错，该有的都有了。,如注了套房，但没有想象中的宽敞，可能是老饭店的缘故吧。,总体感觉尚可。,1,,unlabeled,ChnSentiCorp_htl_all,4986
HTL_S1120,HTL_R05728,"早餐很差劲,不过一般这种地方的四星也差不多就这样了.",,,0,,unlabeled,ChnSentiCorp_htl_all,5728
HTL_S1121,HTL_R00383,"房间干净整齐,服务员态度很好,不过餐厅一般.",,给我的早餐券上的套餐与餐厅的套餐不符,0,,unlabeled,ChnSentiCorp_htl_all,383
HTL_S1122,HTL_R05546,比如说有酒吧，原来是房间内食品。,和携程宣传有很大的区别。,,3,,unlabeled,ChnSentiCorp_htl_all,5546
HTL_S1123,HTL_R04252,房间什么的也差不多，就不说了。,估计以后不会住这个酒店了，也对亚龙湾比较失望，还不如大东海的沙滩呢。,,4,,unlabeled,ChnSentiCorp_htl_all,4252
HTL_S1124,HTL_R03482,房间状况不错，较大，也很卫生。,,但是服务人员服务水平还需要进一步提高。,0,,unlabeled,ChnSentiCorp_htl_all,3482
HTL_S1125,HTL_R06578,如果酒店连夜调试好了（虽然不知道调试什么东东），那他们的员工还真值得表扬！,4为什么第2天在6楼会议室开会的时候，又可以上网了？,5为什么酒店前台总有那么多业务不熟悉的实习生在为我们服务？,7,,unlabeled,ChnSentiCorp_htl_all,6578
HTL_S1126,HTL_R07283,这种古老的没人住的酒店最好是不要在在携程网上出现了!,,,0,,unlabeled,ChnSentiCorp_htl_all,7283
HTL_S1127,HTL_R06847,比较实惠，旁边有易初莲花，买东西比较方便，还有麦当劳,,,0,,unlabeled,ChnSentiCorp_htl_all,6847
HTL_S1128,HTL_R07069,房间不大，窗户很小，但是交通比较方便，离汽车站、火车站都只要起步价，性价比不高,,,0,,unlabeled,ChnSentiCorp_htl_all,7069
HTL_S1129,HTL_R06667,之前我点评过一次，估计是没有写证据，所以被携程删除了，气愤！,,补充点评2008年5月26日：我补上我的经历：1，正如很多入住的朋友说的一样，门童和死尸一样，见到客人拿的行李就视而不见，还故意扭过头去装作没有看见。,0,,unlabeled,ChnSentiCorp_htl_all,6667
HTL_S1130,HTL_R02700,第二天住的豪华间还比较不错，比第一天的豪华间好多了。,,酒店离市中心很近，总体来说还是比较方便的。,0,,unlabeled,ChnSentiCorp_htl_all,2700
HTL_S1131,HTL_R07754,第二天早晨，我们刚刚起床，服务员连门都没有敲直接推门就进去了，说是要打扫房间。,打扫过的房间，洗手盆里还满是黑乎乎的油污。,当我们离开房间的时候，我告诉总台打扫，可是4个小时以后我们回来，房间里就和走的时候一样。,5,,unlabeled,ChnSentiCorp_htl_all,7754
HTL_S1132,HTL_R02652,总的来说还不错，在漳州地区属于较有档次的酒店了。,,地理位置也好，对面有海鲜排档。,0,,unlabeled,ChnSentiCorp_htl_all,2652
HTL_S1133,HTL_R02585,我因为要到东大名路办事，这个位置不错，老牌的酒店，装修我也很满意，上海酒店，性价比很高了，如果提供早饭（其实没多少钱）就更好了,,,0,,unlabeled,ChnSentiCorp_htl_all,2585
HTL_S1134,HTL_R02386,不过因为总去那里住，还是没有影响我后来还喜欢去万狮。,后来得知那是大堂经理，搞得我很生气。。,,7,,unlabeled,ChnSentiCorp_htl_all,2386
HTL_S1135,HTL_R00663,"对于自驾游,这家酒店很合适，我们是住2号楼顶层,风景及服务都很好，下次去威海还住这家酒店!",,,0,,unlabeled,ChnSentiCorp_htl_all,663
HTL_S1136,HTL_R02986,整体环境比较不错，很有别墅的感觉，但是唯一不足的就是房间比较陈旧，另外正是在旅游旺季的时候如果你还想继续住的话是不可以延期的，必须退房，这样比较难找到其他酒店，基本上是无处可去的了。,,,0,,unlabeled,ChnSentiCorp_htl_all,2986
HTL_S1137,HTL_R05670,说名字是用你同伴的名字。,你们自己晚到了，我们就取消预定了。,,7,,unlabeled,ChnSentiCorp_htl_all,5670
HTL_S1138,HTL_R03414,还有就是最近济南的天气不算好，我感冒了，老是咳嗽，所以买了点药放在了床头，今天早上出去的时候发现药没有了，本来想晚上回来的时候买点的，可是下午等我回来看到桌上的客房服务员留下的字条，以及床头上的咳嗽糖浆，当时我的鼻子酸酸的，出门在外最需要的就是关心，他们做到了。,已经是第二次入住了，服务还是一如既往的好，这家酒店也会给人带来很多的惊喜，我的笔记本出了点问题，我自己是解决不了，正着急的时候，想到了酒店，于是抱着试试的态度，询问了前台，令人很惊讶的是，酒店的工程部人员服务速度真快，效率也很高，几分钟后就解决了，帮了我一个大忙，真的很感谢他们。,入住在这家酒店就和回到家一样，很温馨，心情很放松。,1,,unlabeled,ChnSentiCorp_htl_all,3414
HTL_S1139,HTL_R01329,"新装修的酒店,房间很新很好的,作为万豪的金卡会员,充分享受金卡的待遇,很好.",,早餐的品种不够丰富.,0,,unlabeled,ChnSentiCorp_htl_all,1329
HTL_S1140,HTL_R07383,房间象80年代的路边小旅馆.,,"通往3楼餐厅的路上,污水横流,黑色的污渍随处可见.",0,,unlabeled,ChnSentiCorp_htl_all,7383
HTL_S1141,HTL_R05490,大床房是有电脑可以上网的（但地毯很脏），还有自费的食品和日用品；标房比较干净，我在卫生间里２次看见有虫虫在爬，没有自费的食品和日用品，也没有电脑上网。,,大堂经理处理事情的能力极差！,0,,unlabeled,ChnSentiCorp_htl_all,5490
HTL_S1142,HTL_R06522,入住登记的时候就一脸很不爽的样子，随时要跟我们吵架，句句都是在抱怨和指责，白眼一个接一个。,前台的197号服务员，是个大约四五十岁的中老年妇女，态度很差。,我们忍了，但友情提醒以后来入住的旅客，对这里的服务期望值不用太高。,1,,unlabeled,ChnSentiCorp_htl_all,6522
HTL_S1143,HTL_R07165,"由于游客的作息时间都不一样，所以被隔壁洗澡，冲马桶,早上起来看日出的声音严重干扰.","小木屋的隔音相当差,而且房间间隔很近,门口就是过道.","房间门口就是公共过道，隔壁一个韩国人半夜跑出来打电话，叽里呱啦的不知道说什么,我出去用英文请他离开.",1,,unlabeled,ChnSentiCorp_htl_all,7165
HTL_S1144,HTL_R00707,3、早餐也还可以，环境也不错，有点江南的感觉；菜品种品也不少，挺可口。,2、酒店服务还算可以，没有像这里说的那样，入住时，退房时也挺快的，总的来说我很满意。,4、可能是在市或者离火车站的距离很近，稍微有点“热闹”，来找我办事的人不方便停车，但还好这里有地下停车场。,3,,unlabeled,ChnSentiCorp_htl_all,707
HTL_S1145,HTL_R02198,"机场快线的K5直接到酒店门口,要了高层的客房,干净舒适,景色很美.",,"住了两天,打扫房间很快.",0,,unlabeled,ChnSentiCorp_htl_all,2198
HTL_S1146,HTL_R04254,"我感觉在亚龙湾这个酒店还是不错的,性价比非常高,但我定的房间宽带需另外付费.",,餐厅的菜真是太贵了.,0,,unlabeled,ChnSentiCorp_htl_all,4254
HTL_S1147,HTL_R06784,携程的星级评定有问题，同志们仅供参考。,差、差、差！,,1,,unlabeled,ChnSentiCorp_htl_all,6784
HTL_S1148,HTL_R07451,唐山的酒店性价比一点都不高啊.,"反馈回来的信息说这个酒店实在是太差了,和招待所差不多!",,5,,unlabeled,ChnSentiCorp_htl_all,7451
HTL_S1149,HTL_R07163,进楼道也需要刷房卡，安全措施好,另外，夜里十二点多洗澡时热水不足，不过早上恢复正常。,,4,,unlabeled,ChnSentiCorp_htl_all,7163
HTL_S1150,HTL_R01519,黄金地段，算是性价比比较高的吧，但是环境一般~~,,,0,,unlabeled,ChnSentiCorp_htl_all,1519
HTL_S1151,HTL_R00158,服务很好，房间也还可以。,.,就是卫生间太小了，还有早餐太一般了。,4,,unlabeled,ChnSentiCorp_htl_all,158
HTL_S1152,HTL_R00050,"早餐也不错,下次去还会入住","硬件很好,服务质量也很好,特别是酒店周围环境非常优雅.",,1,,unlabeled,ChnSentiCorp_htl_all,50
HTL_S1153,HTL_R02218,是先前住在政协宾馆的，设施太差了，卫生条件也不好，才换到国贸来的。,4月12日住了一天，感觉还可以。,但是价格也有差距啊，政协420国贸820,1,,unlabeled,ChnSentiCorp_htl_all,2218
HTL_S1154,HTL_R07086,"订房间时说,免费延迟退房至16：00点.",,"但是,完全不可能.",0,,unlabeled,ChnSentiCorp_htl_all,7086
HTL_S1155,HTL_R03957,相当好的酒店，很意外在山西能有这种水准的4星酒店，基本完美，没想出有什么不好的地方，住了2天，很满意！,,,0,,unlabeled,ChnSentiCorp_htl_all,3957
HTL_S1156,HTL_R05353,3、太吵，最要命的缺点，一个宾馆主要的功能时能提供相对安静的环境，可是住在这里实在吵得要命，联系前台提出置之不理。,1、前台服务员态度也不是很好。,4、没有全天的暖气，实在搞笑，问前台说要五点以后才提供，这样的大酒店我想和小旅社都有区别，小旅社还提供24小时暖气呢。,3,,unlabeled,ChnSentiCorp_htl_all,5353
HTL_S1157,HTL_R03288,酒店服务不错，路上遇见都会微笑问好，早餐还算丰富，而且到11点，可以一起解决午餐问题。,住的是8楼豪海房，每天就在海边度过，一个字，爽！,大堂很有特色，喜欢，还有它家的沙滩拖鞋很舒服，想买双回家，就是不对外卖。,1,,unlabeled,ChnSentiCorp_htl_all,3288
HTL_S1158,HTL_R07376,进去后，一切都变得很杂！,酒店外观环境还好！,可能是娱乐场所太方便了，进进出出都是小姐与妈咪之类的（晚上七八点钟），后面的发廊液态夸张了点吧？,1,,unlabeled,ChnSentiCorp_htl_all,7376
HTL_S1159,HTL_R05531,酒店的院落大，停车方便，环境较佳。,可能是黄山游客多，酒店生意好，你下次来不来住无所谓。,因他们不是专业酒店，所以要原谅包涵他们。,3,,unlabeled,ChnSentiCorp_htl_all,5531
HTL_S1160,HTL_R07664,除了便宜之外，基本再找不出其他什么优势，卫生间设施相当简陋，房间只有两个床头灯，没有宽带，偶尔能接收到附近居民家中的无线路由信号；所谓的双早是每个房间10块钱早餐券，仅有的几个品种均标有价格，连花生米都要卖到2块钱一碟，每个人超过5块钱后需现金支付。,,,0,,unlabeled,ChnSentiCorp_htl_all,7664
HTL_S1161,HTL_R05346,喷头出的水永远只有两种温度，极热和极冷出行不方便，地点比较偏颇，从解放碑打车，很多司机都不去。,房间里铺着像餐馆一样的廉价石砖地，两床之间有一块肮脏的地毯床上只有及薄的褥子，床垫上的弹簧不分轻重的时刻硌着你。,总之糟糕透顶,1,,unlabeled,ChnSentiCorp_htl_all,5346
HTL_S1162,HTL_R02322,还有就是我那几天身体不适，五层的服务员对我无微不至的关心我很感动，在这里谢谢你们！,值得一提的优点：有免费报纸、每晚有免费热牛奶，倍感温馨！,~总结：值得一去的性价比不错的酒店，推荐！,4,,unlabeled,ChnSentiCorp_htl_all,2322
HTL_S1163,HTL_R07419,"建议订别的酒店,省得心痛,因为这家酒店在我看来是多么的糟糕",,,0,,unlabeled,ChnSentiCorp_htl_all,7419
HTL_S1164,HTL_R06434,服务员太差，房间很吵，隔音不好，房间味道很重，很一般，不如稀土国际大酒店好，收费有低，还是四星，服务很好，离火车站方便,,,0,,unlabeled,ChnSentiCorp_htl_all,6434
HTL_S1165,HTL_R02490,"酒店比较旧,应该改造了4.",周围设施商圈热闹方便3.,服务态度不错,3,,unlabeled,ChnSentiCorp_htl_all,2490
HTL_S1166,HTL_R07639,"硬件不好,服务可以,我定的是商务大床房但是一进去比一般酒店的大床房空间还小,真是虚有其名.",.,.,2,,unlabeled,ChnSentiCorp_htl_all,7639
HTL_S1167,HTL_R02708,"满好的酒店,下次去还会住的!",,值得推荐!,0,,unlabeled,ChnSentiCorp_htl_all,2708
HTL_S1168,HTL_R06325,单人间小到不行，仅够一个转身，感觉住在一个盒子里，非常压抑。,,而且厕所的异味非常难以忍受，每次回去一开门臭味就扑鼻而来。,0,,unlabeled,ChnSentiCorp_htl_all,6325
HTL_S1169,HTL_R05859,希望下次入住给您不一样的感觉！！,宾馆反馈2008年5月21日：非常感谢您对我酒店提出的宝贵意见，针对此种情况，我司会提出整改方案，我们的宗旨是让宾客满意，我们也会为此继续努力，谢谢您！,,8,,unlabeled,ChnSentiCorp_htl_all,5859
HTL_S1170,HTL_R06398,饭店前台和预订部缺少起码的沟通，信息传递很满，而且前台态度很不好，电话声音很小，不热情,,,0,,unlabeled,ChnSentiCorp_htl_all,6398
HTL_S1171,HTL_R01118,去常州基本上都是入住中油的，地段在市区交通比较方便，早饭，房间都很不错，以后还会继续入住。,,最近附近一条马路在施工，晚上可能有点吵,0,,unlabeled,ChnSentiCorp_htl_all,1118
HTL_S1172,HTL_R00550,大堂不怎么样，可房间住得很舒服。,,最满意的地方是酒店的大堂副理和客服人员，对顾客的要求可以及时，尽心尽力的去完成。,0,,unlabeled,ChnSentiCorp_htl_all,550
HTL_S1173,HTL_R06298,卫生间实在是太小了，打开门在里面转个身都困难，从来没看到过这么小的卫生间。,我住的是标间，可能其它房间会好一点。,其它地方倒也还好。,3,,unlabeled,ChnSentiCorp_htl_all,6298
HTL_S1174,HTL_R05230,当然比如心差，但起码房间属于中等（如心的房大、新）。,房间都可以，摆设同其他酒店的不同；地理位置系荃湾的中心地带，地铁附近，出入还可以；夜晚系附近吃消夜还过得去；周边环境在夜晚比较静，比较安全，旁边有好多住宅楼；下次去还可以考虑，500几文，OK嘎。,,1,,unlabeled,ChnSentiCorp_htl_all,5230
HTL_S1175,HTL_R03689,这类商务式或公寓式的酒店，就是提供一个方便舒适的住宿，没有其他更多的附加服务，所以实在不必有大前台等。,我准备将此做为我出差福州的常住酒店。,各类酒店适合各类的客人，选择不同的酒店对不同的酒店应该有不同的标准。,3,,unlabeled,ChnSentiCorp_htl_all,3689
HTL_S1176,HTL_R06969,房门锁不上，冲凉房半透明-不适合带着孩子的家庭补充点评2008年5月17日：半夜有骚扰电话。。。,,,0,,unlabeled,ChnSentiCorp_htl_all,6969
HTL_S1177,HTL_R00765,环境很好，地点很方便，服务也很好，下回还会住的！,,,0,,unlabeled,ChnSentiCorp_htl_all,765
HTL_S1178,HTL_R02112,晚上可以看到180度的烟花，很漂亮。,大年三十入住的酒店，服务好，房间大，早餐也不错。,再来济南还会选这里。,1,,unlabeled,ChnSentiCorp_htl_all,2112
HTL_S1179,HTL_R06508,"我发誓,topstar的酒店我是不会再住了.",要收费的项目的物品有消费陷阱.,一群低劣的人是不会懂得如何定义酒店的.,30,,unlabeled,ChnSentiCorp_htl_all,6508
HTL_S1180,HTL_R00081,但周围娱乐设施，或者饮食之处不多。,交通较便捷。,,2,,unlabeled,ChnSentiCorp_htl_all,81
HTL_S1181,HTL_R00090,"其他都可以,尽管不够5星标准,但还是很干净宽敞,最不能忍受的在度假区吃的自助海鲜晚餐,整个被苍蝇包围了,眼看着食物上落满了苍蝇,花了不少钱,落了一肚火.",,.,0,,unlabeled,ChnSentiCorp_htl_all,90
HTL_S1182,HTL_R05724,在吃饭的时候正巧遇上一个酒店的游客，我问他们水能不能用，他们说水很好没问题啊，我问他们是几号楼的，他们说2号楼。,然后我们就出门吃饭了。,两小时后回到酒店，打开龙头，冷水已经恢复正常，但是热水依然是黄水，并且时不时出现断水现象，致电前台，找到那位前面与我通话的小姐，要求换房，那个小姐说人家的水都好了亚，为什么你们的还是黄水啊？,21,,unlabeled,ChnSentiCorp_htl_all,5724
HTL_S1183,HTL_R01993,补充点评2008年7月21日：补充一下，酒店房间的卫生间实在小，这样小的卫生间好像是２０年设计的一样。,还有，从携程订的房间一般都是酒店朝向和楼层最差的房间（我遇到过许多次），这点携程需要以客户为本，与酒店方面多多协调，否则仅仅是靠一点不值钱的积分来忽悠顾客，最终会被客户抛弃。,我１.６５的个子，洗澡的时候转身都有点困难，左右前后都得撞上淋浴房的玻璃，如果个子大点，真不知道怎么洗澡。,7,,unlabeled,ChnSentiCorp_htl_all,1993
HTL_S1184,HTL_R07595,汇东大酒店：1、商务单间和普通单间可以说基本没有区别（就房间大小和配套），主要的区别就是楼层，商务的一般安排最上面几层，建议大家选择普通单入住；2、房间的灯光特别暗，感觉给人有点压抑；3、房间的装修比较差，应该是我住过的四星酒店中最差的（但没办法,,,0,,unlabeled,ChnSentiCorp_htl_all,7595
HTL_S1185,HTL_R02869,我从05年开始入住该酒店，每次来南通，基本上都是住在该酒店，总体来说，酒店所处位置方便，旁边就是银行，有大润发超市，如果没事，还可以到超市转转，前台的服务不错，效率也挺高，每次都会面带微笑向客人问好，缺点是有些房间的门有点松，需要重新装一下，毕竟出门在外，安全是第一位的，希望能改进。,,,0,,unlabeled,ChnSentiCorp_htl_all,2869
HTL_S1186,HTL_R01479,这次我的同事们也都很满意，大部分人都没有享受过这样的酒店，下次有机会还是要住这家酒店的。,谢谢酒店员工们的热情服务！,,3,,unlabeled,ChnSentiCorp_htl_all,1479
HTL_S1187,HTL_R05355,晚上吃了饭回宾馆，１０点左右宾馆已关门，没有服务人员，要自己叫开门，晕死，就这个服务，还收４９０的房费．不建议去天目湖的游人选择这个宾馆，物不所值啊！,十月二日晚入住，前台小姐态度冷淡，到了三楼的标房没有电梯，走廊很闷热（没有空调），房间内设备陈旧，没有吹风机，就是招待所的标准，哪是三星级的宾馆哦！,,1,,unlabeled,ChnSentiCorp_htl_all,5355
HTL_S1188,HTL_R01664,由于公事出差上海，经朋友介绍推荐了清水湾大酒店，抱着试一试的心态，预定了该酒店，一进酒店就感受到酒店服务人员的热情，房间的感觉蛮新的，也很安静，下次出差还会继续选择该酒店。,,,0,,unlabeled,ChnSentiCorp_htl_all,1664
HTL_S1189,HTL_R02647,"酒店的位置比较偏,周遍没有什么地方可逛的,要去市区还要打车;房间内部感觉不错,就是有点小,服务不错!",,"综合等级,属于中等偏上!",0,,unlabeled,ChnSentiCorp_htl_all,2647
HTL_S1190,HTL_R04888,订的豪华客房是438元人民币（含单早）。,评分(最高分为100):性价比:82分入住/退房过程:80分服务:80分房间设计及家具:80分宽带速度/便利:80分(免费)床及床上用品:78分洗手间:80分早餐:80分健身设施:没试地理位置:75分虽说华悦的地理位置不是最好，但南昌市中心区不大，打车去八一广场和几个景点都不远。,房间不大（不到三十平米），但装修和家具都蛮新的。,1,,unlabeled,ChnSentiCorp_htl_all,4888
HTL_S1191,HTL_R02913,"酒店环境非常好，但是交通非常不方便,只能打车,或者走到山下坐118路公交也能到中心区和景点.",,"附楼的标准间还是很干净的，200多的价格也很合理,不过,早餐真的是很难吃.",0,,unlabeled,ChnSentiCorp_htl_all,2913
HTL_S1192,HTL_R03989,就是商品部的东西太少了。,不错。,不错。,1,,unlabeled,ChnSentiCorp_htl_all,3989
HTL_S1193,HTL_R03834,除了火车声音有点受不了。,不错的地方，房间不错，服务也可。,,1,,unlabeled,ChnSentiCorp_htl_all,3834
HTL_S1194,HTL_R05822,"免费注册网站导航宾馆索引服务说明关于携程诚聘英才代理合作广告业务联系我们Copyright1999-2008,ctrip.",房间设施陈旧，气味太重，床单上有黄色斑点。,com.,1,,unlabeled,ChnSentiCorp_htl_all,5822
HTL_S1195,HTL_R06887,预订时已说明是一家三口人，可旅馆内的设施用品只有两套，要加收费才给第三套，前台的服务员一听说要开发票似乎不太满意，以致结帐花费了20分钟。,,,0,,unlabeled,ChnSentiCorp_htl_all,6887
HTL_S1196,HTL_R06226,"按常理赣州饭店应该是赣州最好的宾馆,但我错了!",,它是我住过的最差的宾馆,0,,unlabeled,ChnSentiCorp_htl_all,6226
HTL_S1197,HTL_R07748,还要投诉一点，浴室的用具，包括沐浴露和洗发水，有些是满的，有些只有半瓶，有可能是上回用剩的，请各位入住时注意。,虽然说免费提供上网，但实际上网上不了，最后还要住电脑房才能上网，不适合商务出差。,,2,,unlabeled,ChnSentiCorp_htl_all,7748
HTL_S1198,HTL_R06141,正赶上发票用完了，站那儿干等着服务员用了五分多钟才换上新发票，自始至终就没一句表示歉意的话。,2007年11月15日点评的时候曾经提到“君临天下”，后来还真去住过一次，感觉就仨字－－“很失望”，浪费了这么高的大楼和这个好名了，装修太业余，没档次，服务太差，11.18去住，居然没有取暖措施，也不告知客人，害得我空开了一宿空调，直接冻感冒了，在前台结账的时候，发现服务员也感冒了，症状很明显了，还“带病坚持工作”－－不想想对面的客户什么感受？,补充点评2008年2月29日：不好意思，2分点评是给“君临天下”的，给宏裕4.2分吧。,7,,unlabeled,ChnSentiCorp_htl_all,6141
HTL_S1199,HTL_R06707,"救命呀，遇到黑店了,房间小而且脏呀,服务态度也差(员工都是上海人，没有客人的时候保安,前台服务员都坐在一起聊天),天拉!",,怎么给推荐这种酒店呀!,0,,unlabeled,ChnSentiCorp_htl_all,6707
HTL_S1200,HTL_R01017,只是酒店其他方面例如大堂、西餐厅的环境和食物品种还需改进。,我住的是新装修的东楼，感觉房间挺宽敞，设施也不错，相对于隔壁的香格里拉一店都不差。,否则价格差不太远，我还不如住香格里拉了。,1,,unlabeled,ChnSentiCorp_htl_all,1017
HTL_S1201,HTL_R07192,堂堂四星级酒店，写错了房号。,,用户按照订单退的房间，给携程反馈的是提前退房。,0,,unlabeled,ChnSentiCorp_htl_all,7192
HTL_S1202,HTL_R07333,下午玩好回来，5点半这样，照样没冷气，交涉，又改说机房检修，晚上7点会有。,但进了房间一看，中央空调没冷气，交涉，说中午12点会有，想想也算了。,向携程投诉。,2,,unlabeled,ChnSentiCorp_htl_all,7333
HTL_S1203,HTL_R00981,"雅恬,只是房近出入口,有蚊子房,基本上一定的水平免费注册网站导航宾馆索引服务说明关于携程诚聘英",,,0,,unlabeled,ChnSentiCorp_htl_all,981
HTL_S1204,HTL_R03360,房间布置的很别致，离松花江和索菲亚教堂都很近，值得推荐！,,,0,,unlabeled,ChnSentiCorp_htl_all,3360
HTL_S1205,HTL_R05907,害我度了一寒冷的北京之夜.,.,,9,,unlabeled,ChnSentiCorp_htl_all,5907
HTL_S1206,HTL_R04394,酒店是个环境很好的地方，需要乘船才能到达，感觉就像去了世外桃源一样。,,但是去酒店不是容易的事情，希望有携程可以把怎样去到那里说一下，让旅游者有充分的准备。,0,,unlabeled,ChnSentiCorp_htl_all,4394
HTL_S1207,HTL_R06949,建议大家绝对不要住单人间!,感觉好像是个监狱单人房改造的，不过即使是监狱单人房的话或许也应该会有一个小窗吧?!,,2,,unlabeled,ChnSentiCorp_htl_all,6949
HTL_S1208,HTL_R05782,补充点评2007年5月16日：实在没有办法，共2间住了2天，真的想连评4次，都给个1分，太气愤了！！,换，坚决换，下次肯定不住的了。,破网络也是一塌糊涂。,11,,unlabeled,ChnSentiCorp_htl_all,5782
HTL_S1209,HTL_R01374,"性价比非常好的酒店，房间设施超好，前台服度超好,商房配,床稍硬.",,.,0,,unlabeled,ChnSentiCorp_htl_all,1374
HTL_S1210,HTL_R07042,酒店价格与实际设施严重不符.,"酒店着实很旧,旁边都有很好的酒店,吃饭比较不容易找地方,旁边都是咖啡店,真不知道在这样的小镇,怎么消费还那么高.",不划算.,1,,unlabeled,ChnSentiCorp_htl_all,7042
HTL_S1211,HTL_R03849,"性价比还是可以,值得推荐.","只是缺少冰箱硬件设施还未达到三星标准,但总的来说还是可以的.",我对协程的服一直是感到满意的.,2,,unlabeled,ChnSentiCorp_htl_all,3849
HTL_S1212,HTL_R02666,房间不错晚上很安静，早餐供应丰富又实惠，主要是离机场很近，步行大概10分钟路程,,,0,,unlabeled,ChnSentiCorp_htl_all,2666
HTL_S1213,HTL_R06855,这是我入住的如家连锁里最差的，从一下几个方面说明：1、位置非常不好找，在一个破败的小巷里；2、当时到酒店已经很晚了，酒店服务人员的态度不好，官腔严重；3、拿到房卡后居然打不开门，只能在返回前台，让保安出面才解决问题；4、在走廊上时看到沿墙壁的地脚线全部裸露出墙体，一副很旧的样子，就跟80年代的招待所一样，就问保安怎么回事？,,保安说因为北京快开奥运会了，对宾馆设施要求较高，在重新装修，但根本看不出装修的迹象；5、我订的是商务大床房，床是大，但床的质量太差了，一坐下去床就陷了一个大坑，弹簧的声音噔噔的刺耳；6、隔音效果奇差，在卫生间洗澡时居然听到了隔壁房客的鼾声，注意是鼾声而不是呼噜声，把我吓坏了，洗澡时总感觉怕怕的；7、我是5月16日入住的，卫生间里发现了4只大花蚊子，被我拍死了3个，全是吸得饱饱的那种。,0,,unlabeled,ChnSentiCorp_htl_all,6855
HTL_S1214,HTL_R06670,"据说是阳谷县县政府的招待所,听出租车司机说这里的保安超牛,警察都敢打的.","酒店比较老旧,早餐种类很少,房间也比较老旧,没什么特色,而且餐饮已承包出去,与酒店财务分开不能挂房帐.",,1,,unlabeled,ChnSentiCorp_htl_all,6670
HTL_S1215,HTL_R03674,每次到拉萨都住，在拉萨可以算性价比高的，有接送机很方便，服务很好，没电梯服务员会帮提行李到房间，建议住世纪宾馆，世纪酒店虽然价格条件相似，但太吵，火锅味太重。,,,0,,unlabeled,ChnSentiCorp_htl_all,3674
HTL_S1216,HTL_R07012,房间很小，洗手间有异味，酒店外观陈旧，yi以后不会再住,,,0,,unlabeled,ChnSentiCorp_htl_all,7012
HTL_S1217,HTL_R04726,交通方便，有很多出租车。,房间异常的好，只是风景不好(这是没办法的)。,因为酒店在住宅区里，大堂旁边就是银行提款机，对面是便利店，酒店旁边有一个咖啡酒吧。,7,,unlabeled,ChnSentiCorp_htl_all,4726
HTL_S1218,HTL_R04203,"5月21日入住,大床房空间很大,和价格相符.",,如再便宜点就更有竞争力.,0,,unlabeled,ChnSentiCorp_htl_all,4203
HTL_S1219,HTL_R07032,能做的只有逃跑，结帐还花了25分钟。。。。,不可礼遇的垃圾酒店，房间设施陈旧，服务人员没有基本素质，宽带不能使用，床单上有头发，早上八点开始楼顶传来刺耳的钻头打孔的声音。,,1,,unlabeled,ChnSentiCorp_htl_all,7032
HTL_S1220,HTL_R01869,很不错的感觉，不过只住了一天。,,很有品位。,0,,unlabeled,ChnSentiCorp_htl_all,1869
HTL_S1221,HTL_R05957,卫生间房顶漏水，房间里没有任何饮料，问服务员要饮料，回答必须现金结账，不可以挂房帐，岂有此理？,有宽带的一间，上网有时能上，有时上不了，急死活人！,,3,,unlabeled,ChnSentiCorp_htl_all,5957
HTL_S1222,HTL_R06901,而我定的是有窗户的130房间.,我突然想起没有窗户的开价是120.,我下去与其交涉.,5,,unlabeled,ChnSentiCorp_htl_all,6901
HTL_S1223,HTL_R04704,说实话觉得比官房要好，房间不错，卫生间有个玻璃窗，虽说打不开，但感觉很好。,,,0,,unlabeled,ChnSentiCorp_htl_all,4704
HTL_S1224,HTL_R00394,环境优美，服务员热情大方，有一种宾至如归的感觉，下次去福州还住于山宾馆！！,,我到现在还忘不了那里的早餐@_@,0,,unlabeled,ChnSentiCorp_htl_all,394
HTL_S1225,HTL_R07602,只能下楼叫服务员，捣鼓了半天确认是门锁有问题，才同意给换房间。,倒霉的事情怎么都到我们这里呢？！,3.,9,,unlabeled,ChnSentiCorp_htl_all,7602
HTL_S1226,HTL_R05879,典型的国营酒店，管理层缺乏责任心，管理混乱。,,房间里的大灯镜灯台灯都是坏的，只有一盏床头灯可用，不知道酒店是怎么维护的。,0,,unlabeled,ChnSentiCorp_htl_all,5879
HTL_S1227,HTL_R00776,结帐速度较慢总的来说，还是不错的,3。,,4,,unlabeled,ChnSentiCorp_htl_all,776
HTL_S1228,HTL_R07070,"宾馆在小巷里,周围环境差,室内施舍一般,218元一定要求住4楼(有宽带,房间大),218绝对不值.",,"不如锦江之星免费注册网站导航宾馆索引服务说明关于携程诚聘英才代理合作广告业务联系我们Copyright1999-2008,ctrip.",0,,unlabeled,ChnSentiCorp_htl_all,7070
HTL_S1229,HTL_R06719,本著酒店考察的度我了家酒店，果真的出了非常令人的事情，在里大家一：我住的房是六套房，房要用很大力才能上，室洗手的花好像住了，不怎么出水。,只是酒店的硬件在不人意，和房根本不成正比。,由于我本人就是做酒店的，所以我在退房的候都要自己先查一次布草然后管家部打他查房，做可以少我的退房。,2,,unlabeled,ChnSentiCorp_htl_all,6719
HTL_S1230,HTL_R06081,"非常糟糕的服务态度,隔音非常差即使是在高层夜晚有火车声第二天搬到远洲国际",,,0,,unlabeled,ChnSentiCorp_htl_all,6081
HTL_S1231,HTL_R01047,本次入住提供的房间较为满意，服务耐心，特别是饭菜比较可口，牛排是比较专业水准的，有圣诞气氛，不错。,,,0,,unlabeled,ChnSentiCorp_htl_all,1047
HTL_S1232,HTL_R02129,服务一般---这个如家根本没有任何服务可言.,"布局好---本次的房间有一个办公桌,足够大,比以前在电视前面打电脑要好多了.",推荐入住.,4,,unlabeled,ChnSentiCorp_htl_all,2129
HTL_S1233,HTL_R01965,交通很方便，步行到八佰伴也就十分钟左右，房间也OK，酒店服务也很好，就是酒店里的蚊子很多。,,,0,,unlabeled,ChnSentiCorp_htl_all,1965
HTL_S1234,HTL_R05949,"新年和太太了二天泉,最後是住了一天就走了,原因房感比不,洗手陋,前台管理十分混,Checkin入住人很多我可以理解,所以Checkout原因前台唯一的刷卡有,使我用信用卡下的金做不了取消,害我苦等了一小.",,"本人很重服素,酒店唯一可取之是房服不,房服很貌,只可惜我再也不考再入住了.",0,,unlabeled,ChnSentiCorp_htl_all,5949
HTL_S1235,HTL_R03027,"预定是用英文名字预定的,登记的时候出示的是中文名字,被告知无此人预定!",环境还不错滴~~就是入住时发生了一点小小的意外!,吓偶一跳!,1,,unlabeled,ChnSentiCorp_htl_all,3027
HTL_S1236,HTL_R01120,服务态度很不错，呵呵，而且离我们去的地方非常近，非常方便，环境也很好，希望下次还可以住那里,,,0,,unlabeled,ChnSentiCorp_htl_all,1120
HTL_S1237,HTL_R06284,该酒店位置较为偏僻，实在不是好找。,,酒店的设施与想象的商务酒店有相当的差距，卫生、干净程度比起莫泰、如家等差的较远，房间里烟味极重！,0,,unlabeled,ChnSentiCorp_htl_all,6284
HTL_S1238,HTL_R03879,游泳池的水很冷，小孩子被冻的发抖，不知为何？,,,0,,unlabeled,ChnSentiCorp_htl_all,3879
HTL_S1239,HTL_R06119,"此店是本人住过10余家北京如家中最贵的,所以我们满怀希望的过去.",,"的确,进门就是很大气的大堂,但是也只有这点勉强能算优点.",0,,unlabeled,ChnSentiCorp_htl_all,6119
HTL_S1240,HTL_R02475,补充点评2006年8月7日：由于是通过携程定的房间，所以宽带免费，但是没人提醒，所以用手机上网卡磨了半天，这一点比较郁闷。,虽然周围环境差了一些，但是酒店大堂气派，房间宽敞，设备新，服务到位，总体来说在酒店内确实是五星的标准，考虑到周边环境，携程应当在费用上再争取一下。,,1,,unlabeled,ChnSentiCorp_htl_all,2475
HTL_S1241,HTL_R06126,住过的最差的4星级宾馆，墙壁根本不隔音，晚上楼下卡拉ＯＫ吵的没法睡觉，早餐餐厅都是附近过来喝早茶的老头,,,0,,unlabeled,ChnSentiCorp_htl_all,6126
HTL_S1242,HTL_R05646,后来发现床垫上放屁股处有一个大大的凹陷，绝对是劣质货。,早餐很差，check-in服务也差，我预定的无烟大床，结果进房间发现是2张床的房间，要他们换，发现是大床没错，但是是吸烟房间，唉，将就了。,,1,,unlabeled,ChnSentiCorp_htl_all,5646
HTL_S1243,HTL_R06960,住了几次，价格高，房间差，床又小。,,要不是在携程上宜宾就这几个宾馆，我早不住了。,0,,unlabeled,ChnSentiCorp_htl_all,6960
HTL_S1244,HTL_R05517,服务非常差，房间也非常差，进去后还有异味，而且床非常不舒服，感觉床单也不干净，个人感觉根本够不上星级！,超级恶心的一家宾馆，入住后发现写字台窗台上到处是灰尘，非常恶心，向总台投诉后，才打扫干净！,太恶心了，这么破的地方，晚上竟然还有人打骚扰电话，问要不要服务，什么破地方！,1,,unlabeled,ChnSentiCorp_htl_all,5517
HTL_S1245,HTL_R04299,房间一般，没有留下太深的印象，自助餐还可以，值得一吃。,整体服务水准还不错。,,2,,unlabeled,ChnSentiCorp_htl_all,4299
HTL_S1246,HTL_R02578,酒店就在海月广场，且酒店大门口就是椰梦长廊，风景秀丽，并随时可以下海游泳，交通非常便利，整个酒店的环境也很不错，是度假的好酒店，二楼还有小泳池，晚上坐在泳池边的椅子上，吹着海风，看着漂亮的夜景，听着海月广场上传来的阵阵欢快的音乐，真是舒畅极了。,,胆子大的朋友也可以在晚上去海里小游一下，或许在海滩边散步，放孔明灯，都是非常浪漫的。,0,,unlabeled,ChnSentiCorp_htl_all,2578
HTL_S1247,HTL_R06730,"房间太旧了,价格上也不实惠,不过在信阳这样的城市估计也没有什么好酒店,也只能将就了!",,,0,,unlabeled,ChnSentiCorp_htl_all,6730
HTL_S1248,HTL_R07108,而且晚上还征询需要按摩服务吗?????,"第一次去潍坊,第一次住如家,酒店服务一般,房间的纯净水第二天过期,没敢喝,空调声音大,一晚上没睡好.",,1,,unlabeled,ChnSentiCorp_htl_all,7108
HTL_S1249,HTL_R07559,每晚遭到蚊子合攻电蚊香全不管用.,洗个浴洗手间全是水.,家酒店最多星.,4,,unlabeled,ChnSentiCorp_htl_all,7559
HTL_S1250,HTL_R07478,酒店一般，唯一就是距离机场近，有免费班车，没有特别印象。,,,0,,unlabeled,ChnSentiCorp_htl_all,7478
HTL_S1251,HTL_R07007,强烈建议大家不要住这个酒店，预订的时候没有说酒店二楼是卡拉OK厅，到晚上12点多了还在蹦迪，噪音吵得我睡不着觉。,,房间设施跟全国的如家都差不多，强烈抵制这样的店,0,,unlabeled,ChnSentiCorp_htl_all,7007
HTL_S1252,HTL_R07404,结果为了避免挨冻，多付了250元。,酒店设备陈旧，服务差劲，还不如二星级水准，更令人郁闷的是我早晨七点半下火车赶到酒店，却被告知要到九点方能入住，否则就要加半天房租。,结果携程还不算我的结分。,1,,unlabeled,ChnSentiCorp_htl_all,7404
HTL_S1253,HTL_R01142,酒店还可以，早餐也不错，值得推荐，若价格能再低点就更好了。,,,0,,unlabeled,ChnSentiCorp_htl_all,1142
HTL_S1254,HTL_R00086,酒店承诺接机，飞机本来应该在晚上10：00到，但是因为稍晚再加取行李，10：30分才出来，酒店的服务生已经在出口举牌等了，虽然只有我一个人，但仍很热心，态度很好的送我回了酒店。,1.,很感谢！,1,,unlabeled,ChnSentiCorp_htl_all,86
HTL_S1255,HTL_R01668,"餐厅的服务员很好,我们晚上吃饭聊天一直到12点,他们就不下班,等我们,一点怨言都没有,也没有提出交我们提前结帐或者提前离开.","早餐到是很一般,服务生很忙,把我的房卡和其他人的搞错了,害的两个人打不开房间.","总之够4星标准,不到500元的价格也可以接受.",4,,unlabeled,ChnSentiCorp_htl_all,1668
HTL_S1256,HTL_R02498,除地理位置较偏外，其他都不错。,宜昌的酒店普遍较老，半岛属于较新的，房间尚干净，设备也还齐全。,但是洗衣服务不行，过了下午6点就不再服务了，需要改进。,1,,unlabeled,ChnSentiCorp_htl_all,2498
HTL_S1257,HTL_R06764,与约好的人谈完事后，因急于赶到下一个城市办事，于下午1点左右退房，本以为付半天的房费就可以了，居然被要求付全天的房费。,网上订的，注明早晨8点入住，9点多才有房间。,不知是什么规矩，携程下面还有这样的合作酒店？,1,,unlabeled,ChnSentiCorp_htl_all,6764
HTL_S1258,HTL_R05903,我最不满意的是，我就打了2分钟长途电话，他们说我电话没挂好，计费系统还是继续计算，结果收了我60块电话费。,服务比较差，晚上经常有骚扰电话。,早餐听说很差，没有去试。,1,,unlabeled,ChnSentiCorp_htl_all,5903
HTL_S1259,HTL_R04603,"而以那的自助早餐,一份自要30元人民,我想很少有人意付去吃!",道第三人就不用吃早餐?,5.,11,,unlabeled,ChnSentiCorp_htl_all,4603
HTL_S1260,HTL_R06411,交通不方便，没什么车，隔音很差，虽然是新开的，但是同价位还是选择汉庭和莫泰吧，房间感觉就像是纸糊的，浴室太差了,,,0,,unlabeled,ChnSentiCorp_htl_all,6411
HTL_S1261,HTL_R05764,房间里极其浓郁的异味，通风条件极差，又不敢开窗，因为对面居民区养了几条喜欢狂吠的大狗。,但酒店住宿环境极差，标准B间在四楼，没有电梯，拎着箱子爬层高很高的四楼可不是一件轻松的事。,总之下次去开封不会选择了。,3,,unlabeled,ChnSentiCorp_htl_all,5764
HTL_S1262,HTL_R00215,对面就有超市和小吃夜市，隔壁有面包房，十分方便。,房间非常大，都吓了一大跳。,从客运总站出来直接乘1路公共汽车（始发站）刻刀，站名就是“少林宾馆”。,1,,unlabeled,ChnSentiCorp_htl_all,215
HTL_S1263,HTL_R06802,或许定位就是给那些到此一游的游客服务吧，方方面面条件都相当差，充其量是一个招待所水平。,房间条件太差了，完全浪费了紧邻什刹海、北海的有力位置。,,1,,unlabeled,ChnSentiCorp_htl_all,6802
HTL_S1264,HTL_R06997,周边环境不太好，比较乱。,,房间设施简陋，收费偏贵。,0,,unlabeled,ChnSentiCorp_htl_all,6997
HTL_S1265,HTL_R05789,后来才了解到一定要屋内人走了查完房才给我们结.,"前台的接待员算有礼貌,但checkout奇慢.","只想说那屋里的东西送我都不会要,还怕人拿,太夸张了.",14,,unlabeled,ChnSentiCorp_htl_all,5789
HTL_S1266,HTL_R06954,淋浴房的水是往外流的，洗个澡卫生间湿了一半了。,2008年7月29日入住三人房一晚，虽说是套房，但是只有一个空调出风口，一间房冻死，一间房还行。,花洒有很大问题出水极小，要求更换了，还是一样的毛病，根本没法洗头。,1,,unlabeled,ChnSentiCorp_htl_all,6954
HTL_S1267,HTL_R06009,建议自驾游的客人不要住在溪口，溪口安排一天足够了，交通很方便，可以住到附近较大的城市去。,午餐在酒店餐厅用餐，亲眼看到服务员将游客吃剩的饭倒回到饭桶中，再剩给别的客人用。,溪口的吃、喝、玩、睡都很贵，不实惠。,2,,unlabeled,ChnSentiCorp_htl_all,6009
HTL_S1268,HTL_R02527,还好，离我们的客户比较近。,,附近好点又实惠点的就这家了。,0,,unlabeled,ChnSentiCorp_htl_all,2527
HTL_S1269,HTL_R07512,特价房间根本没有窗户，空气十分差，房间设施也十分差，是原来饭馆包房改造的，预定时，携程根本没有对此情况进行告知，十分气愤！！！！,,,0,,unlabeled,ChnSentiCorp_htl_all,7512
HTL_S1270,HTL_R06820,三星级酒店，在炎热夏季的南方，晚上关中央空调！！！,再一问，是什么工程部的把空调关掉了。,我找服务员发火，服务员竟然对我推荐搬台电风扇过来用，这难道是在街边旅社？？！！,14,,unlabeled,ChnSentiCorp_htl_all,6820
HTL_S1271,HTL_R03581,（顺便提醒一下：信用卡预授权是制发卡机构或其代理机构在特约商户扣款前，确认许可冻结额度的交易。如果你不结帐就离店，酒店可以申请预授权金额的130%以内的扣款。为了安全，一定不要在确认处签字。万不得已，可以在背面签字，并注明使用用途或者明确金额、日期。）向他们当天值班的某位管理层反映，他居然说“没听说过！”,但华君出的笑话有点初级了：前台要求客人在预授权交易时签字。,看来华君在现代化管理上还有不短的一段路要走。,9,,unlabeled,ChnSentiCorp_htl_all,3581
HTL_S1272,HTL_R05226,房间很干净，只是面积稍小，特别是卫生间稍显局促。,中山大酒店地理位置非常好，位于市中心，交通、购物、吃饭都很方便。,推荐38层旋转餐厅的自助俄式晚餐，99元一位，品种较多，味道不错，性价比较高。,1,,unlabeled,ChnSentiCorp_htl_all,5226
HTL_S1273,HTL_R05952,优点：1、床很舒服，软硬适中。,,2、房间比较干净。,0,,unlabeled,ChnSentiCorp_htl_all,5952
HTL_S1274,HTL_R07008,订了一间420多的房间，房间较大，但地毯非常脏，全是水渍，很难看。,,服务方面不想提了，入住预授刷了800块，结果送餐不能挂房帐，只能付现金原因是预授太少，晕了。,0,,unlabeled,ChnSentiCorp_htl_all,7008
HTL_S1275,HTL_R05528,很不值，下次肯定不会再去这里了。,8月头通过携程订的两间标房，340元一间，原想四星级的标房应该很不错的，可到那一看，简直就是一个招待所的水准，装修陈旧，房间又小，25寸的电视机还锁在柜子里。,,1,,unlabeled,ChnSentiCorp_htl_all,5528
HTL_S1276,HTL_R00754,我喜欢这个酒店，因为那里有笑容！,,因为方便！,0,,unlabeled,ChnSentiCorp_htl_all,754
HTL_S1277,HTL_R06431,把我气的够呛，回房间投诉，给我转到商务中心，真不明白商务中心还有这功能呢。,答曰：我说的，肯定可以。,一通胡扯，什么酒店的门禁系统出故障了等等，反正他们没有错，都是我的错.,12,,unlabeled,ChnSentiCorp_htl_all,6431
HTL_S1278,HTL_R07434,专门定的宽带房，竟然无法上网，酒店也没有技术人员,,,0,,unlabeled,ChnSentiCorp_htl_all,7434
HTL_S1279,HTL_R00088,我觉得既然要送，就送好一点的，不然干脆就别送了。。。,服务不错，有送果篮，但是部分水果有点烂烂的。。。,酒店整体不错，房间也很好。。,2,,unlabeled,ChnSentiCorp_htl_all,88
HTL_S1280,HTL_R03841,"大家说的都有一定道理,服务不错,很随和,房间干净,在旅游的地方信价比也算不错,晚上的表演还能看,就是没有原生态的歌手是个遗憾.",,,0,,unlabeled,ChnSentiCorp_htl_all,3841
HTL_S1281,HTL_R06474,宾馆反馈2008年8月12日：酒店客房内的设施设备定期由工程部人员进行维修，如遇该客户这样的情况可向客房部反映，工程部会派人到房间当场维修。,不会再去住了。,另外，如该客户提到前台员工的服务态度有问题，望其能第一时间向前厅经理反映，以便酒店方能及时改过。,5,,unlabeled,ChnSentiCorp_htl_all,6474
HTL_S1282,HTL_R05626,卫生间里粘两个灭蟑螂的盒子，让人看了很不舒服。,衣橱的灯的开关是坏的，把门关上灯还亮着。,,2,,unlabeled,ChnSentiCorp_htl_all,5626
HTL_S1283,HTL_R06105,在上饶绕了好久才找到酒店。,是晚上到上饶的，打电话给酒店问路，态度不好，还总指错路。,入住后发现，房间小且不太干净。,1,,unlabeled,ChnSentiCorp_htl_all,6105
HTL_S1284,HTL_R02764,湖南的酒店服务业感觉一般，所以这样的酒店还是不错的了。,早餐还比较丰盛，整体服务也还不错。,下次可能还会住这里。,2,,unlabeled,ChnSentiCorp_htl_all,2764
HTL_S1285,HTL_R01312,"携程没有介绍错,下次到上海一定还住这家酒店.",是家很不错的酒点.,,5,,unlabeled,ChnSentiCorp_htl_all,1312
HTL_S1286,HTL_R07176,软硬件都不够三星标准，我是凌晨2点多入住的，过道无人指点，房前灯也没有，还是我自己摸索找到的；房内设施陈旧，有霉味，床上用品看上去不清洁，久放水不热，我点了6：15叫早，结果小姐忘了快7点才叫我，第一句是“你大概已经起来了吧”。,,我在网上订的高标，最低193元，但是宾馆大幅广告“休闲房118，高标168”，鉴于此，我进店就问有无客房，小姐反复问我是否预定，就是不正面回答有无客房。,0,,unlabeled,ChnSentiCorp_htl_all,7176
HTL_S1287,HTL_R06682,较烂以及让你绝望的烂且无法选择的烂。,,缺少竞争啊,0,,unlabeled,ChnSentiCorp_htl_all,6682
HTL_S1288,HTL_R04202,总体感觉还是满意的，可以作为常住酒店。,前台藏的太靠里面，大床房很不错，服务也不错，只是浴室喷淋是固定的，最好再加一个可以拿在手里的小喷头。,,1,,unlabeled,ChnSentiCorp_htl_all,4202
HTL_S1289,HTL_R05962,2、仍然是早餐的问题，在大堂旁的一个好象是叫‘玛格丽特的’西餐厅；1>光线特别不好，谁都希望早上起来有个明亮的环境用餐，但这里肯定不是；2>给食品加温的不是电热式，采用的是燃烧腊来加热/保温，弄得餐厅里面很浓的一股腊燃烧后的气味，让人感觉非常不好；3、真不知道这样的酒店怎么样就能够评上4星？,应该不是我第一次评价这个酒店了，没办法再次补充如下：1、早餐真是超级垃圾，做得真的感觉和猪食差不多，不知道请的什么厨师？,哎。。。,1,,unlabeled,ChnSentiCorp_htl_all,5962
HTL_S1290,HTL_R06444,6，周围几乎没吃东西滴。,只刷了牙，澡都没法洗！,,4,,unlabeled,ChnSentiCorp_htl_all,6444
HTL_S1291,HTL_R00936,济南最好的酒店，服务也不错，难得是还有印度厨师！,,,0,,unlabeled,ChnSentiCorp_htl_all,936
HTL_S1292,HTL_R03042,这是握住过的最便宜的五星级酒店，金陵酒店管理的，酒店的硬件很部错，卫生间的面盆与淋浴房的间隔有点小。,,,0,,unlabeled,ChnSentiCorp_htl_all,3042
HTL_S1293,HTL_R04938,"我订的是行政房,可以免费饮用房间内小冰箱的饮料和啤酒,还可以随便去行政酒廊喝一杯.",吃的用的都可以买到.,"下午5点的下午茶时间有各种饮品和小吃,如寿司,香肠,烤鱼,烤肉等.",4,,unlabeled,ChnSentiCorp_htl_all,4938
HTL_S1294,HTL_R04567,大理而又不持住入古城者，考。,客房足，生，是踏的良好服。,补充点评2007年10月22日：同意先前有友推介餐服亦算不，但菜色欠吸引。,6,,unlabeled,ChnSentiCorp_htl_all,4567
HTL_S1295,HTL_R07742,我们7人同行，订了2间标房，1间三人房，到酒店入住时告知三人房与两间标房分别在两幢楼的，三人房checkin的时候又告知房间有问题，还要给了我们两间标房，房间内设施齐全，但是洗澡水放出来就象泥水，要放15分钟才干净，楼内服务台没有服务人员，总体感觉不是很满意。,,,0,,unlabeled,ChnSentiCorp_htl_all,7742
HTL_S1296,HTL_R07329,早晨在房间打电话告诉前台查房，结果我到前台后，前台还没打，等到再次说退房时，才磨磨蹭蹭的打电话，结果等了几分钟还是没人查。,我通过携程预定了早餐，结果被告知从七点钟才开始，那我说我退掉吧，结果告诉我携程订了就不能退。,等签单时才发现自己名字的两个字竟然被搞反了，真搞不懂，我实在是不敢恭维，而且莫名其妙的在我的名字后面竟然出现了另一个人名。,3,,unlabeled,ChnSentiCorp_htl_all,7329
HTL_S1297,HTL_R07330,"最奇怪的数电视机了,我朋友光脚从其前面走过去就有信号,等走回来信号就没了.","酒店是分时用空调,好不容易挨到了,风极小,叫维修人员,竟然连面也不照就说修不了,要不换房间好了.","还有惨的呢,就住这一晚害得我们俩人身上起了很我疹子,不知是被咬的,还是用具不干净过敏.",4,,unlabeled,ChnSentiCorp_htl_all,7330
HTL_S1298,HTL_R06941,如果去安大和中国科技大学，这家酒店地理位置有优势，步行10分钟即到。,早餐很一般。,,4,,unlabeled,ChnSentiCorp_htl_all,6941
HTL_S1299,HTL_R07407,同时希望宾馆能给我一个回复．ＣＨＵＮＬＩＮＧ２１９＠ＳＯＨＵ．ＣＯＭ宾馆反馈2007年12月10日：关于您反映的情况，客房领导高度重视，立刻召开总台员工及所有管理人员专题会，对当事员工进行了批评教育及再培训。,希望下次去的兄弟姐妹们不要碰到这么一个人。,保证在今后的工作中提高服务质量，树立“以客为先”的服务意识，努力做好对客服务工作。,13,,unlabeled,ChnSentiCorp_htl_all,7407
HTL_S1300,HTL_R00573,"酒店设施稍显陈旧,但干净整洁,早餐六点开始(很好),品种较多,但明档的食品六点去是吃不到的,略显遗憾啊",,,0,,unlabeled,ChnSentiCorp_htl_all,573
HTL_S1301,HTL_R05991,酒店位置较差，交通极其不便。,,房间较小，顶多三星级标准，周边环境较差。,0,,unlabeled,ChnSentiCorp_htl_all,5991
HTL_S1302,HTL_R05057,安静乾净价格公道窗外的景致不错如果你要安静的住宿环境可以选择它,,,0,,unlabeled,ChnSentiCorp_htl_all,5057
HTL_S1303,HTL_R04946,"另外他们的商务标间非常不错是新装修的很喜欢,充满简洁现代的风格","通过携程定的豪华标间却很幸运的给我免费升级为最顶级的豪华套房,非常舒适.",,1,,unlabeled,ChnSentiCorp_htl_all,4946
HTL_S1304,HTL_R04811,"酒店房间不大,但比较干净整洁,早餐还不错,特别是小馄饨很香,服务员很热情,唯一不足的是酒店地处包头步行街,外面的商店音响很吵.",,,0,,unlabeled,ChnSentiCorp_htl_all,4811
HTL_S1305,HTL_R07555,很明显携程的客人没有受到礼遇。,,用了8年的携程，第一次怀疑是否有必要继续用携程。,0,,unlabeled,ChnSentiCorp_htl_all,7555
HTL_S1306,HTL_R00003,推荐给节约消费的自助游朋友~比较划算，附近特色小吃很多~,总之，不错。,,3,,unlabeled,ChnSentiCorp_htl_all,3
HTL_S1307,HTL_R04807,一，房间舒适卫生，且较为宽敞（豪华标间）。,,二，酒店服务还可以。,0,,unlabeled,ChnSentiCorp_htl_all,4807
HTL_S1308,HTL_R04492,大堂大得离谱，空荡荡的，不知当初设计师怎么想的，太奇怪了。,总体来说是个性价比相当高的酒店，从酒店外表到房间设施都很不错，通过携程预订还送了很大一篮水果，感觉挺好。,,1,,unlabeled,ChnSentiCorp_htl_all,4492
HTL_S1309,HTL_R04052,"到缙云也没别的地方好住,在这里住了个套房,感觉还可以,在一个小县城里有这样的地方就算不错了.",,"房间是设备尚可,玻璃是两层的,主要是因为靠近火车站的缘故,而火车汽笛声音又很有穿透力.",0,,unlabeled,ChnSentiCorp_htl_all,4052
HTL_S1310,HTL_R04562,"是泉州最好的,施,地,配套符合星,所以相符",,,0,,unlabeled,ChnSentiCorp_htl_all,4562
HTL_S1311,HTL_R05868,晚上8点半开始酒店扩建的施工地钻机和挖土机开始嘶叫了，我朦胧睡着时应该是10点多了～还在工作，本来想拍照下来的，但是施工地没有开大灯，只有机器上的小灯没法拍摄。,从去年开始就在装修，说是要升4星，房间还是老样子。,洗澡，竟然碰到莲蓬头没法出水，只能下面水龙头出水。,1,,unlabeled,ChnSentiCorp_htl_all,5868
HTL_S1312,HTL_R00199,客服专业、房间也很标准。,地理位置不错、停车场很大。,宽带流畅。,1,,unlabeled,ChnSentiCorp_htl_all,199
HTL_S1313,HTL_R06668,酒店里有一家公安局在办公，所以大部分都是公安局的客户什么的，所以对普通百姓的服务很差，墙壁隔音设计很差，因此很早就显得很嘈杂，根本没法休息！,也许是因为旅游景点的问题，但是我们住过附近其他的三星级酒店，各方面都比这家好，价格还能便宜100多，建议千万别住！,,2,,unlabeled,ChnSentiCorp_htl_all,6668
HTL_S1314,HTL_R05537,"另外酒店大堂超土,建议住马可波罗或尊爵湖畔酒店公寓(在百度可搜到)补充点评2007年9月24日：~{N@Iz<dC;SP4rI(8I>;~},~{SPM77""~},~{:\6qPD~}.~{2;R*H%~}!~{IO51~}",更何况全是你们的问题!,,7,,unlabeled,ChnSentiCorp_htl_all,5537
HTL_S1315,HTL_R07649,房间靠近马路，太吵了，一晚上听车子声音听到天亮，早上Checkout速度比较慢,,,0,,unlabeled,ChnSentiCorp_htl_all,7649
HTL_S1316,HTL_R04317,"而且酒店退房速度超快,还可以预订去机场的专车比地铁方便运送行李,比出租车合算.","酒店超时退房每小时110港币,比较合理.","本人退房的当天赶上台风了,无奈只能乘坐出租,从酒店到机场300港币+过路费40港币+行李放入后备箱20港币=360港币,还可以.",29,,unlabeled,ChnSentiCorp_htl_all,4317
HTL_S1317,HTL_R02932,"酒店内部装修还好,不过外部外景比较偏僻,一楼的鱼村菜不行,不过酒店对面的最高台是合肥比较上档次的餐饮酒店",,,0,,unlabeled,ChnSentiCorp_htl_all,2932
HTL_S1318,HTL_R06638,"开始住的那个房间初看感觉不错，但空调坏的,一晚没用,卫生间淋浴房洗澡时往外漏水.",,后来换了一个房间还可以，总体觉得一般。,0,,unlabeled,ChnSentiCorp_htl_all,6638
HTL_S1319,HTL_R05157,房间很干净，设施还行，家具稍微有些旧。,,商务间的楼层前台不错，不过清洁工很一般，住的时间比较长，好几次都没有放新拖鞋。,0,,unlabeled,ChnSentiCorp_htl_all,5157
HTL_S1320,HTL_R00378,"由于小孩怕震天响的炮仗声,我们每年都有大年夜和初四晚到宾馆过夜的习惯",,,0,,unlabeled,ChnSentiCorp_htl_all,378
HTL_S1321,HTL_R04829,结账遇到很大麻烦，先说我用了付费饮料及食品。,我住南楼，298的价位跟房间环境比算贵。,后来又说浴袍没了。,2,,unlabeled,ChnSentiCorp_htl_all,4829
HTL_S1322,HTL_R03921,"房间一般,服务很好,卫生间有异味.",,被,0,,unlabeled,ChnSentiCorp_htl_all,3921
HTL_S1323,HTL_R06013,五星级的酒店，三星级的房间，两星级的服务，零星级的环境。,,以后再也不会来这家酒店了。,0,,unlabeled,ChnSentiCorp_htl_all,6013
HTL_S1324,HTL_R06307,真的很吵我特意要了个安静的房间虽然听不见外面的交通声音，但是走廊里的声音一清二楚我要的是商务大床，感觉很小，但是还算干净，最主要是电视没有机顶盒，最让我诧异（怎么说我也是在上海阿）,,,0,,unlabeled,ChnSentiCorp_htl_all,6307
HTL_S1325,HTL_R01225,"离长途大巴车站很近,酒店环境也算不错,下次还是首选.",,,0,,unlabeled,ChnSentiCorp_htl_all,1225
HTL_S1326,HTL_R03550,晚上11点左右入住，发现卫生间水龙头有问题，通知前台以后半小时都没有人来修理，服务效率不高,,,0,,unlabeled,ChnSentiCorp_htl_all,3550
HTL_S1327,HTL_R02890,价格适中，但靠马路边，晚上有点吵，一大早就醒了。,洒店环镜和卫生都还可以，也较新。,,1,,unlabeled,ChnSentiCorp_htl_all,2890
HTL_S1328,HTL_R06904,其实就是原来的招待所，重新装修了一下。,,倒是比较干净，服务也还可以，设施不是很好，最重要的是那个院子晚上12点要关大门的，结果有一天晚上回来晚了，怎么敲门也没人搭理，后来有个保安出来说走后面的门，真是郁闷啊！,0,,unlabeled,ChnSentiCorp_htl_all,6904
HTL_S1329,HTL_R02558,酒店位置很好，房间也很舒服，下次还会入住。,,,0,,unlabeled,ChnSentiCorp_htl_all,2558
HTL_S1330,HTL_R06419,第三天换到所谓的商务楼套房，其实就是普通的家庭楼房装修了一番，老房子，靠楼梯上下，这里住的都是当地打夜麻将的人，晚上在楼梯间大声喧哗，隔音更差。,第二天换到靠里面的标间楼下却又是靠锅炉和空调，晚上也很吵。,3，第四天退房后打当地出租车，问司机这个酒店如何，司机说这里几乎都是当地来“耍的”，打牌XXX等等，几乎很少出差的商务人员住这里。,4,,unlabeled,ChnSentiCorp_htl_all,6419
HTL_S1331,HTL_R06075,我住的是大床间，房子不算干净，卫生间比较简陋，早餐品种太少，饭店上菜太慢，卫生也是问题，不停有苍蝇转来转去。,,下次不会再住了。,0,,unlabeled,ChnSentiCorp_htl_all,6075
HTL_S1332,HTL_R07041,请问我都已经结帐了，你们还保留预授权的单据做什么!!!!!!,房间还可以，结帐时竟然不返还预授权时签字的单据，跟他们要时，好象哥伦布发现了新大陆!!!!!!,,2,,unlabeled,ChnSentiCorp_htl_all,7041
HTL_S1333,HTL_R00541,离火车站、长途汽车站很近，打车起价就到（五分钟内），楼下有24小时营业的麦当劳（点餐可免费送至房间），出大门往左便是平原商场，其对面是影剧院。,,,0,,unlabeled,ChnSentiCorp_htl_all,541
HTL_S1334,HTL_R05693,"结果离店结算时果然又要我们付房间的二瓶水,我们解释也没有用,还是多收了二瓶水钱,从这点看管理太乱.","首先不能上网,回答是,4块钱一个小时,一会拿了""猫""和路由器过来,好恐怖,不要了;要求送十瓶矿泉水,只送了七瓶,服务员说只有这么多没有了,要求签字确认,服务员说把房间的二瓶也一起算吧,我说,不要算,你查房的时候算,不然会搞错,服务员说一样的,9瓶三元一瓶签字了27元,.",.,15,,unlabeled,ChnSentiCorp_htl_all,5693
HTL_S1335,HTL_R00391,环境和服务都比较不错，最大的缺憾是，早上打的的时候非常不方便。,,往往需要等上10分钟时间,0,,unlabeled,ChnSentiCorp_htl_all,391
HTL_S1336,HTL_R06497,差的不能在差了，厕所垃圾桶旁边发现一只3厘米的蟑螂，床单被罩有血迹，打电话让换，服务员来了竟然说是刚换的，血迹是洗不掉的。,,,0,,unlabeled,ChnSentiCorp_htl_all,6497
HTL_S1337,HTL_R07524,地毯上到处是补丁，一股子霉味，我住的还是豪华标双。,上到房间一看，房间内的设置就更差了。,不晓得普标哪得成什么样？,4,,unlabeled,ChnSentiCorp_htl_all,7524
HTL_S1338,HTL_R06303,看到韩国人就跟狗见到主人一样，严重鄙视！！！！,（2）严重崇洋媚外！！！！,你给韩国人提箱子也没有见给你小费阿，溅！！！！！！,4,,unlabeled,ChnSentiCorp_htl_all,6303
HTL_S1339,HTL_R06537,服务一般，房间卫生太差，居然有蟑螂弄的我和我老公身上满是疙瘩，退房时把时间逼的太紧，还必须是12点以前，让我最中意的是他们的浴室，大大的莲蓬洗澡舒服的很,,,0,,unlabeled,ChnSentiCorp_htl_all,6537
HTL_S1340,HTL_R06218,如家的电视节目有马赛克，给前台打电话，他们说叫工程师来看看，结果过了几分钟来了个拿对讲机的大婶，告诉我们是信号的原因，所有房间的节目都这样，要到晚上才能好，我们想那就算了，可是过会和我们同行来的另一个房间的朋友说他们的电视信号一直很好，气死了，如家竟然这样骗顾客，给前台打电话，又改口说是部分房间的信号是这样。,我订的是商务大床房，给我的房间是8418房，床是挺大的，但是房间太小了，基本上是进屋就上床了，连椅子都放不开，但是有个看不到海景的大阳台，不知道是怎么设计的，估计这房应该是个单人房改的。,晚上8点多的时候信号好了，但是第二天依然还是有马赛克，到了晚上也没好。,1,,unlabeled,ChnSentiCorp_htl_all,6218
HTL_S1341,HTL_R07315,在此，提出强烈抗议，希望能够以后不要什么不三不四的人都往酒店里,直接影响了我第二天的工作状态。,,11,,unlabeled,ChnSentiCorp_htl_all,7315
HTL_S1342,HTL_R07291,北京东方和平宾馆这家酒店给我感觉不好，虽然地段好，就靠王府井大街，但退房速度慢，房间隔音不好，有味道，看上去不干净。,补充点评2008年4月21日：之前给的点评错误，因为看错宾馆名字。,下次不会去了。,4,,unlabeled,ChnSentiCorp_htl_all,7291
HTL_S1343,HTL_R04999,环境也比较安静，工作人员的服务意识也一流。,"酒店的环境,早餐还可以。",只是酒店附近的餐饮点比较少。,1,,unlabeled,ChnSentiCorp_htl_all,4999
HTL_S1344,HTL_R06373,"后这名服务员给我们的房间还是标准间,(之前说没标准间),但都是靠楼边的,房间很小,每间房内高高耸立着一个大柱子.","晚上10点钟到达宾馆,前台一名女服务员告诉没有接到携程的传真订单,并且态度恶劣,说已经没有标准间了,只能住套间,我们与携程取得联系后,前台翻了翻管理极为混乱的订单后,告诉我们说我们已经入住过了,简直可笑至极.","客房服务员也是冷冰冰的,客人要求送物品到房间后向其表达写意时,服务员都是板着脸扭头而去,建议酒店应加强单据的管理及服务员业务的培训.",1,,unlabeled,ChnSentiCorp_htl_all,6373
HTL_S1345,HTL_R04696,有独特三项超人之处：一是免费接机，二是有盒装品牌牛奶赠送（不像别的酒店是奶粉冲泡），三市内电话随你拨。,环境舒适、服务细致、价格适中。,从一名普通消费者的角度，我也借此机会谢谢和玺酒店的优质服务，也祝和玺酒店越办越好。,1,,unlabeled,ChnSentiCorp_htl_all,4696
HTL_S1346,HTL_R06011,退房后酒店反馈给携程说客人没有如期入住，也让客人很不舒服。,酒店位置很偏，大厅很漂亮，可是房间里有刚装修的味道，房间偏暗，床也偏低，给人压抑的感觉。,,1,,unlabeled,ChnSentiCorp_htl_all,6011
HTL_S1347,HTL_R00023,"总体还可以,就是前台服务员还不够敬业,在登记入住后,看都没看是不是本人,就把我客人的护照给了其它人,幸亏就在旁边,要不然不知后果怎样,之后连说声不好意思,或对不起都没有!!!",,希望改进!!!,0,,unlabeled,ChnSentiCorp_htl_all,23
HTL_S1348,HTL_R04259,宾馆反馈2008年6月16日：谢谢,酒店服务满好，房间设施不超过四星，晚上没有骚扰电话。,,1,,unlabeled,ChnSentiCorp_htl_all,4259
HTL_S1349,HTL_R07137,可惜服务一样差，坐在那里没人管。,唯独值得提的是，美林阁的饮食还好。,,9,,unlabeled,ChnSentiCorp_htl_all,7137
HTL_S1350,HTL_R04765,当时由于原先预定的标准间没有房间，酒店人员免费将2个房间全部升级到行政间，前台服务人员态度非常好，对了我强烈推荐大家去顶楼的旋转自助餐厅，那里的环境很灵的。,,,0,,unlabeled,ChnSentiCorp_htl_all,4765
HTL_S1351,HTL_R05441,天宇也就占了个位置还可以到光，内部设施和消耗品配备，实在是不怎么样，而且，很贵,,,0,,unlabeled,ChnSentiCorp_htl_all,5441
HTL_S1352,HTL_R06053,建议酒店尽快把那个小坐便换掉，否则真的没人敢入住了。,客房的壁纸坏的很厉害，停车场房客还收费，感觉不好。,,2,,unlabeled,ChnSentiCorp_htl_all,6053
HTL_S1353,HTL_R06560,这是在携程能找到的、汕尾最好的酒店。,,没办法,0,,unlabeled,ChnSentiCorp_htl_all,6560
HTL_S1354,HTL_R04281,上次来时反映下面歌厅太吵，经说明后提供的房间不错，挺安静！,门童服务也不错。,,2,,unlabeled,ChnSentiCorp_htl_all,4281
HTL_S1355,HTL_R00913,施可以，就是冰箱面西可消。,因在道大，到中裕住了天，一天是免升的套，一天是豪。,最近施工，早上略吵。,1,,unlabeled,ChnSentiCorp_htl_all,913
HTL_S1356,HTL_R06136,（问什么都不知道）唯一好处就是步行街在旁边，方便逛街。,服务人员也没有饭店服务观念。,另一个不知是不是优点或内部管理不良？,2,,unlabeled,ChnSentiCorp_htl_all,6136
HTL_S1357,HTL_R07493,估计是出差这个月住的酒店里面最差的了酒店，可以说甚至连如家之类都不如，价格是328，含早餐，开始给个9楼，打开电梯就知道错了，脏兮兮的地毯，房间门破破烂烂，还打不开，撤！,,下面前台的还问怎么了，后来要给我升级到高级间，先看看，哎呀，还是差，但是时间已经快6点了，路面又下雪，还有其他事办，将就吧，晚上回来马桶是漏水的，还是热水，坐上去，蒸汽腾腾，屁股湿湿，第一次，浴室东西很一般，老的掉牙的酒店，特别讨厌前台的服务员，没有一点服务意思，以后不敢再住这家酒店，携程话务员还要说是星级好酒店，就知道骗钱,0,,unlabeled,ChnSentiCorp_htl_all,7493
HTL_S1358,HTL_R03663,房间较新，面积也较大，服务不错，总之还行,,,0,,unlabeled,ChnSentiCorp_htl_all,3663
HTL_S1359,HTL_R05611,酒店周围环境不怎么样都是居民区（当然不是有钱人住的）下次去的话坚决不会再住这家了也不推荐,没有见过这么小的房间两人在房间走动的话需要让来让去的，酒店服务员态度都是冷冰冰的从来没见过他们笑过或主动和你打招呼，离地铁东涌线距离还可以。,,1,,unlabeled,ChnSentiCorp_htl_all,5611
HTL_S1360,HTL_R06671,我订房间时提供了信用卡担保，酒店却擅自将我订的房间换掉，非常不愉快！,,,0,,unlabeled,ChnSentiCorp_htl_all,6671
HTL_S1361,HTL_R06507,这就是我入住了四晚该酒店的客人得到的待遇！！,我们不会多收“你们”钱。。。,对了，说说房间吧：1、没有用过的浴缸里有一撮头发！！！！,11,,unlabeled,ChnSentiCorp_htl_all,6507
HTL_S1362,HTL_R04532,带阳台的房间很好，窗外的自然景色，有山有水有云雾，很舒服。,,宽带的速度相当快，儿子打游戏直喊爽。,0,,unlabeled,ChnSentiCorp_htl_all,4532
HTL_S1363,HTL_R06545,酒店对前台人员就有关公共知识，如指路、本地旅游景点、本地特产等方面的问讯工作加强了培训。,酒店房型较多，大小不一，对于携程网客户，本店将尽量安排空间大一点的房型；3.,,4,,unlabeled,ChnSentiCorp_htl_all,6545
HTL_S1364,HTL_R05815,还有就是卫生间特别小，小得只能容一个人转身。,也许不朝街的房间会好点。,酒店不提供一次性的香皂，我是跟他们要才给的，还好，免费。,4,,unlabeled,ChnSentiCorp_htl_all,5815
HTL_S1365,HTL_R00670,当然，我们也会进一步加强与携程的沟通与协调，让您今后的入住感觉更加舒适与愉快。,根据我们的担保订房要求，对于确认担保的房间未入住的会收取当天房费。,,4,,unlabeled,ChnSentiCorp_htl_all,670
HTL_S1366,HTL_R01458,交通不是很方便，服务也是一般化！,环境一般，房间还可以！,,1,,unlabeled,ChnSentiCorp_htl_all,1458
HTL_S1367,HTL_R06672,半夜被吵醒好几次，我晕死！！,房间隔音效果超级差，晚上竟然能听到外面在搓麻将和讲话声！,,1,,unlabeled,ChnSentiCorp_htl_all,6672
HTL_S1368,HTL_R05790,酒店设施陈旧，浴缸排水不畅，入住无房，一间16：00，一间22：00，早餐差,,,0,,unlabeled,ChnSentiCorp_htl_all,5790
HTL_S1369,HTL_R03223,如果结账的时候能够主动提醒一下就更好了。,美中不足的是车费忘记结账的时候出示了，浪费了60元，呵呵。,,7,,unlabeled,ChnSentiCorp_htl_all,3223
HTL_S1370,HTL_R05382,"这个如家实在是太小了,房间很小很小,就不舒服了",,,0,,unlabeled,ChnSentiCorp_htl_all,5382
HTL_S1371,HTL_R05598,第三天因为火车要晚上9点多才开，所以我延了半天到六点退房，结果到5点40就打电话催我说要来查房了，我说还没到6点你们催什么啊，而且我那天早上是6点到的，你再给我延半个小时或一个小时都是份内的事，赶客人赶什么一样的。,我说没问题酒店大都是这样的。,以后不去了。,2,,unlabeled,ChnSentiCorp_htl_all,5598
HTL_S1372,HTL_R06295,走廊气味令人反感、房间寝具不干净、卫生间气味令人作呕、挂壁空调漏水。。。。。。,该酒店的确是靠近天目湖--湖畔哦；但酒店的内部环境的确无法一住哦。,“！！！？？？”,1,,unlabeled,ChnSentiCorp_htl_all,6295
HTL_S1373,HTL_R02296,入住后还给免费升了级，留下很好的印象。,酒店服务较好。,有机会还会去住，但价格应该再降下来一些。,1,,unlabeled,ChnSentiCorp_htl_all,2296
HTL_S1374,HTL_R01669,位置好，房间大，服务到位，是商务和出差的首选。,,,0,,unlabeled,ChnSentiCorp_htl_all,1669
HTL_S1375,HTL_R07258,觉得是住过酒店最差的一家，一楼房间接近地下层，空气不好，而且酒店还在涮漆整修中，油漆气味很难闻.,,.,0,,unlabeled,ChnSentiCorp_htl_all,7258
HTL_S1376,HTL_R00369,据说是敦煌最贵的酒店了。,打车10元，公共汽车1元，酒店门口有站。,不过我只住了一晚，就无所谓了。,6,,unlabeled,ChnSentiCorp_htl_all,369
HTL_S1377,HTL_R04878,房间里东西倒是干净，地毯有点脏。,在西宁住过几个酒店，此酒店虽然比起内地的四星级差一些，但在西宁也算是不错的了，价格也不高。,用的是地暖，感觉比空调舒服多了，也没有噪音。,1,,unlabeled,ChnSentiCorp_htl_all,4878
HTL_S1378,HTL_R05493,4月30日晚入住，室外温度30度的情况下，房间没有空调，当我们提出意见时，居然说怕客人着凉？！！,绝对是徒有其表的一家酒店。,我们盖的可是鸭绒被啊！,1,,unlabeled,ChnSentiCorp_htl_all,5493
HTL_S1379,HTL_R00306,"东西忘记了在房间,即使是一个小小的手机电池,酒店也很重视,立即联系到了我.",酒店已经有我的常客记录了.,,4,,unlabeled,ChnSentiCorp_htl_all,306
HTL_S1380,HTL_R07144,希望以后为不同客人带来增值服务的享受。,宾馆反馈2008年6月3日：感谢上位客人的评价，您的意见就是对于我们工作的推进，经济型快捷式的酒店也许我们还是会有不到位的地方，经过多次培训后在客房服上己经严格执行“一客一换，全部更新”，并在会在此同时增加消费品等。,,5,,unlabeled,ChnSentiCorp_htl_all,7144
HTL_S1381,HTL_R04522,服务稍微差一点，入住后房间打扫不彻底，床单不能每天更换。,,,0,,unlabeled,ChnSentiCorp_htl_all,4522
HTL_S1382,HTL_R06043,而且，8点半刚到，就要撤餐。,早餐简直太差了，除了凉菜和咸菜，基本没有热菜。,,3,,unlabeled,ChnSentiCorp_htl_all,6043
HTL_S1383,HTL_R06409,20元不是什么大钱，但是这个做法极端的让人不舒服。,先不说他有没有明码标价，我纳闷的是，难道他们的被子原本是不洗的吗？,像我们这种经常出差的，大大小小的酒店住过不少。,13,,unlabeled,ChnSentiCorp_htl_all,6409
HTL_S1384,HTL_R00821,酒店住宿环境不错，前台服务很热情，房间可以看到长江和葛洲坝，就是卫生间的淋浴设施不太好用，总体而言还是不错的地方！,,,0,,unlabeled,ChnSentiCorp_htl_all,821
HTL_S1385,HTL_R05856,风格就是快捷酒店，不过服务和得到的优秀酒店称号相差好远，我住的是商务大床房，是最靠走廊尽头的单人间，房间异味很浓，灰色的沙发很脏，有好几个破洞，房内的网线是铁通的，但“铁定不通”周围没有商店，以后不会再住了。,,,0,,unlabeled,ChnSentiCorp_htl_all,5856
HTL_S1386,HTL_R00435,大概想彰显一些热带风格？,我住的是商务套房，650的价格性价比不高，感觉房间的配置上不了那个档次，厅里的沙发还是藤椅。。。,感觉不好。。。,1,,unlabeled,ChnSentiCorp_htl_all,435
HTL_S1387,HTL_R07121,"可能是政府公营,不在乎吧","柜台动作慢,态度凶,脸色臭,房间没空调又冷又潮,餐厅更差.",,2,,unlabeled,ChnSentiCorp_htl_all,7121
HTL_S1388,HTL_R07210,因为：1、在一个小巷里，很难找；2、价格奇贵，且房间又小，也就是国内很小的单人间也敢叫标准间；3、前台服务冷漠，老对大陆人翻白眼。,真的是很普通的一家酒店，不应该成为在香港的居住选择。,,1,,unlabeled,ChnSentiCorp_htl_all,7210
HTL_S1389,HTL_R05525,迷你房还真是迷你啊……家具和墙纸都旧的不行，但还都齐全。,,虽然地方还满难找的，不过叫车倒是满方便的。,0,,unlabeled,ChnSentiCorp_htl_all,5525
HTL_S1390,HTL_R03843,属于凤凰地区最好的酒店之一了吧。,总体来说符合3星级的标准。,就是价格也不算便宜。,2,,unlabeled,ChnSentiCorp_htl_all,3843
HTL_S1391,HTL_R00441,"可能是住得太高的缘故(住顶楼6楼),晚上洗澡洗到一半没有热水了,过了约1分钟才慢慢来水.",紧挨路边，周边环境有点吵，很早就有大卡车鸣笛。,这在冬天是较难忍受的.,2,,unlabeled,ChnSentiCorp_htl_all,441
HTL_S1392,HTL_R01173,"景观不错,服务也不错,早餐也不错,地段不错,去哪都方便",,,0,,unlabeled,ChnSentiCorp_htl_all,1173
HTL_S1393,HTL_R05704,住了一次可以让你不想再住第二次的酒店一次痛苦的经历不想再提,,,0,,unlabeled,ChnSentiCorp_htl_all,5704
HTL_S1394,HTL_R02210,入住时，前台还主动询问选择哪种颜色的房间.,房间有红、黄、蓝三种色调。,床上用品很舒适.,1,,unlabeled,ChnSentiCorp_htl_all,2210
HTL_S1395,HTL_R05603,前台接待太差，酒店有AB楼之分，本人check－in后，前台未告诉B楼在何处，并且B楼无明显指示；房间太小，根本不像4星级设施，下次不会再选择入住此店啦。,,,0,,unlabeled,ChnSentiCorp_htl_all,5603
HTL_S1396,HTL_R06726,优点：交通方便，位置很不错，离海边很近，性价比相对可以；缺点1：预订了一间，没有窗户，后来更换，换了一个有半个窗户的，酒店不应该建设没有窗户的房间；缺点2：服务生不主动开发票，我走了以后才想起没有开发票，这样偷税漏税很不好；缺点3：矿泉水瓶没有标记是需要购买的，所以我饮用后被扣除3元2瓶=6元。,,感觉很不舒服，为这点事情投诉也没有意思，可能经营者就是这样的心理吧，能骗一个是一个；,0,,unlabeled,ChnSentiCorp_htl_all,6726
HTL_S1397,HTL_R06106,服务还可以，硬件条件一般般，十分的吵，想睡个好觉的千万别住；火车站早已经搬家，坐火车也不方便，倒是晚上饿了吃东西很方便。,,呵呵，我只住了一晚就跑了。。。,0,,unlabeled,ChnSentiCorp_htl_all,6106
HTL_S1398,HTL_R07730,本来打算在这里入住2天的，但是由于网络极差，导致本人的网络会议数度中断，严重影响工作，所以匆忙离开。,,对客房的映像很模糊了，唯有哪位业余的IT令我映像深刻！,0,,unlabeled,ChnSentiCorp_htl_all,7730
HTL_S1399,HTL_R05824,劝大家最好是不要去，不然会被气死，交通又不方便，周围环境复杂。,最气愤的是话还没说完就把电话挂了。,,4,,unlabeled,ChnSentiCorp_htl_all,5824
HTL_S1400,HTL_R00357,觉得酒店是不应该先把不好的房间先给客人的!!,"我4月23日晚入住的该酒店,前台小姐先给了我一个两幢楼之间的一个房间,很是不满意,去前台给换了一个,还可以.","我是从前山坐索道上山开始游览的,带孩子和母亲,走到该酒店的位置也确实该休息了.",1,,unlabeled,ChnSentiCorp_htl_all,357
HTL_S1401,HTL_R06731,差，停车厂很小，才几个车位，到了酒店还没有保安迎导你，并且还要收费；房间酶迹斑斑，还号称高级房，换了一间还一样。,,建议携程：宁缺勿烂。,0,,unlabeled,ChnSentiCorp_htl_all,6731
HTL_S1402,HTL_R03650,房间太旧了，服务一般，倒是桑拿那里超级大有如对外经营的一样。,,地段还可以，其它就没有感觉了。,0,,unlabeled,ChnSentiCorp_htl_all,3650
HTL_S1403,HTL_R00693,酒店位置还不错，环境也可以，房间小了点。,,,0,,unlabeled,ChnSentiCorp_htl_all,693
HTL_S1404,HTL_R07495,大家这段时间不要去住，他们施工吵死人了！,,并且，房间里的提示上说是8：30才开始施工，结构7：40就开始，找他们解决了一早上，到8：30一直没有停止过！,0,,unlabeled,ChnSentiCorp_htl_all,7495
HTL_S1405,HTL_R06639,无论从硬件到管理，简直侮辱了三星的标准。,根本就到不了3星。,房间潮湿味道很大，地毯，房间面积等等简直没有一件能让人舒心。,2,,unlabeled,ChnSentiCorp_htl_all,6639
HTL_S1406,HTL_R07193,周边环境除了一地铁口没有其它，餐厅不行，周边也找不着吃的。,订的豪华标间，738元的价格，住过的同等对比是最差的。,房间小，住了两天还有一天晚上没水，宽带收费40，打印贡献了几十个10元。,1,,unlabeled,ChnSentiCorp_htl_all,7193
HTL_S1407,HTL_R05996,服务人员素质不高，屡屡出错！,,明明我为同事预留好的房间，居然不核对姓名就把房卡给了不认识的其他人了。,0,,unlabeled,ChnSentiCorp_htl_all,5996
HTL_S1408,HTL_R06302,结帐时看到客人和前台大声争执，看来是酒店说毛巾弄脏了，要求赔偿。,旅游景点的度假型酒店而已。,实在小家子气。,3,,unlabeled,ChnSentiCorp_htl_all,6302
HTL_S1409,HTL_R05260,"第二天早上居然还要跟我收网费,天啊,我一分钟上网都没用到.","优点:酒店位置挺好,服务生态度很好,早餐很好缺点:房间居然不能上网,酒店工程师说是swtich坏掉了,从下午到晚上11点都没有修好,失望。。。",.,1,,unlabeled,ChnSentiCorp_htl_all,5260
HTL_S1410,HTL_R01015,总是在不经意间，获得问候，感觉非常好。,郑州长城饭店，是我迄今为止住过的酒店里，服务生态度最好的一家。,,1,,unlabeled,ChnSentiCorp_htl_all,1015
HTL_S1411,HTL_R05371,没有房间就实话实说，别骗人啊，什么态度。,其实是把你的房间档次调低了。,有些房间的隐私性也不好,3,,unlabeled,ChnSentiCorp_htl_all,5371
HTL_S1412,HTL_R06791,"我把该酒店的一些设施用相机照了下来,作为附件不知怎么发给你。",,"（我现在不记得是住317还是319，起先住的房间没有宽带，在我的要求下才换的）我住进该酒店以后就发现我进错了,这跟那些农民的家庭旅馆没多大差别,一个电视机是那种吊在墙上的，想看电视在床上得长期扬着个头；房间很小，一个小得不能再小的有些象小孩的写字桌，与床的间隔估计顶多只有20cm，只能坐在床上才能在这写字桌上工作，有些地方墙壁已经开始掉漆了，有点象那种年久失修的样子，住进这样的酒店，有一种英雄落难的悲凉；卫生间的味道很重；如果需要，我可以把那个我入住的旅馆（我只能称之为旅馆）的照片发给你们，让你们自己去评说。",0,,unlabeled,ChnSentiCorp_htl_all,6791
HTL_S1413,HTL_R03371,建议：一定要租自行车，因为公园实在太大了。,餐厅晚餐较贵，但也懒得跑远路寻找别处。,免费的1小时不够用。,9,,unlabeled,ChnSentiCorp_htl_all,3371
HTL_S1414,HTL_R05585,住店后真实感受：根本没法睡觉，房间的隔音太差了，是我住过的隔音最差的酒店，隔壁2个人正常的对话我都能听得特别清楚，2个房间里的衣柜位置根本没有墙，就是衣柜的背板隔开的，早上服务员居然在我房间门口打手机，电话不听的响，听得特别清楚，总之，你跟本没法睡觉。,,,0,,unlabeled,ChnSentiCorp_htl_all,5585
HTL_S1415,HTL_R05587,烧水壶不会自停，烫到手，撒了一盒好茶！,,向服务员反映也无结果。,0,,unlabeled,ChnSentiCorp_htl_all,5587
HTL_S1416,HTL_R07494,根本达不到四星级标准，连如家这类商务酒店都赶不上，强烈不推荐,房间设施陈旧，只是卫生间还可以。,,2,,unlabeled,ChnSentiCorp_htl_all,7494
HTL_S1417,HTL_R06742,服务员态度也没太多在意。,不过服务的质量存在很大问题，我在大堂酒吧使用的饮料竟然有脏东西在里面。,这点让我不满意，希望酒店方着手提高服务员的素质。,2,,unlabeled,ChnSentiCorp_htl_all,6742
HTL_S1418,HTL_R02675,酒店虽然比较老但我入住的行政楼很好，房间大还配有电脑价格方面很有竞争力的,,,0,,unlabeled,ChnSentiCorp_htl_all,2675
HTL_S1419,HTL_R00401,补充点评2008年7月14日：电视的台少了些，就那么十来个吧，还很多外国台，国内的地方台大部分看不到，这点不怎么好。,交通挺方便，服务也不错，附近走不远就有很多吃的地方，挺好，就是电梯需要用房间钥匙很麻烦。,,1,,unlabeled,ChnSentiCorp_htl_all,401
HTL_S1420,HTL_R05150,比住在海港城附近更舒适。,除了海景，离公园也很近。,,8,,unlabeled,ChnSentiCorp_htl_all,5150
HTL_S1421,HTL_R07006,如果这就是如家，那如家离倒闭绝对不远了。,,"免费注册网站导航宾馆索引服务说明关于携程诚聘英才代理合作广告业务联系我们Copyright1999-2008,ctrip.",0,,unlabeled,ChnSentiCorp_htl_all,7006
HTL_S1422,HTL_R06176,希望您能再次光临本酒店，如果您在店期间遇到任何问题，请与相关部门联系，我们会圆满的为您解决，谢谢。,酒店对您的感受非常重视，已召开了部门的专题会议同时我们也会加强对员工的培训工作，更好的提高服务质量。,关于您提到的饭店内部自行点评，本酒店将做特别申明：酒店无法登陆携程网的点评平台，只有客人通过携程预定并成功入住才能进入该平台，所以我们是无法自行点评的。,8,,unlabeled,ChnSentiCorp_htl_all,6176
HTL_S1423,HTL_R02597,第二天的中餐，我和女友点了个山菌炖土鸡，哇，很久没有喝到过那么鲜美的鸡汤了！,西式早餐显得有点湖南的西式，哈哈，过得去啦。,强烈推荐！,19,,unlabeled,ChnSentiCorp_htl_all,2597
HTL_S1424,HTL_R05048,酒店环境，服务和去景区都很方便。,,因为有过被半夜问要不要特殊服务电话骚扰的经历，所以晚上一回到房间就把电话线拔掉，但是在快上床休息时响起了敲门声，LP大人去开的门，敲门的人说敲错了，哈哈！,0,,unlabeled,ChnSentiCorp_htl_all,5048
HTL_S1425,HTL_R07248,"宾馆反馈2008年5月16日：Thanksyourproblem,WewillchangtheshowerandTv,Iwillhopeyoucomehereagain",Willnotstayherefromnowon!,,4,,unlabeled,ChnSentiCorp_htl_all,7248
HTL_S1426,HTL_R06205,服务太不好了，晚上房间的蚊子太多了，人性的关怀不好,,,0,,unlabeled,ChnSentiCorp_htl_all,6205
HTL_S1427,HTL_R03614,"最不好的就是酒店附近比较荒凉补充点评2007年7月1日：最关键的是竟然不能上网,我问了前台服务员可以上网吗?",.,一个服务员很不耐烦的摆摆手说没有可以上网的房间了.,10,,unlabeled,ChnSentiCorp_htl_all,3614
HTL_S1428,HTL_R00615,仅打了一次车，从西单民航大巴车站到酒店打车13元。,离地铁站近。,到ikea不到一个小时。,4,,unlabeled,ChnSentiCorp_htl_all,615
HTL_S1429,HTL_R04309,总的来说要是贵宾楼平时的价格也在340的话就很不错了。,房间不错，给我们免费升级到了贵宾楼，服务也很好，就是贵宾楼的出行不方便，坐车要坐宾馆的电瓶车到路口才可以打到车；或者他们宾馆也有车，但是价格是出租车的一倍。,,1,,unlabeled,ChnSentiCorp_htl_all,4309
HTL_S1430,HTL_R03473,~还要500多一天，不太值！,~就是冲着游泳池去的，结果还不免费！,~而且床很短，大概1米8的床吧，本人1米73，躺床上脚还会露在床外。。。,2,,unlabeled,ChnSentiCorp_htl_all,3473
HTL_S1431,HTL_R05644,电梯太慢，需要等很长时间才能上下楼一次。,,房间门卡进门也不方便，需要试很多次才能把门打开。,0,,unlabeled,ChnSentiCorp_htl_all,5644
HTL_S1432,HTL_R07720,1前台态度差、一律告知没有标间，而且前台标的优惠价格我看目的就是诱使客人住高标；2房间设施陈旧，维护差，冬季温度上不来，房间骚扰电话频繁。,,3离店办理手续效率低；我比较了解长春，这个酒店也就是离火车站近一点，其他根本没有优势，而且火车站附近的快捷酒店多的是，推荐选其他的。,0,,unlabeled,ChnSentiCorp_htl_all,7720
HTL_S1433,HTL_R07145,光是价格有优势那也是做不长的。,希望能尽快改进！,,7,,unlabeled,ChnSentiCorp_htl_all,7145
HTL_S1434,HTL_R05430,在天津是很差的酒店，定了４个单人间，结果２个没有窗户，２个只能看见相距很近的楼房屋顶，价格还偏高，又不含早，真是差极啦，结果定了２天一天就退房了，因为离天津＼南开大学比较近才选择，永远不会在这里住，充其量也就是一个准二星．,,,0,,unlabeled,ChnSentiCorp_htl_all,5430
HTL_S1435,HTL_R02063,"位置好,不错,挺干净舒服,价格也合适,去西安旅游推荐",,,0,,unlabeled,ChnSentiCorp_htl_all,2063
HTL_S1436,HTL_R06739,早餐去晚了就没什么吃的了。,房间设施太差，怎么会评上星级的？,,1,,unlabeled,ChnSentiCorp_htl_all,6739
HTL_S1437,HTL_R04462,可能是水质问题，毛巾显得乌涂涂的，不够白。,酒店还比较理想，但是到餐厅就餐不太方便，如果从停车场至大堂有引导标识、客房的灯光亮一些、服务员的服务意识再强一些，可能会更好。,,1,,unlabeled,ChnSentiCorp_htl_all,4462
HTL_S1438,HTL_R06451,更无法忍受的是房间卫生间的异味太重！,床和写字台之间太紧，基本上不能转身。,投诉后，没有任何的解决方案，说空气清新用完了，居然让我开窗通通空气，让人哭笑不得！,2,,unlabeled,ChnSentiCorp_htl_all,6451
HTL_S1439,HTL_R00752,地理位置对出差的人士来说还是很方便的，好找啊.,,,0,,unlabeled,ChnSentiCorp_htl_all,752
HTL_S1440,HTL_R07140,我不知道是不是价格低一点，就有了别人非住不可的自信。,前台服务人员素质极低，还给我信用卡用扔的方式，打电话给前台直接挂我的电话。,总之，非常差，希望以后取得朋友们注意了。,2,,unlabeled,ChnSentiCorp_htl_all,7140
HTL_S1441,HTL_R07394,我们不能理解，服务员告知：酒店的新规定。,晚上去餐厅大厅就餐，点完餐后，服务员告知：最低消费35元\人。,电话投诉后，来人讲：服务员是新来的不知道。,12,,unlabeled,ChnSentiCorp_htl_all,7394
HTL_S1442,HTL_R05877,"强烈建议大家考虑其他经济型酒店,如家越来越差了.","房间太差,电梯爱坏,差点被锁在电梯里出不来,爬到六楼快累死了,再也不会住.",,1,,unlabeled,ChnSentiCorp_htl_all,5877
HTL_S1443,HTL_R06315,卡拉OK室价格不公正，￥280元/场/人，和上海的歌城在黄金周的价格一样。,4.,5.,7,,unlabeled,ChnSentiCorp_htl_all,6315
HTL_S1444,HTL_R05424,"总体感觉比较差,房间家具老旧,商务套间的地毯居然到处是黑斑,让人看了心里非常不舒服。",,我们因为工作关系，每个月都有几天住在昆山，我的同事们也一致评价誉兴太脏。,0,,unlabeled,ChnSentiCorp_htl_all,5424
HTL_S1445,HTL_R05013,每次到常州都是住这个酒店，各方面条件都不错！,,以后还会一直住在这里。,0,,unlabeled,ChnSentiCorp_htl_all,5013
HTL_S1446,HTL_R03019,"这里环境还算不错,吃海鲜也便宜,当时买当时煮,很鲜",,,0,,unlabeled,ChnSentiCorp_htl_all,3019
HTL_S1447,HTL_R07264,印象太差，下次不会再考虑入住该酒店！,真是恶心！,,10,,unlabeled,ChnSentiCorp_htl_all,7264
HTL_S1448,HTL_R06801,"上网的问题解决了,宾馆以前是使用的宽带上网,现在是使用光纤了.","如果您还给我们机会,欢迎您下回再来看看.",,7,,unlabeled,ChnSentiCorp_htl_all,6801
HTL_S1449,HTL_R05613,不知道各位看客是什么感觉，但是就我个人来说，是再也不会去武夷山了，即使去了，我再也不会住在这样一个没有基本诚信的酒店，忍受每天晚上小姐的准时骚扰了。,我当时就说这并不是钱多少的问题，而是商家诚信的问题。,,6,,unlabeled,ChnSentiCorp_htl_all,5613
HTL_S1450,HTL_R07572,不过，宾馆餐厅的菜好象比外面的土菜馆烹饪得好一些，但是价格……不作评论！,然而，进入房间后，一切都变了：房间只有一楼的，电视遥控没有的，空调不是全天的，电话拿起不通的，询问服务小姐一问三不知的，旅游咨询是空的，住了三天两夜是一尘不变的。,下次再也不去喽！,3,,unlabeled,ChnSentiCorp_htl_all,7572
HTL_S1451,HTL_R06163,"打出请勿打扰的提示,还有服务员早晨来敲门.",硬件和软件都一般.,枕头和床都不舒服.,1,,unlabeled,ChnSentiCorp_htl_all,6163
HTL_S1452,HTL_R04107,我们将针对您提出的宝贵意见进行改进.,宾馆反馈2008年6月23日：首先谢谢您能选择本酒店入住并能给我们的服务予以肯定.,期待在您的下次光临之时能为您提供更优质的服务.,7,,unlabeled,ChnSentiCorp_htl_all,4107
HTL_S1453,HTL_R06577,"结帐时还非说有房间点了歌,每首2圆,懒得跟他废话就多掏了4块钱.","太差啦,不知道是怎么评的4星.",,1,,unlabeled,ChnSentiCorp_htl_all,6577
HTL_S1454,HTL_R00914,酒店服务不行，携程订的房间，注明上午8点左右入住，但一直没有空房，等到下午一点才入住，还是个残疾人专用房，房间还行，挺大，可以免费宽带上网。,好在四周饭店挺多，肯德基、永和豆浆，加州牛肉面等一应俱全，还算方便。,结帐时，前台都是实习生，业务不熟练，速度不快，差点误了火车。,3,,unlabeled,ChnSentiCorp_htl_all,914
HTL_S1455,HTL_R05500,一个月前入住过，首先是装修已经很陈旧了，给人一种死气沉沉的感觉，再就是服务，都是大妈级的，倒退10年还能算4星，现在很难说了。,,,0,,unlabeled,ChnSentiCorp_htl_all,5500
HTL_S1456,HTL_R02003,几个月之后再次入住，一进门大厅里一位女工作人员就叫得出我的名字，很不一般。,,服务没得说，酒店位置也很好，位于威海市中心。,0,,unlabeled,ChnSentiCorp_htl_all,2003
HTL_S1457,HTL_R06843,对这个酒店的整体我不想多评论什么，希望携程在今后找合作酒店的时候多把把关。,,,0,,unlabeled,ChnSentiCorp_htl_all,6843
HTL_S1458,HTL_R06598,这家号称当地最好挂牌4星的酒店真的名不副实，酒店家具房间都很陈旧，特别是2号楼，有点恐怖住里面！,,慎用！！！,0,,unlabeled,ChnSentiCorp_htl_all,6598
HTL_S1459,HTL_R06093,进入大厅，就是一股酒味，餐厅和大堂的隔离做的不好。,1.,2.,2,,unlabeled,ChnSentiCorp_htl_all,6093
HTL_S1460,HTL_R04457,在上海这样的城市，这个酒店性价比高，不错的选择，周围交通也算方便,,,0,,unlabeled,ChnSentiCorp_htl_all,4457
HTL_S1461,HTL_R02866,"(有特殊原因)但携程从头到尾都没有帮我解决,或是将时间稍微延后些.","内容：其实对这次的预订,对携程的回复是非常不满意,因为我要求将退房时间延迟至下午二点.","酒店方倒是比较好,我说明了一下我要延迟的原因后,前台服务人员同意延后半小时.",1,,unlabeled,ChnSentiCorp_htl_all,2866
HTL_S1462,HTL_R01495,还不错的一家酒店，位置比价安静，房间也还不错，就是出门打车要走出一段距离。,,酒店商品部的服务很一般，态度极其冷淡，应该下岗。,0,,unlabeled,ChnSentiCorp_htl_all,1495
HTL_S1463,HTL_R02143,宾馆反馈2008年8月5日：非常感谢您的评价。,听前台人员介绍，近期还推出了麻将、OK房等休闲房，如果下次有朋友聚会，可以考虑入住这么价廉物美的酒店。,希望通过我们自身不断的整改和活动举措的不断推出，能吸引您和您的朋友再次光临！,2,,unlabeled,ChnSentiCorp_htl_all,2143
HTL_S1464,HTL_R06430,房间较小，卫生间下水道装修有问题，有回味！,与携程联系后给调了一间有网络的。,补充点评2007年12月14日：网带特慢，一晚上打开不几个网页，网络形同虚设，办不了事。,6,,unlabeled,ChnSentiCorp_htl_all,6430
HTL_S1465,HTL_R05804,可怜我这次去香港还和女友一起，我们再也不会住这家酒店了。,老实说，到了才发现酒店后面是一片蔚为壮观的坟场，当即想要取消预定，但酒店死活要扣钱（据携程表述），不得已免为其难住了一晚。,补充点评2008年7月10日：对了，这家店的门牌也是相当的诡异。,3,,unlabeled,ChnSentiCorp_htl_all,5804
HTL_S1466,HTL_R02513,1、上网速度不错，很流畅2、早餐品种太少，但是有现煮的面条、米线等，还可以，油条非常难吃3、没有送水果4、床很大很舒服,,,0,,unlabeled,ChnSentiCorp_htl_all,2513
HTL_S1467,HTL_R01785,房间还算不错，比较宽敞、乾净，提供的卫生用品还可以，但工作桌子上的桌灯没有充足光线，不能阅读，工作不方便。,出租司机一般不知这个酒店，北京汽车大厂前的路牌太细，出租司机看不见走过头，应将路牌加大。,宽带速度还可以。,1,,unlabeled,ChnSentiCorp_htl_all,1785
HTL_S1468,HTL_R01959,补充点评2008年3月5日：对，电梯要查房卡才能使用，稍有点麻烦，不过酒店管理，可以理解,嗯，老实说，中规中矩吧，没有特别好，也没发现什么不好。,,2,,unlabeled,ChnSentiCorp_htl_all,1959
HTL_S1469,HTL_R07150,关于您提到的噪音和酒店陈旧问题，由于酒店地处厦门主要干线-湖里大道西段，距离机场10分钟车程，这是酒店交通便利的主要优势。,宾馆反馈2008年3月14日：尊敬的客人您好，非常感谢您的宝贵意见，对于您入住期间遇到的不愉快经历，我们深表歉意，以下是我们关于您的意见的反馈情况：1.,但随之而来的就是噪音问题。,4,,unlabeled,ChnSentiCorp_htl_all,7150
HTL_S1470,HTL_R04554,服务很周到合理，也很亲切~房间按时打扫，还有水果送，不错,,,0,,unlabeled,ChnSentiCorp_htl_all,4554
HTL_S1471,HTL_R03212,"房间还行,卫生间不大,算达到了三星的设施,在济源是最好的酒店了.",,服务员态度不错.,0,,unlabeled,ChnSentiCorp_htl_all,3212
HTL_S1472,HTL_R00628,在烟台红虹口大酒店旁边还有虹口宾馆，和虹口商务酒店，虹口大酒店是三个当中最好的，我入住的是虹口大酒店面海标间（400），还有两间面海商务间（430），干净、风景也不错，直面大海。,,美中不足的就是好像刚装修过（房间中的一袋竹炭就是证明），味道比较大。,0,,unlabeled,ChnSentiCorp_htl_all,628
HTL_S1473,HTL_R07739,1房间很小，地毯很脏，白毛巾显黑色2中央空调有异响，后半夜只好关掉3洗澡水忽冷忽热,,,0,,unlabeled,ChnSentiCorp_htl_all,7739
HTL_S1474,HTL_R02389,酒店位置可能有点偏，不过还好。,,酒店内部设施及服务态度值得一试,0,,unlabeled,ChnSentiCorp_htl_all,2389
HTL_S1475,HTL_R07707,网上介绍的比较好，但是实际却是另一番现象。,,交通非常不便，晚上除非包车，否则根本没法出行；另外酒店性质为居家酒店，服务态度、服务质量比较一般，周围环境也没有传说中的那么诗意化。,0,,unlabeled,ChnSentiCorp_htl_all,7707
HTL_S1476,HTL_R06866,还是不去的好，装修噪音大，离汽车站火车站比较近比较乱。,,,0,,unlabeled,ChnSentiCorp_htl_all,6866
HTL_S1477,HTL_R04175,位置不是很好找，晚上有霓虹灯还好一些，白天就困难许多,,,0,,unlabeled,ChnSentiCorp_htl_all,4175
HTL_S1478,HTL_R07155,有个米兰俱乐部，估计是happy的地方，还有个桑拿按摩的地方，这个不用我多说大家也晓得是干吗的，每天晚上10点准时房间电话响起，招不招就随你了。,房间设施也就比招待所好点的样子，比较旧的酒店，名字虽然很时尚，但是酒店真的没有可比性。,大家自己掂量着吧。,4,,unlabeled,ChnSentiCorp_htl_all,7155
HTL_S1479,HTL_R01018,补充点评2008年4月11日：刷卡时国内卡刷不出来，到是国外的卡刷出来了。,价格合理，下次还住这里！,奇怪！,2,,unlabeled,ChnSentiCorp_htl_all,1018
HTL_S1480,HTL_R00824,干净，清静，交通也算方便。,酒店不错，服务人员都很好，比较有礼貌。,缺点是退房狂慢，花掉我半个小时.,1,,unlabeled,ChnSentiCorp_htl_all,824
HTL_S1481,HTL_R06046,房间很差，暖气非常不阻，被子又薄，居然连个电话都没有，还是豪华房。,,下次千万不要住。,0,,unlabeled,ChnSentiCorp_htl_all,6046
HTL_S1482,HTL_R06694,早餐的碗碟刚洗出来不消毒就拿来用，水淋淋的；电视机遥控器电池没电；下水道漏水；走廊舍不得开灯，黑乎乎的；游泳池边庭院租给一家饭馆；临近公路，有点吵。,,,0,,unlabeled,ChnSentiCorp_htl_all,6694
HTL_S1483,HTL_R06366,"退房时,又说其中一间房床单上有污点要我赔,经过交涉,又说算了.","我订了4间房,每间房价338,前台入住时每间房押金却要收我800,经过我据理力争,降为500.","每次他们都说有规定,但我希望他们能出示规定给我看,有没有规定能拿出来,一人一",2,,unlabeled,ChnSentiCorp_htl_all,6366
HTL_S1484,HTL_R07452,在南阳，现在还是独此一家，没得选择，当然，去第二次时就有得选择了，希望携程加油把南阳其他的酒店也加上来。,,金凯悦东方的价格太贵，与南阳的物价水平相差太远。,0,,unlabeled,ChnSentiCorp_htl_all,7452
HTL_S1485,HTL_R03214,"特别是服务员态度很好,很满意","我订的是豪华大床房,房间大,设施也算齐,济源没什么旅游资源/商业也不算发达,所以在5.1期间性价比很好.",,2,,unlabeled,ChnSentiCorp_htl_all,3214
HTL_S1486,HTL_R07597,"位置不错,在市中心,而且离周边几家4,5星酒店都只有10分钟路程.",,,0,,unlabeled,ChnSentiCorp_htl_all,7597
HTL_S1487,HTL_R01526,如您在入住期间遇到任何问题可以联系总台及大堂经理，我们会在第一时间到您房间为您解决，真诚期待您的再次光临！,住了一天，优惠大床房，房价很实惠，同样的价格这在这个地区基本是住不到的，就是房间稍微小了点，不过还是可以接受的，就是有点不太好，洗手间的一些设施安装的不是很好，卫生纸的位置太低，而且淋浴房的密封性较差，很容易漏水，虽然有些许的不足，但是不影响下次还会入住该酒店的想法，有机会还会住的，性价比很高宾馆反馈2008年8月4日：尊敬的客人您好，感谢您给予酒店的建议，我们将根据您的建议着手进行改进。,,1,,unlabeled,ChnSentiCorp_htl_all,1526
HTL_S1488,HTL_R02136,房间干净舒适，是出差、旅游度假的理想之选。,,服务业很不错。,0,,unlabeled,ChnSentiCorp_htl_all,2136
HTL_S1489,HTL_R02133,这个地段这个价位这个服务的酒店，算是很难得了。,,,0,,unlabeled,ChnSentiCorp_htl_all,2133
HTL_S1490,HTL_R00739,服务很周到，餐厅的菜也很合口，设施很齐全，四星级的酒店有五星级的服务，我们一家人都很满意，决定下次去威海，还住蓝天宾馆。,蓝天宾馆的服务绝对的好，每个宾馆员工见到每个客人都面带微笑，说：“你好！”,,1,,unlabeled,ChnSentiCorp_htl_all,739
HTL_S1491,HTL_R07593,预订的是一件大床房间，很小。,门口打车不方便，有一个大坡，去的时候，赶上下雨，要冒雨跑下大坡，步行2分钟，才看到出租车！,房间的采光不好。,2,,unlabeled,ChnSentiCorp_htl_all,7593
HTL_S1492,HTL_R00728,本来我不想点评此次事情，但后来觉得也不妨通过我的客观褒贬让大家看到该酒店的真实品质！,我也确实感到该酒店能有如此态度很难能可贵了！,也许我下次还会考虑入住该酒店，只是仍然希望酒店今后多积极发现不足，免得以后入住该酒店的客人那么麻烦同时也影响自己的声誉！,5,,unlabeled,ChnSentiCorp_htl_all,728
HTL_S1493,HTL_R03257,"普通标房居然不能看凤凰卫视台等境外节目,第一次感觉是不错的,早餐偏简",,,0,,unlabeled,ChnSentiCorp_htl_all,3257
HTL_S1494,HTL_R04330,酒店就在新世纪旁边，有网线，非常方便，房间很大，服务，设施都还行，比在贵阳住的三星好得多。,,,0,,unlabeled,ChnSentiCorp_htl_all,4330
HTL_S1495,HTL_R06540,房间小得出乎想象，设施也比较陈旧。,相比以往接触过的如家、7days、锦江之星等连锁经济酒店，感觉速8无论从硬件到软件都还很有差距。,服务人员的态度尚算和善，但还是比较呆板僵硬，丝毫没有体现出全球连锁酒店员工的职业素养。,2,,unlabeled,ChnSentiCorp_htl_all,6540
HTL_S1496,HTL_R05244,海景是其一大卖点，但房间面积偏小，离地铁站不近，打的到机场360港币。,,服务也算不错，门童和蔼可亲，当然给小费的话更是让你有皇帝的感觉。,0,,unlabeled,ChnSentiCorp_htl_all,5244
HTL_S1497,HTL_R07141,订的是288的标房，房间相当小，设施简单，卫生间连转身都感觉相当困难，前台的服务态度也很差，退房时足足等了十多分钟，不推荐大家入住。,,,0,,unlabeled,ChnSentiCorp_htl_all,7141
HTL_S1498,HTL_R04227,安顿下后来到酒店3楼吃饭，点了些菜，味道都一般，但让我吃惊的是我点的清蒸千岛湖白水鱼端上来时是凉的，而且鱼汤是酱油红汤，问了服务员，说是浇了点美极酱油，我是江浙一带的人，清蒸鱼经常吃，从没见过清蒸还放酱油的。,和总台联系，总台说18楼是新装修，小冰箱还没配，16楼以下的房间就有，很郁闷。,前几天住在临安的杭州青山湖度假酒店刚吃过清蒸白水鱼，人家就没放酱油。,7,,unlabeled,ChnSentiCorp_htl_all,4227
HTL_S1499,HTL_R06686,我被忽悠办了张50元的会员卡！！！,莫泰连锁酒店就是骗子！！！,根本没有什么会员待遇，和网上预订一个价格！！！,1,,unlabeled,ChnSentiCorp_htl_all,6686
HTL_S1500,HTL_R06342,设施一般，大堂服务没有笑容，其它方面还可以。,,,0,,unlabeled,ChnSentiCorp_htl_all,6342
HTL_S1501,HTL_R07225,酒店的地理位置还算便利，但是酒店的设施非常成旧。,,前台一听说是携程订的，给的房间全部是陈旧的客房，设施很差，但房价很高。,0,,unlabeled,ChnSentiCorp_htl_all,7225
HTL_S1502,HTL_R02562,经朋友强烈推荐而入住此酒店，中肯地评价一下：设施还可以，服务人员态度也好，交通还算便利，价格也合适，安排了印有客人名字的欢迎单。,,但有几个情况必须说一下：,0,,unlabeled,ChnSentiCorp_htl_all,2562
HTL_S1503,HTL_R02957,"印象不好的就是餐厅,早餐的餐厅地面比较脏,桌椅都比","服务态度也不错,设施太陈旧.",,2,,unlabeled,ChnSentiCorp_htl_all,2957
HTL_S1504,HTL_R06172,谁想烧钱谁去住这个号称桂林第一第二老旧的酒店,(附带的说超难打)!!!!,,4,,unlabeled,ChnSentiCorp_htl_all,6172
HTL_S1505,HTL_R05628,"本来预定的就是别墅标间,前台小姐很热情的给我们推荐了""超超豪华的普通标间""给我们入住,说是比我本来网络上预定的还要好，进去就是一股异味,好象是几百年没人住过的老式里弄,我们后来还是强烈要求酒店给我们原本预定的别墅房间,的确就不一样了，但是这样一来给我们的感觉非常不好,我想这也是酒店的手段吧.",,,0,,unlabeled,ChnSentiCorp_htl_all,5628
HTL_S1506,HTL_R05360,"一般我是懒的去评价住过的酒店的,这次选择""金泰海博"",是因为新公司就在对面,图个方便,但是,住过3天后,让我太失望了,我觉的不吐不快:1酒店正门在马路背面,第一次坐车去会习惯的开到马路旁边的前面,结果发现是一个杂草丛生的停车场!",,"2我网上定的是一个大床无烟房,到前台一入住,告诉我没有了,给我一个没有地毯的标间,不得以,加了100多换成了豪华标间!",0,,unlabeled,ChnSentiCorp_htl_all,5360
HTL_S1507,HTL_R06150,对了，前面的说插钥匙的那东西要拍一下才起作用不新鲜，我每次都是这么做的，最搞笑的是我把卡拔下来了，电还是没有断。,,楼后面正在施工，推土机，打桩机，汽车，还有工人喊叫声，现场感太强了！,0,,unlabeled,ChnSentiCorp_htl_all,6150
HTL_S1508,HTL_R03124,酒店服务非常好，房间还可以，总之比较满意啦！,,,0,,unlabeled,ChnSentiCorp_htl_all,3124
HTL_S1509,HTL_R07222,房间太老了服务不周到不热情交通还好保安象混子前台服务冷漠,,,0,,unlabeled,ChnSentiCorp_htl_all,7222
HTL_S1510,HTL_R07174,房间小，配置简陋，简直没法洗澡。,地段可以，这大概是唯一的优点了。,最要命的是没有暖空调，冻的要命。,1,,unlabeled,ChnSentiCorp_htl_all,7174
HTL_S1511,HTL_R05467,然后更恶心的事情发生了，那个面对我的聊天的前台竟然连续吐了两口痰在地上，连背身的动作都没有，当着客人的面吐痰，这么多年住宾馆，从上海五星的证大丽笙到甘肃的小宾馆，头一次遇到！！！,继续用屁股对着我跟另外一个聊天，大概一分钟后把一个话题聊完才打电话给客房部查房！！！,最后我要她打一份帐单给我，上面的内容是重叠的，根本看不清除～宿州汇源，I服了U,5,,unlabeled,ChnSentiCorp_htl_all,5467
HTL_S1512,HTL_R02969,可以就是A幢和B幢的区别吧.,就是地毯老了点.,早餐也还可以吧.,3,,unlabeled,ChnSentiCorp_htl_all,2969
HTL_S1513,HTL_R01028,第二天在我的要求下换了。,第一天前台给安排在2305（大床），房间在同层是最小的。,总的感觉硬件一般，较旧，显得房价偏贵。,2,,unlabeled,ChnSentiCorp_htl_all,1028
HTL_S1514,HTL_R07324,这里生意好象特好，我可能还会去住，唯一的原因是离我要去的地方实在太近，但住得我实在不爽――这个酒店这个价格，杀猪啊！,如果有其它选择，不建议大家住这个地方。,,3,,unlabeled,ChnSentiCorp_htl_all,7324
HTL_S1515,HTL_R06625,肯定贿赂了评酒店星级的人。,不知道怎么评的四星！！！,,2,,unlabeled,ChnSentiCorp_htl_all,6625
HTL_S1516,HTL_R05721,价位倒是不高，但是携程价没有竞争力！,太潮了，根本不是人住的！,,1,,unlabeled,ChnSentiCorp_htl_all,5721
HTL_S1517,HTL_R05608,最大的优点也就是价钱比较实惠，另外有免费停车场（如果住在古镇里面，白天是不允许把车开进去的）。,,这个宾馆的服务员都说自己的餐厅做的当地小吃好吃，实在不敢苟同，份量少，味道也不地道，价格却不低，建议重视当地美食的朋友不要在宾馆的餐厅就餐，会对山西的小吃产生错误印象的。,0,,unlabeled,ChnSentiCorp_htl_all,5608
HTL_S1518,HTL_R04964,暑假入住，小朋友太多了。,,我们每天都被走廊上奔跑的小朋友吵醒，晚上回酒店大堂里也都是小朋友的喧闹声。,0,,unlabeled,ChnSentiCorp_htl_all,4964
HTL_S1519,HTL_R01427,好象携程的优势越来越不明显了。,地点一流，房间设施比较陈旧，价格也越来越高了。,,1,,unlabeled,ChnSentiCorp_htl_all,1427
HTL_S1520,HTL_R00308,唯一不好的是电视，最早的那种21寸彩电可能，我住的房间没出问题，朋友的房间进去电视不能开，找服务员，服务员很快搞定。,环境非常非常好，庭院式小栋别墅，虽然说酒店年限很久了，据说92年就有了，房间略小，但是服务、环境都绝佳，强烈推荐，绝对安静。,数字电视的声音变化很大，这个频道正常声音，换个频道能吓死人――欧洲杯，凌晨的声音，唉，隔壁的那个……,1,,unlabeled,ChnSentiCorp_htl_all,308
HTL_S1521,HTL_R03420,第二次入住，酒店的服务还是一如既往地好！,,入住的时候，一杯香浓的咖啡立即奉上（冬天是姜茶（喝过），夏天据说是酸梅糖）；在前台要求借用电熨斗和熨衣板，结果人到六楼的时候，服务员已经送到房门口等了；开夜床的时候有送果盘，上次入住的时候被送过小毛绒玩具，这次没有发现，就问服务员，结果解释是一天送小公仔，一天送巧克力，当天送的是巧克力；由于我这次只住一天，就试着问服务员能不能给换一下，没想到服务员马上就给了两个，而且巧克力照样留给了我，真是温馨啊。,0,,unlabeled,ChnSentiCorp_htl_all,3420
HTL_S1522,HTL_R04386,性价比还不错，对面就是新光天地百货，逛街很不错！,,,0,,unlabeled,ChnSentiCorp_htl_all,4386
HTL_S1523,HTL_R05565,房间一般，餐厅饭菜比较差。,每次中途休息都会住在这，不是因为这家酒店有多好，主要是上下高速比较方便。,,1,,unlabeled,ChnSentiCorp_htl_all,5565
HTL_S1524,HTL_R06576,不过，天津总体感觉都不好，不光光是酒店，还不如南方的小城市。,房间小，服务水平差（原来开的房间房卡进不去，又换一间），环境吵（外面车来车往），卫生间不干净，价格不低，下次肯定不会去了。,,1,,unlabeled,ChnSentiCorp_htl_all,6576
HTL_S1525,HTL_R04868,这个价格住五星，当然值得，而且酒店也非常好啊！,,没有挑剔的！,0,,unlabeled,ChnSentiCorp_htl_all,4868
HTL_S1526,HTL_R03515,在莱西这个地方真的算是不错的酒店了。,,酒店临河，不在闹市区，环境好。,0,,unlabeled,ChnSentiCorp_htl_all,3515
HTL_S1527,HTL_R00131,"唯一有点不足的是酒店里的餐厅价格高了一点,已和香港4星酒店内的价格差不多了.","一家很好的度假型酒店,环境一流,尤其是户外的自然环境很好,房间的设施也不错.","温泉一般,比南京汤山的颐尚差.",1,,unlabeled,ChnSentiCorp_htl_all,131
HTL_S1528,HTL_R06995,"下了大巴走过来,才发现自己要住这里,555.","外观脏兮兮的,坐机场大巴路过时,还不知道自己住的就是这间如家,心里还说这么破啊.","订的是180一间的商务大床间,不算便宜了,但是房间很小,设施感觉旧旧的.",1,,unlabeled,ChnSentiCorp_htl_all,6995
HTL_S1529,HTL_R01052,很适宜居住，环境幽静，服务台较好。,,我满意,0,,unlabeled,ChnSentiCorp_htl_all,1052
HTL_S1530,HTL_R00851,地点稍微有点偏，打的有的司机不知道在哪，得告诉在航天桥才明白。,总体来说各项指标符合万豪的水准，况且遇上特价期，价格非常有吸引力，套房浴室的冲浪浴缸非常舒服，在外面玩了一天回来享受一下泡泡浴，既能缓解疲劳，还能滋润干燥的肌肤，当然泡泡浴露自带！,游泳池不是在酒店内，是酒店借用旁边一个健身中心的，条件一般，开放时间倒是挺长的。,1,,unlabeled,ChnSentiCorp_htl_all,851
HTL_S1531,HTL_R01125,房间干净整洁，位置也好，就是缺少部电梯，有点遗憾,,,0,,unlabeled,ChnSentiCorp_htl_all,1125
HTL_S1532,HTL_R02550,我住的标准大床房，对广东大厦的印象是：优点：周围环境好；大厦的整体感觉不错；房间面积可以；房间装饰温馨；热水量大沐浴爽；电梯顺畅；接待的靓姐阿妹热情。,,,0,,unlabeled,ChnSentiCorp_htl_all,2550
HTL_S1533,HTL_R07014,"大床房的房间有点小了,而且家具设备很老,面向马路,很吵,价钱又不低,不值啊.",,,0,,unlabeled,ChnSentiCorp_htl_all,7014
HTL_S1534,HTL_R06368,我们希望通过最优质的服务让您再次体验到细致入微、彰显尊贵的感受。,星逸酒店是国家旅游局核定的四星精品商务酒店。,,4,,unlabeled,ChnSentiCorp_htl_all,6368
HTL_S1535,HTL_R02163,整体感觉还不错，房间比较干净，服务也比较好，美中不足的是早餐品种较少，这也是山东酒店的通病，只有济南、青岛几家酒店早餐可以，其他普遍都一般。,,另外酒店略显陈旧。,0,,unlabeled,ChnSentiCorp_htl_all,2163
HTL_S1536,HTL_R01285,除了价位偏高之外，别的没得说。,,尤其是房间内的纯水系统，彰显了人性化。,0,,unlabeled,ChnSentiCorp_htl_all,1285
HTL_S1537,HTL_R07688,酒店位置比较偏僻，交通也非常不方便，而且酒店居然是没有电梯的，不太适合带着行李出游的，也不适合行动不便的人。,,,0,,unlabeled,ChnSentiCorp_htl_all,7688
HTL_S1538,HTL_R01066,电脑工程师很专业和有效率，及时帮我排除了一些难题。,使用房间电脑会收使用费，不过上网是免费的，速度也很快。,地理位置极好，去会展中心很方便，不必太担心堵车。,3,,unlabeled,ChnSentiCorp_htl_all,1066
HTL_S1539,HTL_R02779,总体还不错，最喜欢的就是有去机场的班车了。,唯一不喜欢的就是那里的菜偏咸。,,1,,unlabeled,ChnSentiCorp_htl_all,2779
HTL_S1540,HTL_R06000,因为是下午3点的飞机，跟总台商量可不可以晚一个小时退房，总台小姑娘把头一别说不成！,早餐有各式各样的菜，感觉冷冰冰的，吃得很少。,虽然换了房总觉得房间内不够热，得穿很厚的毛衣才行，于是第二天睡觉时又加了一条被子，到半夜就冻醒了，觉得奇怪，去试了一下暖气片，冰凉的。,5,,unlabeled,ChnSentiCorp_htl_all,6000
HTL_S1541,HTL_R05365,"这是我这个长期出差者第一次碰到的事情,因为10日早上830分有会议才提前一天住酒店的,还好这个酒店的床板硬得不能好好入睡,才""救""了我。",竟然没有做到!!,特此评价。,3,,unlabeled,ChnSentiCorp_htl_all,5365
HTL_S1542,HTL_R03028,环境：酒店环境尚可，周边环境一般，要到大宁国际那边才有不错的商店和饭店。,,和携程上说的一样，部分楼层在装修，所以下午5点前可能无法休息，好在我白天都不在，受到的影响不大。,0,,unlabeled,ChnSentiCorp_htl_all,3028
HTL_S1543,HTL_R06754,这个酒店除了位置好点，没有其他的优势了。,,我住的所谓的行政间在三楼，房间很小，设施很差，隔壁的总统套间还经常有人打麻将，影响休息。,0,,unlabeled,ChnSentiCorp_htl_all,6754
HTL_S1544,HTL_R02845,离海很近，设施已经很旧了。,,淡季住这里确实很便宜。,0,,unlabeled,ChnSentiCorp_htl_all,2845
HTL_S1545,HTL_R02410,"房间整整有2房2厅就像家一样的大,一家人住的非常高兴,下回还住这.",,.,0,,unlabeled,ChnSentiCorp_htl_all,2410
HTL_S1546,HTL_R05198,酒店适合度假，在尖沙咀汉口道逢整点有免费班车往返，房间大小适中，可以躺在床上看海，儿子在游泳池里玩得不想上来，缺少浴袍。,,早餐还可以。,0,,unlabeled,ChnSentiCorp_htl_all,5198
HTL_S1547,HTL_R00079,位置：闹中取静，交通便利。,,门前有小型超市，东西一应俱全。,0,,unlabeled,ChnSentiCorp_htl_all,79
HTL_S1548,HTL_R05573,总的来说住宿环境很不舒服！,我住的是6号房，无窗，像住地下室；而且因此酒店地处繁华地段经营业务也很多，电梯里遇见的人很杂！,房价在携程预定也没有得到任何优惠，不预定直接入住也一样是那个价格，其他房间的环境不知道，不好乱说。,1,,unlabeled,ChnSentiCorp_htl_all,5573
HTL_S1549,HTL_R05269,酒店的服务也不错，就是酒店的地毯看上去太脏了,地理位置很好，在南湖旁边，透过房间的窗户就能看到南湖，很是写意。,,1,,unlabeled,ChnSentiCorp_htl_all,5269
HTL_S1550,HTL_R06646,"还有一点不满的是,房间里的毛巾特别破旧,跟招待所的毛巾有的一比!","赶紧加假换房,住了一号楼,还看的过去,大概相当于二星级!","总之,我是不会再住了.",4,,unlabeled,ChnSentiCorp_htl_all,6646
HTL_S1551,HTL_R05663,点完餐，因为有送餐服务，我们就先回房间去休息了，结果左等右等都没有服务员过来送，我可怜的老妈又拉又吐，脸色蜡黄，饿的要命，因为吃止泻药之前得吃点早饭垫垫。,10点钟，拉了一晚上，饿的前胸贴后背，餐厅只有自助餐，我们一点油腻的东西都没胃口碰，于是我们拖着虚弱的身子询问哪有喝粥的，结果我们是二楼跑一楼，一楼跑二楼，在询问了无数遍，上下三四次后终于得知咖啡厅有粥，我们要两份白粥，告知10元一小碗，没有配菜，切片面包，2元/片，外加15％的服务费，就这样，两碗白粥六片面包总共37元，我和妈妈开始热切怀念之前两天住的太平角如家酒店10元的自主早餐了。,后来老妈忍不住了，催我给餐厅打电话，我翻遍房间内得说明，恁是没找到餐厅电话，老妈只好自己亲自下楼去催，结果被告知粥还在熬呢。。。。。。,10,,unlabeled,ChnSentiCorp_htl_all,5663
HTL_S1552,HTL_R04803,酒店位置在SHOPPINGAREA，大门小，大堂小，大堂吧更小。,,房间设施不错。,0,,unlabeled,ChnSentiCorp_htl_all,4803
HTL_S1553,HTL_R02926,"根本够不上五星,充其量四星,五一去大热的天居然不开空调,热的无法睡觉,只好起床就走,可电梯又贼慢,服务态度倒是不错,地理条件也可以,冬天去可能还行.",,,0,,unlabeled,ChnSentiCorp_htl_all,2926
HTL_S1554,HTL_R06732,房间很小，设备很旧，感觉不到家的温馨，环境一般．,,,0,,unlabeled,ChnSentiCorp_htl_all,6732
HTL_S1555,HTL_R05313,酒店新装修，房间硬件设施还是不错的。,,但是，餐厅实在太差，上菜非常慢，价格奇贵，且质量差。,0,,unlabeled,ChnSentiCorp_htl_all,5313
HTL_S1556,HTL_R02211,环境还是很好的，附近是老城区了，但觉得,,,0,,unlabeled,ChnSentiCorp_htl_all,2211
HTL_S1557,HTL_R07444,一次性的拖鞋包装已经被折掉，有一点点脏，好象已经被用过。,淋浴间真是有些脏，地上全是一块一块的黑点点，也不知道是些啥东东。,还好那次刚好自带了一次性拖鞋，否则要穿着高帮鞋在房间里走来走去了，想起来就让人不舒服。,2,,unlabeled,ChnSentiCorp_htl_all,7444
HTL_S1558,HTL_R06520,"设施简陋,电视不清楚,最重要的是房间价格,自己到店大堂可以还价,价格比携程价还要低,携程210的到店里可以还到180.",进房间就一股丑味.,,2,,unlabeled,ChnSentiCorp_htl_all,6520
HTL_S1559,HTL_R04387,"在CBD温特莱还是性价比比较高的,位置也不错.",,房间在三星级里是好的.,0,,unlabeled,ChnSentiCorp_htl_all,4387
HTL_S1560,HTL_R07550,害的我打电弧给携程和酒店协调这个事，酒店说销售部没上班，晕，销售部没上班你就别开店了！！,不知道携程怎么跟酒店协商的，明明连住两晚248，酒店偏要收我们同事275！,虽然后来在携程的努力下酒店做出了补偿性的方案，但毕竟这样的遭遇确实让人很不舒服。,1,,unlabeled,ChnSentiCorp_htl_all,7550
HTL_S1561,HTL_R04021,由于杭州湾大桥修通，现在从上海到宁波非常方便，直接导致我心仪的这个宾馆很难定，靠携程沟通半天才订到两张双床房，所以出现一次入住两个点评。,,,0,,unlabeled,ChnSentiCorp_htl_all,4021
HTL_S1562,HTL_R03821,"本次入住的是豪华房,床很大而且很舒适,房间面积也很大,灯光协调,落地玻璃窗视野宽广,可以看到海景,隔海对面就是香港.",,"交通也很便利,服务人员非常周到,挺细心的,前台及楼层服务员的态度都很好,以后来深圳都会住。",0,,unlabeled,ChnSentiCorp_htl_all,3821
HTL_S1563,HTL_R03878,5、早点根本就不是五星标准，和三星差不多。,4游泳池水不清，晚上去游还没看出来，第二天一看，根本看不到泳池底（不像开元是清澈见底的）。,晚上到镇里吃了晚饭回来开错了路绕了一大圈，居然看到一处卖骨灰盒的，吓得不轻。,7,,unlabeled,ChnSentiCorp_htl_all,3878
HTL_S1564,HTL_R04412,不过对于这个价格的宾馆而言还是很超值的。,干净，房间也够大，缺点是厕所太小，特别是大床间，几乎不能转身。,,1,,unlabeled,ChnSentiCorp_htl_all,4412
HTL_S1565,HTL_R05615,毛巾白里透着黑，马桶和地面已经分家，一碰就要倒。,卫生条件比较差，真的很差！,没有停车场，车放在马路边不是太安全,1,,unlabeled,ChnSentiCorp_htl_all,5615
HTL_S1566,HTL_R07533,"房和床比小,人房原本分床床,一定要另外充明是床,否床,本人因此",非常差的服.,,1,,unlabeled,ChnSentiCorp_htl_all,7533
HTL_S1567,HTL_R07674,酒店位置十分偏远，交通，购物，餐饮极不方便,,,0,,unlabeled,ChnSentiCorp_htl_all,7674
HTL_S1568,HTL_R03832,地方还可以房间有点脏我住的是B212但还行就是卧室里没电视不爽其他还可以早餐没时间吃这个地段这个价格算可以,,,0,,unlabeled,ChnSentiCorp_htl_all,3832
HTL_S1569,HTL_R06913,"半夜2点入住,前台一个男的,爱搭不理的,后来来了个女的还不错,可能他们也困了吧。","当时住的时候火车站还没有搬回来，本来想离火车站近点的,谁想那段时间用的临时火车站,反倒远了。",前台不大.,1,,unlabeled,ChnSentiCorp_htl_all,6913
HTL_S1570,HTL_R05768,再出差不敢住这里了房间设施还可以，床上被褥很干净,吵的没法睡。,,2,,unlabeled,ChnSentiCorp_htl_all,5768
HTL_S1571,HTL_R06665,很老的酒店，箱柜旧的都没法看了，前台服务跟门童都值得夸奖。,,不然真的是一无是处了。,0,,unlabeled,ChnSentiCorp_htl_all,6665
HTL_S1572,HTL_R04293,酒店很不错，住的B楼，蛮舒适的，服务也不错的。,,就是周围环境一般般。,0,,unlabeled,ChnSentiCorp_htl_all,4293
HTL_S1573,HTL_R01146,万豪旗下的酒店，管理不错。,,酒店环境也很好。,0,,unlabeled,ChnSentiCorp_htl_all,1146
HTL_S1574,HTL_R01962,"酒店的地理位置确实不错,购物方便，老外住的多",,,0,,unlabeled,ChnSentiCorp_htl_all,1962
HTL_S1575,HTL_R01207,"酒店斜对面就是汽车总站,还有大型超市,很方便的。",值得向各位推荐。,,2,,unlabeled,ChnSentiCorp_htl_all,1207
HTL_S1576,HTL_R01677,关于1元的保险费，钱虽少但你应该事先告知，哪有强买强卖的，因为赶时间所以就没计较，有时间一点好好理论一下。,,,0,,unlabeled,ChnSentiCorp_htl_all,1677
HTL_S1577,HTL_R06592,硐衄跺□:\觞\船\挂□最彻跺□跤堤磁丿叹船腔嬴虚.,,,0,,unlabeled,ChnSentiCorp_htl_all,6592
HTL_S1578,HTL_R05760,"只有开着电视,昏昏沉沉的居然听到了火车声.",.,.,19,,unlabeled,ChnSentiCorp_htl_all,5760
HTL_S1579,HTL_R01124,还好，酒店的应急方案不错，并送了一份水果致歉，最好告诉我说是新来员工摆乌龙，这个理由有点勉强。,我5月30日入住，6月1日退房，但比较离谱的是当我5月31日外出办事时，回来竟发现房间已经checkout，当时我极其郁闷，酒店也很纳闷，幸好房间我没有放任何私人物品。,,1,,unlabeled,ChnSentiCorp_htl_all,1124
HTL_S1580,HTL_R06962,"我可以负责任的说,这是我住过最差的号称""三星""级的宾馆.",,与其说是家宾馆不如说是个农家乐之类的比较贴切.,0,,unlabeled,ChnSentiCorp_htl_all,6962
HTL_S1581,HTL_R05462,"酒店的位置也非常一般,四周景色非常不好!","非常一般的酒店,最过分的是早餐居然在地下负一层,而且基本没什么吃的!",,1,,unlabeled,ChnSentiCorp_htl_all,5462
HTL_S1582,HTL_R01856,酒店设施不错，服务良好。,,有机会还会入住。,0,,unlabeled,ChnSentiCorp_htl_all,1856
HTL_S1583,HTL_R05772,到达现场后，客人不满意，最后选择宁可酒店扣除了房费，也选择了喀什的其他的酒店，那就是携程也未推荐的中西亚国际大酒店，价格和其相仿，但是其为四星标准。,酒店介绍和实际不符，达不到3星级标准，房间不紧张，还要求信用卡担保。,而且，携程与酒店的沟通做得不好，明明是酒店的介绍与实际有较大的偏差，而且价格比起当地旅行社的价格要高出30%，可是酒店方面还是扣除了我们订房的全部房费，我同样要考虑是否还继续使用携程作为我的选择。,1,,unlabeled,ChnSentiCorp_htl_all,5772
HTL_S1584,HTL_R03636,闹中取静，年底地铁6号线通了会更方便，在浦东公干，每次都住这里。,,,0,,unlabeled,ChnSentiCorp_htl_all,3636
HTL_S1585,HTL_R02120,在五星里面，价格算较低的了，下次还想住那里,拖鞋不错哦，很舒服，颜色也不错，大床很舒服，软硬适中，房间温度也好，在大东区地点稍偏，不过不远处有大小什街，都是吃的，特别一家狗肉馆，不错不错！,,1,,unlabeled,ChnSentiCorp_htl_all,2120
HTL_S1586,HTL_R06780,网速非常慢，玩qq游戏都卡了很长时间结帐也挺慢服务员过于积极房间还比较大，就是电视效果很差性价比不高，还要200多,,,0,,unlabeled,ChnSentiCorp_htl_all,6780
HTL_S1587,HTL_R02066,宾馆服务非常好，环境也很好，但在宾馆吃饭太贵了，地角很偏，交通很不方便。,,,0,,unlabeled,ChnSentiCorp_htl_all,2066
HTL_S1588,HTL_R06819,我们知道，无论怎样解释，也难以平息您的怒气。,但无论出于什么原因，发生上述事件都是不应该的，过错方在酒店。,如果您有时间再次莅临秦皇岛，欢迎您到云天海湾来，酒店将以VIP的规格接待您，对您稍作补偿！,10,,unlabeled,ChnSentiCorp_htl_all,6819
HTL_S1589,HTL_R05634,搞不懂，为什么可以刷卡消费，却不能刷预授权？,在前台不能刷卡预授权，有点不方便。,,1,,unlabeled,ChnSentiCorp_htl_all,5634
HTL_S1590,HTL_R07268,"房间很差,感觉像有鬼一样,服务也很差,水要自己要才给,总之这个酒店绝对不推荐!",,,0,,unlabeled,ChnSentiCorp_htl_all,7268
HTL_S1591,HTL_R04858,干净、宽敞、自助餐也不错，最大优势是距离景点非常近，开车几分钟就到。,优点：从自驾车游客吃住的角度看，此“宾馆”已经很不错了。,缺点：与绝大部分宾馆酒店一样，室内空气污染情况都比较重（不过还可以忍受）。,1,,unlabeled,ChnSentiCorp_htl_all,4858
HTL_S1592,HTL_R00289,地理位置优越，交通方便，饭店环境好，服务优良，洗衣迅捷。,,,0,,unlabeled,ChnSentiCorp_htl_all,289
HTL_S1593,HTL_R04939,在开发区，地理位置不错，很好找。,,比起市区的五星级酒店硬件上稍差，但还算干净舒适，考虑到价格比市区便宜，性价比还可以啦。,0,,unlabeled,ChnSentiCorp_htl_all,4939
HTL_S1594,HTL_R04041,这个酒店真不错，房间超大，卫浴设施很干净，窗子很大阳光充足。,,美中不足，餐厅不敢恭维。,0,,unlabeled,ChnSentiCorp_htl_all,4041
HTL_S1595,HTL_R04924,已经几次入住悦华，很不错的酒店，服务态度相当的好，其实距离也还好，打车去中山路购物街什么的也就20块钱。,,,0,,unlabeled,ChnSentiCorp_htl_all,4924
HTL_S1596,HTL_R07592,希望皇嘉应该重新装修，现在的房间设施和服务不符合4星级的标准和要求。,12月4日～7日我们一行7人住进了皇嘉，给我和同事感觉都不好，一房间没有暖气，而且换房间态度不好，房间换后还是没有暖气；二房间卫生间设施差，台盆龙头出水很小，洗澡淋浴区，下水不畅，设施陈旧，卫生间洗澡环境很冷；三早餐尚可。,,1,,unlabeled,ChnSentiCorp_htl_all,7592
HTL_S1597,HTL_R03544,在酒店吃饭不是太方便，只有一个会所可以吃饭。,房间还可以，略显陈旧！,隆重介绍高尔夫：练习场不太贵，30块30个球一个杆15快，大家可以试试，挺好玩的。,3,,unlabeled,ChnSentiCorp_htl_all,3544
HTL_S1598,HTL_R06356,这家酒店服务很不好，故意刁难顾客，明明可以刷卡却不让刷卡，逼迫顾客付现钞。,,客房价格偏高。,0,,unlabeled,ChnSentiCorp_htl_all,6356
HTL_S1599,HTL_R04843,距离火车站颇远，洗浴的地方设计不太合理，水会流到马桶周围形成积水。,,卫生中上，前台的小姐态度很好，会告诉你你要去的地方的大概距离，时间和大概打车费。,0,,unlabeled,ChnSentiCorp_htl_all,4843
HTL_S1600,HTL_R03649,"已经是第二次入住了,感觉还是相当好的,房间宽敞,明亮,床又大又软又舒服,不过卫生纸的质量好象下降了.",,下次还住.,0,,unlabeled,ChnSentiCorp_htl_all,3649
HTL_S1601,HTL_R05919,"对新月阁只有失望两个字,我敢说那些评论都是他们自己写的,在丽江太多又便宜又好的客栈根本不用提前预定,新月阁的价钱可以住别的更好的客栈好几天了,他的房间又小东西都没地方放,建议大家去住万古楼那条路的客栈,又大景观又好又便宜,大家把钱留着去玩吧!",,,0,,unlabeled,ChnSentiCorp_htl_all,5919
HTL_S1602,HTL_R00583,作为五星级酒店，没必要那么小气吧？,补充点评2008年4月27日：记得说下缺点，就是上网要钱！,,5,,unlabeled,ChnSentiCorp_htl_all,583
HTL_S1603,HTL_R00648,入住时办理手续的时间较长，退房办手续时速度极快。,房间小但很干净。,总体基本满意,1,,unlabeled,ChnSentiCorp_htl_all,648
HTL_S1604,HTL_R04300,酒店的位置在一条坑坑洼洼的路旁，正好这两天下雨，基本上只能打车，走路很难，滨州的环境实话说都是很一般，房间大小一般，服务不错，我住的411，正好在雨蓬边上，基本上雨声不断，酒店的美女领班给我换了一间311，至少听不见雨声了。,,不过这个房间的窗户好像是摆设，打不开，看不到外面的。,0,,unlabeled,ChnSentiCorp_htl_all,4300
HTL_S1605,HTL_R05886,床和被子跟一般的小酒店差不多，卫生间也一般，总之在大堂感觉很好，到了房间就发现被大堂忽悠了！,设施陈旧，比如地毯差，而且脏！,,2,,unlabeled,ChnSentiCorp_htl_all,5886
HTL_S1606,HTL_R04089,我是7月9号晚10点多的时候入住的，房间很新，据说是跟格林豪泰是同一公司的，可能是是新开业的，酒店管理不是很规范，员工早早的都下班了，给我房间换床单被套的居然是保安，不过前台跟保安的态度都很好，位置很不错，楼下就是汉中路地铁站，太平洋百货走5分钟就可以到，值得一住！,,另：协程的服务乱78糟的，本来订南站的酒店因为长途汽车临时变道，致电协程要求订一个靠近新客站北广场的宾馆结果居然给我定到南广场去了，而且还是在一小区里，后面自己找到了这个酒店要求他们帮我定结果跟我说没有，最后反倒是我自己问的前台，才给开了房间，协程给的价格没有任何的折扣跟前台给的是一样的！,0,,unlabeled,ChnSentiCorp_htl_all,4089
HTL_S1607,HTL_R00483,泳池是室外的，更衣室设施一般。,周边环境较好，离白鹭洲很近，步行只要几分钟，晚上散步不错。,房间的烟味较大。,2,,unlabeled,ChnSentiCorp_htl_all,483
HTL_S1608,HTL_R02109,其他都很不错，就是叫出租不是太方便~,,,0,,unlabeled,ChnSentiCorp_htl_all,2109
HTL_S1609,HTL_R04127,可以看到乌山和于山，风景不错，环境不错，服务也还可以。,,,0,,unlabeled,ChnSentiCorp_htl_all,4127
HTL_S1610,HTL_R06201,因为经常出差，这基本上是住过最差的酒店了。,因为到的比较晚，入住已经差不多11点钟了，家里人打电话来酒店，酒店总机也是特别没礼貌的挂电话。,,2,,unlabeled,ChnSentiCorp_htl_all,6201
HTL_S1611,HTL_R05563,由於我的卡(不是境卡)需要打行.,.,.,46,,unlabeled,ChnSentiCorp_htl_all,5563
HTL_S1612,HTL_R05749,大堂的服务的入住登记与离店付款很慢，服务员回答问题爱搭不理，房间内的IC卡电源是坏的，电子控制毛病多多，洗澡盆的下水不畅，早餐要7点以后.,,.,0,,unlabeled,ChnSentiCorp_htl_all,5749
HTL_S1613,HTL_R06254,我在12月6号就在这个如家试过一回了。,又没有人尝试过在12点03分到达前台退房，竟然被告知需要多支付半天房费的。,当时12点03分已到达前台退房，前台一位名叫杨之武的工作人员态度非常恶劣，竟冲着我喊，说我超时了，还说电脑系统是自动的，没有办法，必须要收多半天。,1,,unlabeled,ChnSentiCorp_htl_all,6254
HTL_S1614,HTL_R00932,服务算可以设施老旧空调太吵在济南，也没别的好选择,,,0,,unlabeled,ChnSentiCorp_htl_all,932
HTL_S1615,HTL_R06505,其他连锁酒店99元100元都比这个强啊!!,179的价格绝对不值!,"房间很小,位置不好,早餐很差!",2,,unlabeled,ChnSentiCorp_htl_all,6505
HTL_S1616,HTL_R06263,我预定的3间房都很小，基本上只能放2个床（床大概1.8m0.9m），一个小电视机柜（电视是18寸左右的，我家上次用这种款式的估计实在20年前），剩余的地方正好给你竖着放两个旅行箱。,4.,5.,7,,unlabeled,ChnSentiCorp_htl_all,6263
HTL_S1617,HTL_R04723,补充点评2007年4月7日：同时希望携程提供准确的信息。,"前不着村,后不挨店.",我希望住的酒店离凯莱比较近，工作人员告诉我五月花约距500米。,2,,unlabeled,ChnSentiCorp_htl_all,4723
HTL_S1618,HTL_R00267,"性价比不错的酒店,交通也很方便,值得一提是,宾馆斜对面走不多远就是海鲜一条街,很便宜,很实惠,下次去深圳还住广深.",,,0,,unlabeled,ChnSentiCorp_htl_all,267
HTL_S1619,HTL_R06297,"宾馆反馈2008年4月29日：所有客人不管是通过什么渠道预订,只要入住本酒店,均可以在下午1点前退房,比一般酒店退房时间晚一个小时!",酒店位置比较偏，交通不方便，出租车还有拒载的情况，另外该酒店会告知携程客人提前退房这样与事实不符的情况，很让人不舒服，希望酒店可以改正。,,1,,unlabeled,ChnSentiCorp_htl_all,6297
HTL_S1620,HTL_R07382,酒店设施陈旧，服务员态度生硬，位置也较偏僻。,,,0,,unlabeled,ChnSentiCorp_htl_all,7382
HTL_S1621,HTL_R04805,酒店环境和服务都还不错，地理位置也不错，尤其是酒店北面的川北凉粉确实好吃，不过就是隔音效果不好，睡觉的时候总是被外面的汽车吵醒。,,,0,,unlabeled,ChnSentiCorp_htl_all,4805
HTL_S1622,HTL_R06863,5、携程的价格不具有优势，和洒店的价格一样。,我7月2日下午18：30左右已经有低烧，不仅没有备用药，且附近没有药房总台的回答是：去南浦大桥附近的医院。,下次不会再住了。,8,,unlabeled,ChnSentiCorp_htl_all,6863
HTL_S1623,HTL_R06841,"可能是酒店比较老的缘故,房间看起来很一般,设施也比较一般.",,,0,,unlabeled,ChnSentiCorp_htl_all,6841
HTL_S1624,HTL_R07622,离市区远，浴池下水不畅，晚上外面施工，服务员态度恶劣，垃圾酒店,,,0,,unlabeled,ChnSentiCorp_htl_all,7622
HTL_S1625,HTL_R03845,服务还可以，就是房内设施太陈旧。,,早餐比较差！,0,,unlabeled,ChnSentiCorp_htl_all,3845
HTL_S1626,HTL_R06804,酒店位置还行，就是服务一般。,,我在携程上预定的两晚房，却只给我登记了一天，第二天中午续房收了押金，结果服务员晚上十一点还跑到房间来收押金，说中午续房的押金不够：（。,0,,unlabeled,ChnSentiCorp_htl_all,6804
HTL_S1627,HTL_R06915,这个酒店给我的印象如此之差.,,"先说房间,一般,没有什么好,也没有什么不好,酒店开了很大的餐厅,比较吵闹,其他附属的什么购物中心,美容美发全部取消了.",0,,unlabeled,ChnSentiCorp_htl_all,6915
HTL_S1628,HTL_R06256,1、两天不作房间清洁，服务员告诉我，忘记了；2、只要洗澡，卫生间就漏水；3、免费的Internet根本就不能用，服务员告诉我，她们是按照家庭用户申请的，上网人多，当然上不去；4、早餐60％是馒头、包子，蒸饺，炸饺；5、结帐的时候，打出来的水单，多收818元，被我发现后，经理说是系统错误；6、回酒店一般的士司机是找不到的。,,,0,,unlabeled,ChnSentiCorp_htl_all,6256
HTL_S1629,HTL_R06796,这是我住过酒店最糟糕的一次，首先是入住房间弄错了，和别人的房间重复了，接着是晚上睡觉半夜2点还在吵，无法入睡，多次电话前台均没有得到解决，最要命的是热水竟然没有，本来还要住5天的，实在无法接受，房间没有窗户就算了，还这么多问题，住了一晚上直接退房，改住旁边的7天酒店了！,,非常失望，住到这样的酒店！,0,,unlabeled,ChnSentiCorp_htl_all,6796
HTL_S1630,HTL_R07288,"肯定我不会再住这里了,太陈旧了,霉味太重,感觉不好!",,,0,,unlabeled,ChnSentiCorp_htl_all,7288
HTL_S1631,HTL_R01900,四星级酒店，房间(高级客房)很不错，窗户双层玻璃封闭，无法开启，隔音效果好；客房设施配套完善，三部电话(书桌、床头、洗手间)，小冰箱，小保险柜，热水壶，收费饮料品种选择较多；淋浴水量充足。,,缺点是：1、酒店入住、退房登记时都遭遇了排队等候2、酒店所处位置打车不便,0,,unlabeled,ChnSentiCorp_htl_all,1900
HTL_S1632,HTL_R01639,但是到了早上8点半听到很大的噪音，原来是楼顶的风机开始工作了，这个是唯一遗憾，以后还会选择这里但尽量避免最高层。,在石家庄是很好的酒店了，我住了个贵宾楼的豪华房，在最高楼，设备都很好。,工作人员态度也很好，这个是值得肯定的。,1,,unlabeled,ChnSentiCorp_htl_all,1639
HTL_S1633,HTL_R07446,总之找不到好的方面来说，有其他选择就不要去了,非常一般的酒店，房里设施很旧，房间送餐竟然要加多50%的送餐费。,,1,,unlabeled,ChnSentiCorp_htl_all,7446
HTL_S1634,HTL_R06946,酒店从价格来讲还算便宜。,,但前台有特价房68，而在携程只能顶到98的，这一点我接受不了。,0,,unlabeled,ChnSentiCorp_htl_all,6946
HTL_S1635,HTL_R02965,"酒店的环境不算很好,但房间够大,洗手间感觉舒服,整体感觉可以.",,,0,,unlabeled,ChnSentiCorp_htl_all,2965
HTL_S1636,HTL_R05888,我是定12/26-12/28共二晚金苑酒店.,要投金苑酒店1.,定要求三房在同一.,3,,unlabeled,ChnSentiCorp_htl_all,5888
HTL_S1637,HTL_R07558,3：早餐是我吃过最差的酒店，肉包里面还有苍蝇。,2：酒店信价比不高，地段也太偏。,请大家千万别去住，真的还不如Motel.,5,,unlabeled,ChnSentiCorp_htl_all,7558
HTL_S1638,HTL_R05937,酒店前台服务差，对待客人不热情。,,号称携程没有预定。,0,,unlabeled,ChnSentiCorp_htl_all,5937
HTL_S1639,HTL_R05805,酒店的设施和服务与描述及其不相符硬件最多2.5星水平，卫生状况一般，床单上有洗不掉的污渍，床上有沙粒（？？？！！！），房门不隔音.,,.,0,,unlabeled,ChnSentiCorp_htl_all,5805
HTL_S1640,HTL_R00032,高层，大部分房间都可以看到海。,临海位置很好。,前台接待的小姐态度很生硬，登记的姓名没一个字是对的。,3,,unlabeled,ChnSentiCorp_htl_all,32
HTL_S1641,HTL_R06795,我现在都不敢住3星4星的啦.,相信深圳的海悦也不会差.,"哎,不放心啦.",25,,unlabeled,ChnSentiCorp_htl_all,6795
HTL_S1642,HTL_R01319,特别是前厅部的丁经理，能真正急客户所急提供帮助！！,5.12地震当天上午入住，喜来登得当的应急措施和诚恳的服务让我们感动！,再次表示衷心感谢！,1,,unlabeled,ChnSentiCorp_htl_all,1319
HTL_S1643,HTL_R05890,所谓的携程四星，电梯又小又脏，从电梯到楼道到房间充满低档招待所的味道，半夜2点居然有自称服务员（女）的人敲门，不会再住这家酒店了，对携程的推荐也表示怀疑！,,,0,,unlabeled,ChnSentiCorp_htl_all,5890
HTL_S1644,HTL_R02092,因为看到各位携程网友的留言评价很高，就顶了。,,入住之后，果然名不虚传，服务非常好，酒店的设施也还不错，酒店的地理位置在市中心，去哪里都很方便。,0,,unlabeled,ChnSentiCorp_htl_all,2092
HTL_S1645,HTL_R04058,还不及国内三星装潢早餐可以.,"酒店设施太旧,隔音效果差.",服务也不错.,1,,unlabeled,ChnSentiCorp_htl_all,4058
HTL_S1646,HTL_R05327,典型国营企业的极差的服务态度。,信用卡刷了好几次，不愿意用手工打电话授权。,,2,,unlabeled,ChnSentiCorp_htl_all,5327
HTL_S1647,HTL_R07226,这是本人用携程预定的最糟糕的酒店，建议取消该酒店的合作。,,,0,,unlabeled,ChnSentiCorp_htl_all,7226
HTL_S1648,HTL_R02086,其实16楼的房间装修的很时髦呀！,补充点评2008年7月31日：建议酒店可以把在携程上的照片更新以下了，房间的照片显得好陈旧！,宾馆反馈2008年8月1日：尊敬的客人：您好！,19,,unlabeled,ChnSentiCorp_htl_all,2086
HTL_S1649,HTL_R05491,酒店很干净，房间不错，早餐一般，但是周围环境不好，基本上没有什么可以吃饭的地方。,,,0,,unlabeled,ChnSentiCorp_htl_all,5491
HTL_S1650,HTL_R07237,她见此情景说给一个什么总留了一间房是1408（1404和1408的房型是一样的，没有忌讳为什么不把1404留给那人呢！可气！欺负我们携程的网民咯！），先换给我们。,我表态说要站在前台直到他们换房。,同志们，我和LP是午夜12点到的酒店，拿到房号是1404的房间，我看着墙上的那个钟~汗~,2,,unlabeled,ChnSentiCorp_htl_all,7237
HTL_S1651,HTL_R06260,CTRIP没有把真实的房间照片反应出来.,要不是其他饭店太贵的话，我是绝对不会定这间的.,,5,,unlabeled,ChnSentiCorp_htl_all,6260
HTL_S1652,HTL_R06147,酒店的装修比较陈旧，房间的隔音，主要是卫生间的隔音非常差，只能算是一般的,,,0,,unlabeled,ChnSentiCorp_htl_all,6147
HTL_S1653,HTL_R03918,"服素一般,只是早餐相差,只有:吃或不吃","位置非常接近浦展;然是二面路,但相,不有太多。",,1,,unlabeled,ChnSentiCorp_htl_all,3918
HTL_S1654,HTL_R01352,补充点评2006年8月25日：对了，顺便提一下，这家酒店的空调声音巨大，如果您想安静入睡，最好忍受高温而把空调关上。,这样利用客人更会多了。,其实没有什么客人来访的话，不如住旁边的如家。,7,,unlabeled,ChnSentiCorp_htl_all,1352
HTL_S1655,HTL_R06853,"还有就是第2天发现洗手间没纸了,打了3个电话才送上来.","房间小的可以,2个人入住房间里转个身都难!",.,3,,unlabeled,ChnSentiCorp_htl_all,6853
HTL_S1656,HTL_R02308,缺点：看不到鸟巢，要很好的眼神才能看到一个鸟巢肩膀，走路去也不近。,楼下的餐厅提供家常北京菜，不贵，量足。,离地铁站真的有500米，要走10多分钟，抱着孩子带着行李的还是打车好。,2,,unlabeled,ChnSentiCorp_htl_all,2308
HTL_S1657,HTL_R02797,房间不大，但是客厅很大，很舒服。,进门就有种家的感觉，有衣物间，还有厨房。,下次去还会选择这里。,2,,unlabeled,ChnSentiCorp_htl_all,2797
HTL_S1658,HTL_R02852,感觉很好，客房管家的留言很温馨，下次到石家庄的话，还会选择这里宾馆反馈2008年8月4日：感谢您对国宾大酒店的认可。,,我们期待您的再次光临！,0,,unlabeled,ChnSentiCorp_htl_all,2852
HTL_S1659,HTL_R07670,"一句话,烂尾楼改装酒店,又不肯花钱,连民工出租屋都不如.",.,,6,,unlabeled,ChnSentiCorp_htl_all,7670
HTL_S1660,HTL_R06210,位置太难找了，房间设施少，功能单一，作为商务间，没有配备电脑，有点遗憾～！,,,0,,unlabeled,ChnSentiCorp_htl_all,6210
HTL_S1661,HTL_R03930,安顿下来后，到餐厅用餐。,顿生有在这买房的想法。,餐厅外围环境非常漂亮，建造在湖面上，可边用餐边垂钓，很独特。,16,,unlabeled,ChnSentiCorp_htl_all,3930
HTL_S1662,HTL_R03075,"晚餐是房间叫餐的,价格不贵,速度也较快.",,"房间很大,床也大,感觉不错.",0,,unlabeled,ChnSentiCorp_htl_all,3075
HTL_S1663,HTL_R00859,还是值得向朋友们推荐的。,酒店感觉较温馨，要是能够在每个房间里都放上吹风机就好了。,,4,,unlabeled,ChnSentiCorp_htl_all,859
HTL_S1664,HTL_R00529,是个不错的酒店，价钱通过携程也还可以接受，我会推荐朋友入住的。,我觉得酒店很好，房间很干净，而且包括一些卫浴设施也不错，想的很周到。,,1,,unlabeled,ChnSentiCorp_htl_all,529
HTL_S1665,HTL_R03616,网络比较差，经常没有反应。,早餐一般，不够丰富。,地理位置在漯河的东郊，偏得厉害，不过漯河很小，打车20从这头到那头足够了。,3,,unlabeled,ChnSentiCorp_htl_all,3616
HTL_S1666,HTL_R06602,没想到是经济型酒店，很失望。,单人床只有1.1米宽！,浴室没有干湿隔断，洗完澡，水漫金山，拖鞋湿了，地砖特滑。,4,,unlabeled,ChnSentiCorp_htl_all,6602
HTL_S1667,HTL_R02259,宾馆虽然比较老，房间感觉还可以，服务很好，早餐品种少了点。,,打车起步价到海边。,0,,unlabeled,ChnSentiCorp_htl_all,2259
HTL_S1668,HTL_R00066,大堂不错，有四星的样子，房间的设施一般，感觉有点旧，卫生间细节不错，各种配套东西都不错，感觉还可以，有机会再去泰山还要入住。,,,0,,unlabeled,ChnSentiCorp_htl_all,66
HTL_S1669,HTL_R01252,之前来北京住过几家，燕山、文津、天虹等等天虹是我们同事最喜欢住的，房间不大，被褥都很柔软，早餐也还可以但是住过文津之后，觉得文津的服务态度更好一点，出酒店门的的时候门童可真热情,,,0,,unlabeled,ChnSentiCorp_htl_all,1252
HTL_S1670,HTL_R00034,，发扬金陵溧阳宾馆“以客为尊”的服务理念，让每一位宾客都能对金陵溧阳宾馆留下美好而深刻的印象。,我们将根据您的意见记录特别需求，提供您满意的服务！,再次向您表示感谢！,9,,unlabeled,ChnSentiCorp_htl_all,34
HTL_S1671,HTL_R00300,缺点是碰上昆明柴油紧张，没有空调，晚上较冷，还好向酒店要了个空调扇，可以吹热风，否则晚上睡觉一定会感到冷。,12月在金泉订了个豪华商务小套房，房间内部环境不错，酒店位于市中心边缘，周边交通还算方便，打车到昆明有名的金马碧鸡刚好起步价。,,1,,unlabeled,ChnSentiCorp_htl_all,300
HTL_S1672,HTL_R02413,酒店房间较旧，一进门有股味道，墙上也显得较脏。,,窗户没有纱窗，酒店服务员提醒不要开窗，因为会有蚊子。,0,,unlabeled,ChnSentiCorp_htl_all,2413
HTL_S1673,HTL_R04471,离王府井也就十来分钟的路程挺方便的.,"但是房间比较干净,我住得是单人房,网速也蛮快的,房间插头没欧式的,本人建议有电脑的朋友带个欧式过去.",,2,,unlabeled,ChnSentiCorp_htl_all,4471
HTL_S1674,HTL_R07498,早餐品种非常少，没有现烧的东西，加料不太及时，如果要求不高的话，吃饱还是可以的。,总体来说，地理环境还可以，硬件设施太差。,,10,,unlabeled,ChnSentiCorp_htl_all,7498
HTL_S1675,HTL_R06169,"KTV在25楼,整个晚上房间都在震根本就休息不好,上网居然还要接电话线拨号.",,这个酒店实在太差了,0,,unlabeled,ChnSentiCorp_htl_all,6169
HTL_S1676,HTL_R01644,虽然最喜欢的还是悦华，其实感觉泉州酒店的装修和气派还是在悦华之上，就是服务和早餐差悦华了。,因为悦华酒店没房间了，才通过携程定泉州酒店的。,,1,,unlabeled,ChnSentiCorp_htl_all,1644
HTL_S1677,HTL_R06702,令我气愤的是，第二天早是11点20退房，退房的是一个瘦瘦的女生。,房间设施还不错，但是房间比较小，也许别的房间会好点吧，楼顶有个观光台，风景还可以，但有很多碍眼的烂尾楼。,入住时房价160元，押金300，应该找回140元，服务员在前台折腾了好一阵子，说前台没有零钱，让我给他60元找我200，我没多想，就给了她60元。,3,,unlabeled,ChnSentiCorp_htl_all,6702
HTL_S1678,HTL_R04727,"酒店的洗澡水很大很足,就算12点以后也还是那样,不错.","但是很奇怪,晚上睡觉的时候总有""的,的,的""的声音,是从窗户那里传来的,仔细检查了下，发现窗户是关的好好的,哪里来的声音也不知道.","就是CTRIP的预定有点问题，说提前7天预定可以拿到590的价格,我提前了10多天预定的，最后在出发前查了一下，就算提前一天也是同样的价格,感觉有点上当受骗的感觉,CTRIP现在也开始对客户耍手段了.",3,,unlabeled,ChnSentiCorp_htl_all,4727
HTL_S1679,HTL_R03944,房间总体还行，就是有点旧。,6月30日入住的。,周围环境较好。,1,,unlabeled,ChnSentiCorp_htl_all,3944
HTL_S1680,HTL_R07214,标间面积实在太小，卫生间都转不开身。,,客房服务很一般，好在打电话后态度尚可。,0,,unlabeled,ChnSentiCorp_htl_all,7214
HTL_S1681,HTL_R06181,第二天老妈说声音吵的她脑袋疼，我发现是酒店的大锅炉在作怪，这时候我做了一个错误的决定――忍耐！,白天逛了逛海滩，吃了海鲜，晚上回来睡觉，关上门窗听到一些似乎是海浪的声音，就没太注意，到了晚上12点多，声音越来越大，就像飞机的轰鸣声，让人无法入眠。,结果连续三晚都是如此，半夜吵得人抓狂，第四天晚上实在睡不着，凌晨5点多的时候，让他们值班经理来看，他们临时关了锅炉，可是早上8点多又开了，实在让人气愤，我就找他们大堂副理，一个姓李的女士交涉，她反复推托，一直拖到12点多，最后我愤怒了，她让他们经历一个姓周的女士跟我谈，结果一点补偿措施都没有，态度相当蛮恨，我只好投诉12315，结果12315的人沆瀣一气，让我去投诉环保部门，并且说好40分钟到现场，也一拖再拖，由于时间限制，我只好非常失望的离开了这家酒店。,4,,unlabeled,ChnSentiCorp_htl_all,6181
HTL_S1682,HTL_R06637,"我是3.23日入住的,定的是大床房(515房间).",,"这是我住过的房间最小的酒店了,房间的宽度就是一个床的宽度,床脚上面做块板子就放电视机了,整个房间没有窗户的,电视机边上的墙上好大的裂缝.",0,,unlabeled,ChnSentiCorp_htl_all,6637
HTL_S1683,HTL_R07340,"这次入住和上次相比,感觉差很多啊.",,.,0,,unlabeled,ChnSentiCorp_htl_all,7340
HTL_S1684,HTL_R06998,态度表面很好，见人就问好，但是目无表情，明显是装出来的。,服务不好！,房间的设施太简单。,1,,unlabeled,ChnSentiCorp_htl_all,6998
HTL_S1685,HTL_R03234,靠马路的房间晚上睡觉有点吵，房间电熨斗给商务客人带来方便。,,,0,,unlabeled,ChnSentiCorp_htl_all,3234
HTL_S1686,HTL_R02836,"很大,下了电梯还要走好远.","房间一般,花园一流,真正的花园宾馆,全国也不多见.",,1,,unlabeled,ChnSentiCorp_htl_all,2836
HTL_S1687,HTL_R00465,一个人入住对于600元的价格觉得有点奢侈，但是环境还可以，比预想的好，也比较干净。,,水量很充足，床上用品据服务员讲是每日更换，听说山上的水48元|吨，对于等黄山的疲惫感来说，能好好的洗个热水澡，惬意的睡眠时非常重要的，总的来说还是很好的。,0,,unlabeled,ChnSentiCorp_htl_all,465
HTL_S1688,HTL_R05891,不是的，而是趁火打劫的行在令我怒。,交通不便是地方最最令我失望的地方，住了三天，第一天，打不到的士，酒店的司了商竟然收我40去一上打只要不到20的地方。,房的第二晚上，竟然有空，只慢吹。,1,,unlabeled,ChnSentiCorp_htl_all,5891
HTL_S1689,HTL_R03424,"酒店给人感觉很温欣,服务员也挺有礼貌,房间内的舒适度也非常不错,离开李公递也很近,下次来苏州,还会选择该酒店!",,,0,,unlabeled,ChnSentiCorp_htl_all,3424
HTL_S1690,HTL_R05293,不过前面的朋友说过的隔音效果差，确实有点。,宽带很快。,细察发现是门后的墙，采用木板结构。,2,,unlabeled,ChnSentiCorp_htl_all,5293
HTL_S1691,HTL_R07532,服务有出错，让人大跌眼镜的那种，房卡会被搞错！,,,0,,unlabeled,ChnSentiCorp_htl_all,7532
HTL_S1692,HTL_R07646,既然是升级，应该升级为酒店有星级定义的房间！,关键是种种不便，我无法接受。,因为没有看见该酒店5星级的房间，因此只能打这样的分数，希望酒店以此为戒，也希望携程反思，为什么会出现这样的情况！,13,,unlabeled,ChnSentiCorp_htl_all,7646
HTL_S1693,HTL_R06468,也就算得上3星吧，房间不大临街有点吵。,一般的不能在一般的酒店。,房价根本就没有竞争力，旁边的新世界才238比这好的多。,1,,unlabeled,ChnSentiCorp_htl_all,6468
HTL_S1694,HTL_R05813,早餐不怎么样，价格偏高。,酒店环境还不错，装修也很好。,,1,,unlabeled,ChnSentiCorp_htl_all,5813
HTL_S1695,HTL_R07047,以后再也不住青年旅馆了！！！！,我住的是红楼青年旅馆，房间很小，设施和装修很陈旧，大大不符合三星的标准，更另我气愤的是提供的两条毛巾全是坏的，上面有明显的洞，毛巾掉在地上沾了泥土（毛巾掉在有水的地上被被鞋子踩了脚印），退房的时候服务员居然说毛巾有斑点，洗不干净了，让我按新毛巾的价格赔偿，太令人气愤了！！！！,,1,,unlabeled,ChnSentiCorp_htl_all,7047
HTL_S1696,HTL_R05533,当时答应说给我订房，还跟我确认了价格，结果其实根本就没订，还说跟我说的是下次如果我再订，他再帮我安排，再也没有下次了。,结果前台有两个员工说话很不礼貌，说我爱住不住，他们没房间就要让我退房，后来销售解决问题后，我还算满意，结果今天一给酒店打电话，才发现又被那个销售骗了。,如果不讲信用的酒店。,4,,unlabeled,ChnSentiCorp_htl_all,5533
HTL_S1697,HTL_R05559,宾馆免费提供代客联系出租车业务。,宾馆反馈2008年3月12日：1号楼中央空调，含暖气，免费宽带上网。,,5,,unlabeled,ChnSentiCorp_htl_all,5559
HTL_S1698,HTL_R02953,在推行环保方面做得比较到位，而且在菱湖公园旁边，环境不错。,,总体来说还可以，就是房间稍微偏小一点。,0,,unlabeled,ChnSentiCorp_htl_all,2953
HTL_S1699,HTL_R01149,"南楼房间还算干净,位置也还行,去景点都不远,打的起步费就够了,符合三星的标准",,,0,,unlabeled,ChnSentiCorp_htl_all,1149
HTL_S1700,HTL_R01657,毕竟加入了最佳西方的管理体系。,比去年有较大的进步，尤其服务方面。,早餐不错,1,,unlabeled,ChnSentiCorp_htl_all,1657
HTL_S1701,HTL_R06550,非常失望，其酒店的服务和周围的优雅环境很不相称.,服务基本上没有！,.,1,,unlabeled,ChnSentiCorp_htl_all,6550
HTL_S1702,HTL_R01612,房间内设施有些旧，但洗浴设备还不错，洗澡水温度好，水量大。,,比较卫生。,0,,unlabeled,ChnSentiCorp_htl_all,1612
HTL_S1703,HTL_R06096,热水器插座就设在花洒上方，感觉不安全。,房间大，但都是没有用的设施，比如麻将桌，又占地方，又没用。,,2,,unlabeled,ChnSentiCorp_htl_all,6096
HTL_S1704,HTL_R05450,以后不会再住，还是格林豪泰或如家比较好。,房间不干净，设施陈旧。,,1,,unlabeled,ChnSentiCorp_htl_all,5450
HTL_S1705,HTL_R01092,最后一件不爽的事，在携程网上订时，每房均送水果和小熊玩具，结果到了晚上也没人送，打电话一问，说是送给会员的！,真是让人很不爽。,当然最终还是送了，但是如果是送给会员的，就不应该在携程上标出。,5,,unlabeled,ChnSentiCorp_htl_all,1092
HTL_S1706,HTL_R03294,还有茶包，居然放绿茶的小竹篮上写着“有偿使用”，差点上当！,补充点评2008年6月11日：对了，电视机换台时画面居然会停滞片刻，非常奇怪。,总而言之，房间还是蛮干净的，设施也比较齐全。,12,,unlabeled,ChnSentiCorp_htl_all,3294
HTL_S1707,HTL_R02998,房间设施，布置都别致，很有特色，一进屋就不想出来啦，不过就像网友说的因为是木楼隔音很差，楼上一动，楼下就听上去很大声，好在我们是两对小夫妻一起去的，就住同一栋了，玩基本都在楼上，要睡了一对再下去睡，因为楼上风景比较好。,,而且我观察过了，确实是网友讲的8628位置最好，不过我们入住那天8628已经被人入住了，我们住8633、8634就差很多，只有二楼能看到海，但小木楼的环境真的很好啊，我们那栋门口就是个泳池，环境超美，下次有机会要多住一晚（这次只住了一晚，没欣赏够啊）补充点评2008年3月1日：我们碰的服务员都很亲切，入住退房都速度很快，一上岛就有个服务员问我们是不是住岛，很热心的帮我们把行李提上电瓶车然后送到房门口，下岛时也是免费的电瓶车送到码头，一路上很热心的帮我们讲解。,0,,unlabeled,ChnSentiCorp_htl_all,2998
HTL_S1708,HTL_R06492,年前去那里住，在携程上定的房间，订好9-12点之间到，结果10点到了哪里说没房，前台说要等半小时，结果等了50分钟才等到房间。,去上海住了6次了，3次住的哪里，也算老客户了吧。,到了房间发现空调是坏的，又让我等了50分钟才给我换到房间郁闷之极。,2,,unlabeled,ChnSentiCorp_htl_all,6492
HTL_S1709,HTL_R03120,马马乎乎，早餐稍弱，只有那小米粥好喝，其他的一般．电视频道比较少，不太符合五星级宾馆的标准．其他都还不错．,,,0,,unlabeled,ChnSentiCorp_htl_all,3120
HTL_S1710,HTL_R07159,设施老化，紧靠马路噪音太大。,,晚上楼上卫生间的水流声和空调噪音非常大，无法入眠，跟总台反映后，服务员姗姗来迟，强调就是如此。,0,,unlabeled,ChnSentiCorp_htl_all,7159
HTL_S1711,HTL_R06867,本人是看了其他客户点评决定预定此酒店的，但是到了酒店感到非常失望，一点也没有酒店气氛，正如其他点评所说“就一招待所”。,,服务员没有穿制服，好像是家庭作坊式管理，整个酒店也是冷冰冰的，空调开到30度一点也不感觉暖和，晚上加了床毯子还感觉冷。,0,,unlabeled,ChnSentiCorp_htl_all,6867
HTL_S1712,HTL_R03667,酒店不错，房间面积很大，早餐不怎么好在晋城这个地方算是不错的酒店了，我自己住过2次。,,,0,,unlabeled,ChnSentiCorp_htl_all,3667
HTL_S1713,HTL_R00268,酒店的服务还行，前台还算有求必答的。,浴室好像是新弄过了，还挺干净整洁的。,补充点评2008年6月21日：早餐在25楼，花色很少，很是一般了。,2,,unlabeled,ChnSentiCorp_htl_all,268
HTL_S1714,HTL_R07275,能想到的一切都差！！！！！,设施差，服务差，环境差。,"宾馆反馈2007年12月10日：酒店已注意到了,部分房间已开设改建",2,,unlabeled,ChnSentiCorp_htl_all,7275
HTL_S1715,HTL_R01419,"房间还算可以,只是价格性价比还需要努力,688元这个价格在郑州可以住其他宾馆了.",,,0,,unlabeled,ChnSentiCorp_htl_all,1419
HTL_S1716,HTL_R05751,入住后给的第一间房噪音巨大（前台肯定知道，故意给的），换第二间，外面大雨房间小雨（前台肯定也知道这个房间漏雨，故意的），换到第三间才能安稳睡个觉，这个酒店实在太烂了，服务不是一般的差。,这家酒店实在不敢恭维房间差，服务差，就是地方还可以，价格便宜。,,1,,unlabeled,ChnSentiCorp_htl_all,5751
HTL_S1717,HTL_R06354,补充点评2007年9月12日：离三孔有一段距离，有停车位。,招待所的水平，地毯很葬，卫生间很陈旧。,号称其装修和布置是儒家风格，但本人无论如何也没有看出来。,2,,unlabeled,ChnSentiCorp_htl_all,6354
HTL_S1718,HTL_R05389,欠缺理由为“由于全家酒店客房已满，所以没有任何多一个后备用品作替换”（这是酒店服务员原话）2酒店水壶内有残余物，约一元硬币那么厚。,1酒店基本需要用品没有，比如要求转换插头、水壶，也一律欠缺！,酒店服务员竟然说“知道这个情况，但是没有办法”！,1,,unlabeled,ChnSentiCorp_htl_all,5389
HTL_S1719,HTL_R00526,毛巾，浴巾看上去很干净。,单人间很小，单人床靠墙放，另外一般450mm宽。,,3,,unlabeled,ChnSentiCorp_htl_all,526
HTL_S1720,HTL_R05900,"而且酒店里什么东西都要钱,手能碰到的东西几乎都贴着价格,太恐怖了,以后免费请我住都不住了.","结果这个酒店,空调都没有,只有一个所谓的通风口,窗户又全订死了,只能伸个头出去透气,差点热死人了.",,2,,unlabeled,ChnSentiCorp_htl_all,5900
HTL_S1721,HTL_R02929,不错的酒店，设施很齐全，周到。,,特别是一些小的细节。,0,,unlabeled,ChnSentiCorp_htl_all,2929
HTL_S1722,HTL_R00002,酒店应该重视一下这个问题了。,早餐太差，无论去多少人，那边也不加食品的。,房间本身很好。,1,,unlabeled,ChnSentiCorp_htl_all,2
HTL_S1723,HTL_R01854,离西湖很近门童不错比较安静交通便利,,,0,,unlabeled,ChnSentiCorp_htl_all,1854
HTL_S1724,HTL_R04409,卫生总的是挺好～细节上，有点点瑕疵．我很喜欢房间的布局～周围的环境真的很安静，在旅途劳顿后睡了香香觉～嘿嘿，不过成都的门牌号不规范，找了一下下才找到的．服务相对还说是不错的了,,,0,,unlabeled,ChnSentiCorp_htl_all,4409
HTL_S1725,HTL_R02144,"性价比很好,设施很方便,适合家庭(3人以上)入住宾馆反馈2008年8月5日：非常感谢您的评价。",,欢迎您和家人一起光临！,0,,unlabeled,ChnSentiCorp_htl_all,2144
HTL_S1726,HTL_R03941,"环境和地理位置很好,房间有点旧,浴室也比较简单,出门TAXI不方便.",,"这次公务,要是去旅游还是住那里.",0,,unlabeled,ChnSentiCorp_htl_all,3941
HTL_S1727,HTL_R05149,也没看到有送水果和巧克力。,房间内通风不好有异味。,总体感觉跟四星差不多。,3,,unlabeled,ChnSentiCorp_htl_all,5149
HTL_S1728,HTL_R04627,房间还可以，位置比较偏，早餐不行，性价比还可以，下次还会入住．,,,0,,unlabeled,ChnSentiCorp_htl_all,4627
HTL_S1729,HTL_R05475,很有面子，去得那天天气冷，刚开始有点不太适应，要空调遥控器，说现在不提供；要加被子，说没有，当时很郁闷，不过做了兼职网管之后很快就提供了这两样东西，很开心另外，前台太小，性价比不高补充点评2007年10月22日：顺便说一下，前台竟然不知道长途电话的收费标准,宾馆竟然不能提供网络调试服务，我做了一次兼职的网管，呵呵！,,1,,unlabeled,ChnSentiCorp_htl_all,5475
HTL_S1730,HTL_R06352,我是11月份去住的，当时见网上评价不错。,,但到了才发现，总体感觉比较脏，11月份的北方天气了，房间内竟然还有苍蝇！,0,,unlabeled,ChnSentiCorp_htl_all,6352
HTL_S1731,HTL_R00892,"日本客人去苏州新区指定要住的酒店,外观很不错,很气派;室内环境也算对得起这个价钱.",,还不错.,0,,unlabeled,ChnSentiCorp_htl_all,892
HTL_S1732,HTL_R01605,不过说实在的酒店蛮偏僻的，如果自己没车还是不要考虑了。,买了自驾游的度假产品，酒店挺大挺气派。,可能是因为周日入住，加上酒店地点不在市区，故酒店中冷冷清清的，晚饭也只有我们一台生意。,1,,unlabeled,ChnSentiCorp_htl_all,1605
HTL_S1733,HTL_R07691,"3,酒店有股发霉的味道.","二楼的卡啦OK感觉很暧昧,电梯上有很""职业""的打扮怪异的女性出入.","4,酒",3,,unlabeled,ChnSentiCorp_htl_all,7691
HTL_S1734,HTL_R00450,散布在绿树间的一幢幢俄式两层别墅，环境没的说，幽静，就是知了叫得太起劲（他们要到晚上12点左右才休息，早上6点多就有醒来歌唱的了）。,7号晚上到的，9号中午撤的。,离海边5、6分钟路程。,1,,unlabeled,ChnSentiCorp_htl_all,450
HTL_S1735,HTL_R04518,4大2小去的，饭店总的来说还不错，吃的有点贵，没吃，离镇上远了点，进出多是打的，到镇上5-10块不等。,,住的房间抬头见山，相比镇上，比较幽静，有得有失吧，服务态度还不错吧。,0,,unlabeled,ChnSentiCorp_htl_all,4518
HTL_S1736,HTL_R06268,房间太小，过道太窄，隔音太差，加上卫生间漏水到地板，价格却比汉庭高出近100元，实在不值。,唯一优势是位置。,,1,,unlabeled,ChnSentiCorp_htl_all,6268
HTL_S1737,HTL_R07292,前台服务人员的态度差到极点！,,下次绝对不会再入住这家酒店了。,0,,unlabeled,ChnSentiCorp_htl_all,7292
HTL_S1738,HTL_R02783,酒店设施倒是满陈旧，不过一楼中餐厅的饭菜却很合我口味。,,一打听才知道是广东厨师，就为这个，我下次不住雅和了。,0,,unlabeled,ChnSentiCorp_htl_all,2783
HTL_S1739,HTL_R02827,总体感觉不错，性价比高、干净、安全、服务人员素质高、装修的质量比较好.,,还有周围吃饭地方多、超市购物方便，还不错。,0,,unlabeled,ChnSentiCorp_htl_all,2827
HTL_S1740,HTL_R03346,"性价比还不错的一家酒店,下次还会再去住的.","早餐一般,服务还好.",,2,,unlabeled,ChnSentiCorp_htl_all,3346
HTL_S1741,HTL_R05370,打电话想让他们寄回来，结果都在踢皮球，闹了半天还得回去拿。,酒店不像是五星的，最多三星标准，比较失望，两个房间的海景只能看到一个角，而且服务意识都没有，我们两个房间都忘了东西，结果都到蓬莱了还没人联系我们。,郁闷~~,1,,unlabeled,ChnSentiCorp_htl_all,5370
HTL_S1742,HTL_R05765,只住了一个晚上，房间很小，不过考虑到只是一个三星级的宾馆，要求也不能太高，但是房间里的设施很陈旧，而且有些设施明显坏很久了，也没有修理。,,我的信用卡不是国有四大银行的卡，不能做预售也就罢了，居然直接刷卡也不行，前台小姐居然说我的卡不是信用卡，狂晕，就算不认识visa标志，也应该认识银联的标志吧，怎么的也不会说连当成储蓄卡一样刷卡都不行吧！,0,,unlabeled,ChnSentiCorp_htl_all,5765
HTL_S1743,HTL_R07476,之前查阅了携程上的点评，最近的点评已经有大半年时间了，一厢情愿的以为酒店设施有所改善。,出于不信邪的原因，入住了该酒店。,但是，去了只能用三个来形容，差！,1,,unlabeled,ChnSentiCorp_htl_all,7476
HTL_S1744,HTL_R06647,早餐虽然是免费的，但是看到票价也要20呢，菜品实在是.,当然也有可能因为我们住的是3号楼，是不是有点成旧的关系？,.,4,,unlabeled,ChnSentiCorp_htl_all,6647
HTL_S1745,HTL_R06837,隔音实在太差，隔壁房间人睡觉打呼的声音你都能听见，就象在你耳边一样，一个晚上都没睡好，晕～实在差强人意，下次不会再住了！,,,0,,unlabeled,ChnSentiCorp_htl_all,6837
HTL_S1746,HTL_R04128,"在福州算是最好的酒店了,当然价格也是最贵的.",,"房间的各项设施都不错,虽然房间不算很大,但是装修简洁时尚,比较喜欢卫生间的装修.",0,,unlabeled,ChnSentiCorp_htl_all,4128
HTL_S1747,HTL_R00479,交通方便，房间比较干静宽敞，总体来讲还说得过去。,,,0,,unlabeled,ChnSentiCorp_htl_all,479
HTL_S1748,HTL_R05620,为什么我们每天订房间，就不送水果、咖啡！,,协程网上有果盘送的！,0,,unlabeled,ChnSentiCorp_htl_all,5620
HTL_S1749,HTL_R03905,位置也很好，离火车站很近，在二环内，在北京算是很便宜的酒店了~~~服务一般，不过主要是旅游，所以只要住的干净也没关系~~~总体还是不错的！,很实惠的酒店~~这次住的是经济房，没有独立的卫生间，但是房间很干净，没有提供一次性的洗濑用品，需要自带，很适合背包一族。,,1,,unlabeled,ChnSentiCorp_htl_all,3905
HTL_S1750,HTL_R00101,只可惜楼顶的中餐厅在停业装修，我挺喜欢这个餐厅的，正宗广东菜，希望下次来时复业了。,我住的行政房是全新的，有五星级标准*v*。,似乎酒店花了很多精力在装修更新。,1,,unlabeled,ChnSentiCorp_htl_all,101
HTL_S1751,HTL_R04942,"住的是豪华单人房,房间很大,但是空调明显不足,冷死了补充点评2008年1月25日：还有,房间灯光昏暗.",,,0,,unlabeled,ChnSentiCorp_htl_all,4942
HTL_S1752,HTL_R02158,早餐的刀叉用具放在西点处可能不明显，我们对没有及时关注到客人的需求表示歉意，欢迎您的再次光临。,"5天前的是市景房,酒店自升湖景房前台,僮,中西餐服都很好,商中心的女孩非常,然房修比,非平面型,但是用,清,床被很清,舒服,水也很清,中餐格也合理,位置很好,物方便,(但西湖有距,所以房景也有失望)不300多元是值得,(以前少有500元以下的酒店有如此高水平)下次去杭州都入住(不僮代叫到司宰了120元,此外,餐早餐段外客人提供刀叉,人家做手抓人)宾馆反馈2008年8月15日：客人的认可是我们努力的目标，我们会加强服务的细致化，人性化。",（参考信息：1.客人可乘坐民航大巴前往机场，15元/人次，酒店步行至上车点5分钟路程；2.门僮提供代叫出租车服务，客人可要求司机打计程表前往目的地。）,1,,unlabeled,ChnSentiCorp_htl_all,2158
HTL_S1753,HTL_R06235,房间又小又旧，早餐也没什么吃的，服务也不好，而且会有骚扰电话,酒店真的不怎么样，不知道怎么评上四星的。,,1,,unlabeled,ChnSentiCorp_htl_all,6235
HTL_S1754,HTL_R01904,入住的酒店设施有点老，电视机也不较小，跟500元的房价还是有点差距的，不过服务不错，当天还送了生日鲜花和水果。,,,0,,unlabeled,ChnSentiCorp_htl_all,1904
HTL_S1755,HTL_R01924,"早餐很一般,不像4星级的.","结帐的时候前台表示不能修改清单的内容,得去商务中心重新打印要花5块钱,这个比较不方便,其他酒店都可以免费改的.","总的来说,还是推荐的.",4,,unlabeled,ChnSentiCorp_htl_all,1924
HTL_S1756,HTL_R06757,在它旁边有一家12月1日刚刚开业的海悦酒店，468元促销价，简直是让我捡到了大便宜，除了酒店大堂比不上君悦，其他无论是从硬件设施，还是从人员服务，还是从早餐看都绝对的5星标准。,本来当时预定这个酒店就是为了地理位置好，比较方便，但是到了才发现周围有很多酒店可以选择。,就是由于是新酒店房间稍微有些味道，希望他们可以改进。,12,,unlabeled,ChnSentiCorp_htl_all,6757
HTL_S1757,HTL_R02137,如果可能的话，希望能把洗脸处的存水盖子修理好。,"很宽敞,非常好的地方。",应该是件简单的事。,1,,unlabeled,ChnSentiCorp_htl_all,2137
HTL_S1758,HTL_R06051,"房间设施象招待所，卫生间里的设备很久，房间的卫生很差免费注册网站导航宾馆索引服务说明关于携程诚聘英才代理合作广告业务联系我们Copyright1999-2008,ctrip.",,com.,0,,unlabeled,ChnSentiCorp_htl_all,6051
HTL_S1759,HTL_R06721,酒店房间一般，肯定不值755元，另外酒店的代客泊车有问题，退房后我们就拿着行李在门口等了足足半小时，有点气人。,这家酒店是携程推荐的（估计当时也只有这家了），酒店前台不错，遗忘了身份证还能在第二天一早打电话到房间核实，这点很好，没有在晚上打搅休息。,补充点评2008年3月21日：还有，导游是不是在前台有优先特权，我们很老实的排队，但是导游就可以在人缝里挤的很自由，而且接待员就当什么都没看见，照样给她办。,3,,unlabeled,ChnSentiCorp_htl_all,6721
HTL_S1760,HTL_R01430,在香港难得有那么大的房间，不过就是卫生间旧了一点。,,对于去香港血拼的人来说这是最好的选择，因为酒店就在海港城内，偌大的海港城逛一星期估计也难以逛全，逛累了还可以直接到酒店歇一歇,0,,unlabeled,ChnSentiCorp_htl_all,1430
HTL_S1761,HTL_R03797,室内的品种也很多，不过价格还是偏贵的。,温泉很大，喜欢室外的部分，空气非常好，就是水温大都偏热。,离市区还是很远的，吃饭的选择不多。,1,,unlabeled,ChnSentiCorp_htl_all,3797
HTL_S1762,HTL_R04071,保险柜，床头的闹钟和衣橱里的电熨斗烫衣板充分体现出作为商务酒店的特点，很周到。,床垫和枕头也是高品质的，空调很足，洗完澡穿着真丝的睡衣完全感觉不到室外正是0度的严寒，浴室也使同时设置了浴缸和淋浴房。,6楼有健身房和室内恒温泳池，31号一早晨自己到泳池里畅游了一下，29度，不冷，整个泳池只有我一个人，救生员也照样端坐在池边。,7,,unlabeled,ChnSentiCorp_htl_all,4071
HTL_S1763,HTL_R03873,"一个非常不错的太湖边酒店,我的运气不错，本来订的是一般房间，结果被升级到了行政套房.",,"酒店拥有绝美的风景，太湖就近在眼前,早上起来或者下午的时候，坐在房间里喝喝茶,看看风景别有风味.",0,,unlabeled,ChnSentiCorp_htl_all,3873
HTL_S1764,HTL_R00720,尽管这家酒店离市中心有点距离，但风景及服务特别好，酒店设施齐全，步行就能到海边，酒店也能为你联系司机并将早饭提前送到房间，不另外收取费用。,,酒店的餐饮口味也能基本上满足各种要求，下次来威海还住这家酒店。,0,,unlabeled,ChnSentiCorp_htl_all,720
HTL_S1765,HTL_R06402,"一直认为锦江各方面质量很高,性价比好,比如在西安我总是选择锦江之星.",,"但这个店,是我住锦江之星所获得的最差的印象地.",0,,unlabeled,ChnSentiCorp_htl_all,6402
HTL_S1766,HTL_R06781,"地段太偏,餐厅的饭菜味道不怎么样","电话服务生说装修已经一年了,当时住的时候就两个月左右,装修味太浓,呛的眼泪鼻子一大把的,而且前台服务员说他们的打折价比携程便宜,不知道这算不算房价倒挂???",,1,,unlabeled,ChnSentiCorp_htl_all,6781
HTL_S1767,HTL_R04903,"不足之处是山庄酒店菜色一般,入住那天不知为什么上不了网,虽然叫了人来查看,但还是未曾上网.","我07年10月19日入住,确实是休闲的好去处,有空还会去.",,1,,unlabeled,ChnSentiCorp_htl_all,4903
HTL_S1768,HTL_R02253,晚上很晚打电话咨询，接线生的态度都不错其他：麒麟阁的中餐很好吃，早餐种类也很多，不错不错,房间：住得商务大床房，房间大小还行（一个人住不需要太大），可惜我住的那间电话竟然被放到写字桌上，床头没有，希望能调整一下，方便住客，其他方面，房间很干净，就是有蚊子呵呵环境：本来环境应该还可以，可惜我入住的时候，外边正在修建高架桥，比较吵，幸好本人睡得比较实在，晚上听不见：）服务：这一项很满意，一进门就有门童帮忙拎行李，一直送到电梯口，大堂入住和退房手续办理的很快，态度也很好，离开时赶飞机，提前和酒店订好了出租车，下楼时候车已经等候在那里了，很方便。,,1,,unlabeled,ChnSentiCorp_htl_all,2253
HTL_S1769,HTL_R04743,因为害怕有蚊子所以特地带了蚊不叮去，没想到酒店在阳台上装了纱门，很不错。,房间比较宽敞，园景房的阳台上景观也不错。,特别提一下酒店的中餐厅用餐环境很好，透明落地玻璃旁用餐很舒服，味道也很不错。,2,,unlabeled,ChnSentiCorp_htl_all,4743
HTL_S1770,HTL_R06400,"房间陈旧,服务差,设备也陈旧.",,垃圾酒店!,0,,unlabeled,ChnSentiCorp_htl_all,6400
HTL_S1771,HTL_R03553,酒店设施比较新，环境也不错，能看到很漂亮的海景。,,餐厅服务一般，我们下午1点半到酒店，餐厅就没有什么可吃得了，想点的菜，基本都没有。,0,,unlabeled,ChnSentiCorp_htl_all,3553
HTL_S1772,HTL_R07625,上网的话价格贵的吓死你！,住在里面的是大量的旅行社的团队，乱糟糟的。,对于携程优先推介此酒店非常不满，绝对是给的返点比较多。,3,,unlabeled,ChnSentiCorp_htl_all,7625
HTL_S1773,HTL_R03037,酒店大堂的装饰也很有味道，我喜欢的。,早餐质量不错，最好能分吸烟区和非吸烟区。,总体性价比很高，值得再次入住。,5,,unlabeled,ChnSentiCorp_htl_all,3037
HTL_S1774,HTL_R01026,简单来讲，房间还好吧，大过万达假日。,,不过当时冰雪节比较贵，觉得没那么划算。,0,,unlabeled,ChnSentiCorp_htl_all,1026
HTL_S1775,HTL_R06306,但酒店设施较简单陈旧，感觉连二星的都比不上，房间隔音效果也不好，外面卡拉ok的声音听的清清楚楚，晚上要是失眠了可以听听歌。,前台服务态度挺好。,宾馆反馈2007年10月30日：尊敬的宾客：非常感谢您的光临及提出宝贵的意见，本酒店目前的房间设施设备是以简约时尚为前提，关于隔音改造工程正在完善中，相信我们会以更优质的服务和舒适的客房、便利的商务环境，迎接您的再次光临！,1,,unlabeled,ChnSentiCorp_htl_all,6306
HTL_S1776,HTL_R01417,比如游泳场就让我找半天，太偏了,酒店整体还不错，就是地段指引比较差，找一些酒店内的设施问好几个人才找到。,,1,,unlabeled,ChnSentiCorp_htl_all,1417
HTL_S1777,HTL_R01105,"酒店不好找,里面的环境还可以,打车不方便.",,,0,,unlabeled,ChnSentiCorp_htl_all,1105
HTL_S1778,HTL_R05033,中午打电话叫人来取洗衣，回答是：我没明白您的意思。,5.,我说有一件衣服要洗，对方立马回答要加急费，我说知道，这才沟通成功。,9,,unlabeled,ChnSentiCorp_htl_all,5033
HTL_S1779,HTL_R00501,作为老的四星酒店，房间依然很整洁，相当不错。,,机场接机服务很好，可以在车上办理入住手续，节省时间。,0,,unlabeled,ChnSentiCorp_htl_all,501
HTL_S1780,HTL_R01553,建议酒店在安排两间以上客人房间时，南北朝向搭配好，就更好了。,对该酒店总体感觉良好，以后再到临安还可以入住该酒店。,,1,,unlabeled,ChnSentiCorp_htl_all,1553
HTL_S1781,HTL_R06747,我说，我过了3时来，你们就说我携程定房无效，但你们在网上的介绍说离火车站0.5公里，吹牛皮，这又怎么解释。,此人态度十分恶劣，他说，你过了时间就不是携程定的房，如果算携程的，我们要付给携程每天**元，我们亏大了。,他说网上的介绍不是他写的，他没有责任。,30,,unlabeled,ChnSentiCorp_htl_all,6747
HTL_S1782,HTL_R07077,"要不是飞机到达时间22点才不会选择此酒店,外面飞机的声音很大,隔音效果很差,房间也一般.",,"晚上有骚扰电话,下次不会选择.",0,,unlabeled,ChnSentiCorp_htl_all,7077
HTL_S1783,HTL_R06416,服务很一般房间还可以条件比较一般价格没竞争力,,,0,,unlabeled,ChnSentiCorp_htl_all,6416
HTL_S1784,HTL_R03786,安全周到早餐也越做越好所以连续住过几次都不想更换别的酒店价格也适中,,,0,,unlabeled,ChnSentiCorp_htl_all,3786
HTL_S1785,HTL_R06985,位置比较好，但条件一般，居然空调是单冷的，前台服务非常冷淡,,,0,,unlabeled,ChnSentiCorp_htl_all,6985
HTL_S1786,HTL_R06594,"隔音太差,值班人员整夜看电视的声音,吵得我一夜未睡,床单有异味不干净,早晨起来身上都是红疹,",,,0,,unlabeled,ChnSentiCorp_htl_all,6594
HTL_S1787,HTL_R07034,国际饭店虽然挂牌3星，但是设施和服务差了一些，而且携程提供的价格不大有竞争力，在另外一个酒店：梅林大酒店住过两次，前台的价格就256，设施比国际要好不少。,,另外：邯郸现在有个赵王宾馆刚刚盖了新楼，是4星的，已经开始营业，住过一次，够4星标准，应该是邯郸目前最好的宾馆，标间前台的价格384，建议携程联系下。,0,,unlabeled,ChnSentiCorp_htl_all,7034
HTL_S1788,HTL_R07164,预订的内容不能保证，我订的双人床房间成了双人大床房间！,隔音效果差3.,,4,,unlabeled,ChnSentiCorp_htl_all,7164
HTL_S1789,HTL_R04606,非常喜欢居家的感觉，尽管逗留的时间只有两天，很多设备都用不上，但全套餐具、厨具以及餐桌、餐椅和DVD、音响，这一切，都给我家的感觉。,,与酒店的感觉实在不一样。,0,,unlabeled,ChnSentiCorp_htl_all,4606
HTL_S1790,HTL_R01106,房间嘛，就是3星了，地板的。,就大堂来说勘比5星，虽然入口在一个弄塘里。,我住的那间卫生间在房间最里面，其中一张床都快顶着浴室门口了，人要斜着走出来，有一次脚趾头勾到床单，差点率一跤！,4,,unlabeled,ChnSentiCorp_htl_all,1106
HTL_S1791,HTL_R04552,大不了转嫁到房费里面好了,反正就200出头的酒店也是相当的不错了，就是一般房间不带早餐让人不解，钱也不多啊。。。。,,2,,unlabeled,ChnSentiCorp_htl_all,4552
HTL_S1792,HTL_R01108,地点很方便，房间很舒服，服务也很好，就是价格不便宜啊！,,,0,,unlabeled,ChnSentiCorp_htl_all,1108
HTL_S1793,HTL_R00943,位置繁华，挨着中信大厦（暂时是广州最高的楼），房间很舒服，服务也非常好。,非常好。,价格也相对便宜。,1,,unlabeled,ChnSentiCorp_htl_all,943
HTL_S1794,HTL_R00656,"该酒店服务较好,位置也较优越,但出租车大部分不知道怎么走.",,,0,,unlabeled,ChnSentiCorp_htl_all,656
HTL_S1795,HTL_R02146,由于延安路上在进行轨道交通的施工，所以交通情况不是很好，一开始叫车都不知道能不能在延安路上叫。,,刚进去感觉不是很好，有股味道，房间内也是。,0,,unlabeled,ChnSentiCorp_htl_all,2146
HTL_S1796,HTL_R06331,据说是电脑系统问题，造成半个多小时都没有办成入住，而且总是爱搭不理；2.,前台服务很差劲。,入住后，发现房间没有及时整理，催促了好几次；3.,3,,unlabeled,ChnSentiCorp_htl_all,6331
HTL_S1797,HTL_R07303,3，深夜12点有色情电话。,小卖部里的东西，市场5-8倍。,转天问服务员，他们说是一楼的美发，和他们没关系。,3,,unlabeled,ChnSentiCorp_htl_all,7303
HTL_S1798,HTL_R00545,基本设施可以，服务热情。,,早餐一般，但有江西特色。,0,,unlabeled,ChnSentiCorp_htl_all,545
HTL_S1799,HTL_R00010,我住的是特色标间，所谓特色，是有些类似家的感觉。,,寝具不是单调的白色，是条纹和大格子的，感觉很温馨。,0,,unlabeled,ChnSentiCorp_htl_all,10
HTL_S1800,HTL_R00687,一切还行，就是对通过网络预订的房间为什么就不能灵活一点，半天房都是合情合理的啊，尤其是换住连锁酒店更应该提供方便。,,,0,,unlabeled,ChnSentiCorp_htl_all,687
HTL_S1801,HTL_R01675,"以390元的价格入住,超值.",环境很好.,"客人称赞酒店很不错,我想这是每个入住客人的同感.",3,,unlabeled,ChnSentiCorp_htl_all,1675
HTL_S1802,HTL_R02415,"韶关有很多酒店,携程提供的太少","但如果是平日入住,性价比还算合理.",,3,,unlabeled,ChnSentiCorp_htl_all,2415
HTL_S1803,HTL_R01091,房间很干净，阳台也比较大。,交通很方便，从罗湖火车站直接可以坐地铁去，在世界之窗站下一出站就是了。,最喜欢就是里面的游泳池，很有威尼斯的特色，小朋友去就很喜欢了。,1,,unlabeled,ChnSentiCorp_htl_all,1091
HTL_S1804,HTL_R05966,选择浩海的理由：无不选择浩海的理由：房间隔音效果差；住了４天，停了２次电，反复打电话，才要来了一根蜡烛；浴缸是坏,,,0,,unlabeled,ChnSentiCorp_htl_all,5966
HTL_S1805,HTL_R05812,价格姑且不论，卫生是实在没有办法入眼的。,不过，对小吃的期望值千万不要太高，以免有上当受骗的感觉。,,6,,unlabeled,ChnSentiCorp_htl_all,5812
HTL_S1806,HTL_R01281,在文昌阁那边见到几家经济型酒店，感觉比较气派。,上周住了三天，酒店服务还不错，但感觉有些旧。,,1,,unlabeled,ChnSentiCorp_htl_all,1281
HTL_S1807,HTL_R03328,海滩：海岸的长度不是很长。,蚊虫很多，如果带着孩子，一定要做好防蚊准备。,海水不是很干净。,10,,unlabeled,ChnSentiCorp_htl_all,3328
HTL_S1808,HTL_R02408,"客房内毛巾清洁的不够专业,床和床上用品质量普通，3.","设施不豪华,只能算舒适,客房内的厨房如要使用另加30元一天,2.","客房内的保养做的不足,如睡房内的床头灯不能调节光度,4.",8,,unlabeled,ChnSentiCorp_htl_all,2408
HTL_S1809,HTL_R05783,网卡只有10M的连接速度。,破酒店上网慢的一踏糊涂。,什么年代了。,1,,unlabeled,ChnSentiCorp_htl_all,5783
HTL_S1810,HTL_R07753,浴室的龙头坏的，头天入住报修后，到第二天退房也没人修。,通过携程预定的，应含双早，可是，总台没给餐券，餐厅要收每人10元，才上餐。,浴帘脏得看不出本来的颜色。,2,,unlabeled,ChnSentiCorp_htl_all,7753
HTL_S1811,HTL_R06316,"而我入住后就去吃饭,怎么样都不肯让步,真郁闷!!!","唯一让我不爽的是,入住后不到一小时,因行程有变,要退房,竟然称收半天房租!!!",看来还是住石歧好了.,2,,unlabeled,ChnSentiCorp_htl_all,6316
HTL_S1812,HTL_R04783,"不错的酒店,去九华山很方便,比在山上动不动就5,6百的房间好多了.",,,0,,unlabeled,ChnSentiCorp_htl_all,4783
HTL_S1813,HTL_R00454,挺不错的，房间很敞亮，没有压抑感，看上去很干净，只是洗澡的地方有点小，不过水很大。,,,0,,unlabeled,ChnSentiCorp_htl_all,454
HTL_S1814,HTL_R03753,另外整个房间没有地毯，但卫生间的门口至少应该放一小块，用于吸水和洗澡后防滑和吸水。,不足之处是房间隔音太差，隔壁和走廊的动静听得一清二楚，而且隔壁吵到很晚，影响休息。,,3,,unlabeled,ChnSentiCorp_htl_all,3753
HTL_S1815,HTL_R05420,另外，协程给出的地址有误，是浔阳路，不是浔阳东路。,设施太陈旧，一股霉味，住店还收停车费，强烈不推荐。,,2,,unlabeled,ChnSentiCorp_htl_all,5420
HTL_S1816,HTL_R06609,硬件设施还可以，服务很‘好’，一个晚上竟然打了好几个电话上来问需不需要小姐服务。。。。。。,,,0,,unlabeled,ChnSentiCorp_htl_all,6609
HTL_S1817,HTL_R07552,总的来说非常不满意，明显是三星升为四星的酒店。,,588的房价，实在太不值。,0,,unlabeled,ChnSentiCorp_htl_all,7552
HTL_S1818,HTL_R03437,第一次来东营，第一次入住东胜海天，整体感觉还不错，很气派的大堂，服务和早餐都不错！,,嗯，值得推荐，下次出差还打算住这里。,0,,unlabeled,ChnSentiCorp_htl_all,3437
HTL_S1819,HTL_R06695,简单的说，当时是因为看到这个酒店07年新装修的，所以才选择他。,,不过，我想这辈子再也不会选这个酒店了，包括这个品牌。,0,,unlabeled,ChnSentiCorp_htl_all,6695
HTL_S1820,HTL_R02751,"那个廊灯确实很恐怖,半夜经常会亮起,还关不掉,问服务员,她说那灯就那样.",,晕,0,,unlabeled,ChnSentiCorp_htl_all,2751
HTL_S1821,HTL_R04477,我是帮两位外国客人定的江景房。,,客人的回馈还是不错的。,0,,unlabeled,ChnSentiCorp_htl_all,4477
HTL_S1822,HTL_R03162,"豪标与普标据说只是卫生间有点不同,但服务员都把豪标认作普标,你说是豪标她还说不是,而服务台说是,搞得不知道是不是给骗了.",,豪标淋浴头很大\水量也大\很舒服.,0,,unlabeled,ChnSentiCorp_htl_all,3162
HTL_S1823,HTL_R01344,CHECKOUT时看到别人同样房型才250元~~唉，看来携程还是赚了不少滴~~嘿嘿,酒店只有20楼是新装修的，感觉还不错，房间干净，没什么味道。,,1,,unlabeled,ChnSentiCorp_htl_all,1344
HTL_S1824,HTL_R00407,补充点评2008年7月2日：闫蕾小姐的服务非常好。,下次还会入住.,,3,,unlabeled,ChnSentiCorp_htl_all,407
HTL_S1825,HTL_R00223,非常不错的酒店已经多次入住,,,0,,unlabeled,ChnSentiCorp_htl_all,223
HTL_S1826,HTL_R07563,"房间里还算干净,就是噪音太大,价格相对来说还是贵的",早餐很一般.,,1,,unlabeled,ChnSentiCorp_htl_all,7563
HTL_S1827,HTL_R05344,"房间没空调,冷得要死,而且被子很潮.","出差入住的酒店,订了个三人间.","火车站旁,步行可到.",1,,unlabeled,ChnSentiCorp_htl_all,5344
HTL_S1828,HTL_R06762,怎么看都是个要倒闭的招待所，虽然只有300多的价格，但还是不值。,,但这是个离殷墟很近的住所。,0,,unlabeled,ChnSentiCorp_htl_all,6762
HTL_S1829,HTL_R05686,酒店周末都系学生情侣入住，噪音实在恐怖，发现很多学生在前台的价格系120元哦.,,环境，设施实在系太差了!,0,,unlabeled,ChnSentiCorp_htl_all,5686
HTL_S1830,HTL_R06134,第三次入住该酒店，以前的经历都还可以，所以一直都选择该酒店，不过这次遇到了不能刷卡，感觉是酒店为了节约手续费故意的，幸好现金有结余，不然真的很麻烦，下回不想住了。,,,0,,unlabeled,ChnSentiCorp_htl_all,6134
HTL_S1831,HTL_R07510,建议携程不要跟他家合作，会影响携程的声誉。,以后就算是免费都不住了。,,4,,unlabeled,ChnSentiCorp_htl_all,7510
HTL_S1832,HTL_R02260,自助餐不错，喜欢吃里面烫熟的青菜，很嫩。,房间整洁规范，看得出在管理上下了一番功夫。,不过价格也是五星级的价格。,1,,unlabeled,ChnSentiCorp_htl_all,2260
HTL_S1833,HTL_R05203,酒店唯一另人不太满意的地方就是房间内设施比较陈旧，不过洗手间是很不错的，有一个单独的沐浴间。,出酒店不远的地方就是沙滩，酒店不远处也有7-11（24小时便利店），小超市（里面有新鲜的水果卖），还有一个吃东南亚菜的餐馆，名字不记得了。,如是你是一家去HK渡假，选这间酒店，一定错不了。,4,,unlabeled,ChnSentiCorp_htl_all,5203
HTL_S1834,HTL_R00471,酒店是比较老的四星，设施都比较陈旧，房间也很小，健康秤还是坏的，总体感觉一般，但价格还是按照新四星来的，所以感觉不是很值。,,,0,,unlabeled,ChnSentiCorp_htl_all,471
HTL_S1835,HTL_R05541,8月份为签证，入住该旅馆，也许是首都北京吧，260元一夜，只会想住一次的，一切都是那么旧，好像260元钱不是钱似的。,,,0,,unlabeled,ChnSentiCorp_htl_all,5541
HTL_S1836,HTL_R02703,房间的窗户不隔音，晚上会比较吵。,酒店在闹市区，大床间不多，服务生的态度很好，见到客人都会微笑致意。,,1,,unlabeled,ChnSentiCorp_htl_all,2703
HTL_S1837,HTL_R06271,房间较小，配置一般，如家越来越差，如果不在现在基础上加以提高，不出几年就要找不到了，现在只想赚加盟费去了吧？,,,0,,unlabeled,ChnSentiCorp_htl_all,6271
HTL_S1838,HTL_R05503,"挺一般的酒店,酒店门口的马路挺吵的,性价比不高,不值得推荐",,,0,,unlabeled,ChnSentiCorp_htl_all,5503
HTL_S1839,HTL_R07653,当然如果对房价没有要求的话还是世贸比较好.,性价比上(价格和房间的内饰)远远比不上中振和华庭.,,12,,unlabeled,ChnSentiCorp_htl_all,7653
HTL_S1840,HTL_R04933,地段不错，比较闹中取静的，就是出租车比较难叫，好在门口的服务员会帮你叫，总体感觉不错，房间也比较大,,,0,,unlabeled,ChnSentiCorp_htl_all,4933
HTL_S1841,HTL_R06347,宾馆反馈2008年6月5日：尊敬的客人您好，您的一翻话犹如一声响雷，给了我们很大的触动，也让我们更深刻的明白了100-1=0的服务内涵。,彻底败给他。。。,在此，我们对由于我们工作不到位给您带来的不快向您表示慎重的道歉！,9,,unlabeled,ChnSentiCorp_htl_all,6347
HTL_S1842,HTL_R02169,补充点评2008年4月15日：怎么系统给打了4分，我觉得至多值个3分。,卫生间设施比较陈旧。,,3,,unlabeled,ChnSentiCorp_htl_all,2169
HTL_S1843,HTL_R03610,空调再稍微暖一点就更好了。,服务态度不错。,,2,,unlabeled,ChnSentiCorp_htl_all,3610
HTL_S1844,HTL_R02060,"房间挺大,条件也可以,就是通过携程无早餐,自订狂贵,而且价格也多变,一会收30,一会收48,各部门之间又缺乏联系,送的软饮,结帐时有要收费,软件服务要跟上,不过总体还可以.",,,0,,unlabeled,ChnSentiCorp_htl_all,2060
HTL_S1845,HTL_R00743,"酒店位置稍偏,但不愧是从前的香格里拉,硬件和服务还是不错的,提供的婴儿床很棒,就是上网宽带还要收费,不太符合国际潮流",,,0,,unlabeled,ChnSentiCorp_htl_all,743
HTL_S1846,HTL_R06502,"我说那今天气转热了,都快三十度,是否可以开冷气,他又说现在是晚上,所以不能开,要白天才方便开.","我打电话找他们,他们的理由是天气不热,前几天都下雨,很冷,所以关了.","我又说,那我今晚忍忍,忍到明天,请明天开冷气行吗.",4,,unlabeled,ChnSentiCorp_htl_all,6502
HTL_S1847,HTL_R05399,这是我在携程定过的酒店中最差的，价钱又贵，以后不会再住了。,,,0,,unlabeled,ChnSentiCorp_htl_all,5399
HTL_S1848,HTL_R05527,"该酒店338元/标间价格绝对不值,不知道航空酒店定价标准是什么.",,"马桶根本没有消毒,前天晚上入住,用了马桶之后,屁股立马骚痒,到现在还没有消退.",0,,unlabeled,ChnSentiCorp_htl_all,5527
HTL_S1849,HTL_R05425,这家酒店以前未觉得有什么，最近入住两次非常郁闷。,,第一次，我定了一天，第二天居然酒店前台经理说不能续住，第一次遇见，携程还帮酒店说话。,0,,unlabeled,ChnSentiCorp_htl_all,5425
HTL_S1850,HTL_R02424,周围吃饭，消费，酒吧等都很方便。,缺点是此楼是商务用房，很多小公司在里头，还住了不少学生，高峰期间电梯有点繁忙，半天不到，晚上有骚扰电话，网速比较慢。,,2,,unlabeled,ChnSentiCorp_htl_all,2424
HTL_S1851,HTL_R07348,房间比较陈旧，没有无烟层，商务间和会议室在一起，白天环境很差，早餐非常简陋，服务态度先不说，单就服务质量而言就很不令人满意，客人大部分都是国内来开会的，不推荐个人旅行者入住。,,,0,,unlabeled,ChnSentiCorp_htl_all,7348
HTL_S1852,HTL_R03613,周围环境还可以，购物方便。,,房间也是不错，当时我预定的商务间，就是考虑上网方便。,0,,unlabeled,ChnSentiCorp_htl_all,3613
HTL_S1853,HTL_R04608,不适合商旅出行，居家旅游倒是还可以，可以做饭、烫衣服，还有洗衣机，酒店挺干净，设施也比较齐全。,离店时开发票，服务员竟告知用完了。,,2,,unlabeled,ChnSentiCorp_htl_all,4608
HTL_S1854,HTL_R01794,房间很干净整洁，自助早餐非常超值。,是花园式的酒店，建在山上，环境非常优美，硬件设施配置是4星接近5星的标准了。,该酒店还有别墅房间，适合公司集体出行，不过价格也不菲啊。,3,,unlabeled,ChnSentiCorp_htl_all,1794
HTL_S1855,HTL_R06217,"对不熟悉成都的人来说对会，不过后来得知成都有许多产权式公寓酒店，才138,比它强多了！",另外，一楼手机是没有信号的，不知道其它楼层怎么样？,,2,,unlabeled,ChnSentiCorp_htl_all,6217
HTL_S1856,HTL_R06464,"除了位置的优势,房间,服务都很一般.",,.,0,,unlabeled,ChnSentiCorp_htl_all,6464
HTL_S1857,HTL_R02416,另外碰巧有会议召开，停车场也差不多满位了。,泳池、羽毛球场等设施看来是时候保养或更新一下了。,,3,,unlabeled,ChnSentiCorp_htl_all,2416
HTL_S1858,HTL_R05419,说了这么多，该如何选择，大家应该很清楚了吧。,"提醒一点，携程协议上""欣燕都""是没宽带的，但实际现在""欣燕都""是有的。",（感觉自己像枪手似的，呵呵）另外，也希望护国寺宾馆能向竞争对手学习，好好改善改善。,15,,unlabeled,ChnSentiCorp_htl_all,5419
HTL_S1859,HTL_R04007,此次我在雅客滨江住了13个晚上，订的是城市景观房的高层。,,以下是我的感受：一，在上海这是一家性价比非常高的酒店。,0,,unlabeled,ChnSentiCorp_htl_all,4007
HTL_S1860,HTL_R05744,房间巨小，电视成了摆设，开不了，服务员态度冷漠。,,以后不会再进这家酒店,0,,unlabeled,ChnSentiCorp_htl_all,5744
HTL_S1861,HTL_R05568,走廊上极噪估计是乌合之众的住所根本没睡好害得我考试时候晕糊糊的,,,0,,unlabeled,ChnSentiCorp_htl_all,5568
HTL_S1862,HTL_R05851,我顿时后悔定在这么个地方！,我在登记入住时，听到一名像是管理人员的人和另一名导游说：“这点小事，让他们投诉好了。”,如果携程的评分还有0分的话，我一定全部给他们打0分。,3,,unlabeled,ChnSentiCorp_htl_all,5851
HTL_S1863,HTL_R00678,环境非常好的，服务也好。,这次的价格比以前贵一点，但是还是客户来住的首选。,出了门口的服务生呆呆的，其他都赞。,1,,unlabeled,ChnSentiCorp_htl_all,678
HTL_S1864,HTL_R07508,严重不复合所谓的4星标准，周围环境空气较差，最麻烦空调系统的冷气夹杂浓重的烟味，不开窗简直没法生存。,性价比太差了！,,1,,unlabeled,ChnSentiCorp_htl_all,7508
HTL_S1865,HTL_R04817,前台服务态度很好，很热情，业务熟练。,这是距离大连火车站最近的酒店。,就是退房的时候，查房比较慢，人多的时候，要多等几分钟。,5,,unlabeled,ChnSentiCorp_htl_all,4817
HTL_S1866,HTL_R05855,早餐还是很丰富的，下次不会住了，性价比不高。,房间设施陈旧，服务一般，由于中午到的酒店，网络调试需要帮助，居然说中午人都休息了，得等1点以后上班，靠。,,1,,unlabeled,ChnSentiCorp_htl_all,5855
HTL_S1867,HTL_R05731,长途电话应该是IP的，收费0.8元/分钟。,早餐较差。,补充点评2007年12月25日：洗澡水不是很大。,2,,unlabeled,ChnSentiCorp_htl_all,5731
HTL_S1868,HTL_R04179,"昨日再次入住五洲,总体感觉很好,各方面服务都很到位,特别是客房服务员的拾金不昧精神让我印象最为深刻,下次到石狮出差,依然会首选五洲.",,,0,,unlabeled,ChnSentiCorp_htl_all,4179
HTL_S1869,HTL_R04559,近日亲临，确实不错，较泉州的其他高星级酒店舒适,,,0,,unlabeled,ChnSentiCorp_htl_all,4559
HTL_S1870,HTL_R05443,房间很大味道，服务差，态度差，房单设施差~~永远不会再去了。,,差就一个字,0,,unlabeled,ChnSentiCorp_htl_all,5443
HTL_S1871,HTL_R04823,当地最好的酒店，房间环境都很好，地理位置稍微欠缺一点，下次还会入住。,,,0,,unlabeled,ChnSentiCorp_htl_all,4823
HTL_S1872,HTL_R02710,交通便利，从酒店去大巴扎只要起步价就到了。,,房间也舒适，就是隔音不怎么好，隔壁声音听得见，正好碰上隔壁打牌，同前台打电话后，前台派人跟隔壁说了，就不吵了。,0,,unlabeled,ChnSentiCorp_htl_all,2710
HTL_S1873,HTL_R01306,"的确,因近期酒店新员工较多,在服务意识上还有待提高,需进一步加强培训,学会站在客人的角度换位思考问题.","硬件不错，相对于223的房价，绝对性价比一流；但是软服务还有待改善，特别是有非正常情况发生时要多从客人角度考虑宾馆反馈2008年7月25日：首先,感谢您的宝贵意见.","真诚的希望您下次再到我酒店来,感受一下我们酒店的其他房间,如健康单间,商务标间,豪单,豪标等.",1,,unlabeled,ChnSentiCorp_htl_all,1306
HTL_S1874,HTL_R01416,"有免费的游泳池很不错,但游泳池不太好找,而且去的路上要小心台阶,本人就不小心拌倒了,因为没有明示,这点酒店做的不到位.","去的时候打表被出租车司机黑了,后来知道了,到郑州打车可以讲价的,机场到中州皇冠90元足够了,如果是坎价高手估计80也能下来吧.",,2,,unlabeled,ChnSentiCorp_htl_all,1416
HTL_S1875,HTL_R05552,还有他们竟然没有提供喝水的杯子，只有卫生间内漱口的杯子。,中式房间里的灯忽闪忽暗的，卫生间里的问题一样。,走廊内的地毯上有的留下了大块油迹一样的脏处。,4,,unlabeled,ChnSentiCorp_htl_all,5552
HTL_S1876,HTL_R06563,"这个酒店有点慌的,下次不大会去住拉.",,呵呵,0,,unlabeled,ChnSentiCorp_htl_all,6563
HTL_S1877,HTL_R05975,"酒店噪音太利害,几乎没有隔音设施不符合环保要求.",,且酒店的负责人态度恶劣不以客人利益考虑.,0,,unlabeled,ChnSentiCorp_htl_all,5975
HTL_S1878,HTL_R01575,不愧是westin，房间就不用说了，游泳池啊roomservice都很不错！,,卫生间很大！,0,,unlabeled,ChnSentiCorp_htl_all,1575
HTL_S1879,HTL_R04780,提醒如果自驾去九华，进山门票与汽车进山票都可以登记二次使用的，即第一日出山时，在门口登记身份证，第二日凭身份证再次入内，不要再次买票。,四星房间比较干净早餐品种太少服务员态度还算不错且动作较快住宿收停还车费比较不爽距离九华山还有段距离，而且来回都要收过路费，郁闷住在这里吃饭问题太难解决，青阳的大饭店没见到，小饭店脏且品种少。,,1,,unlabeled,ChnSentiCorp_htl_all,4780
HTL_S1880,HTL_R06834,酒店自助早餐要180一份，好像携程上写的是50元啊酒店服务很差，第二天早上下雨，要求门童出去叫辆出租车，得到的回复居然是下雨天他们不出去给客人叫车。。。,,其它方面如房间或环境很一般，价格确标得老高，总之，性价比太低了，以后肯定不会再订这家了。,0,,unlabeled,ChnSentiCorp_htl_all,6834
HTL_S1881,HTL_R03945,早餐品种丰富，味道也好，孩子胃口大开。,真是不错的酒店，装修风格简洁，明快，尤其是豪华房大气，整洁，洗漱台设计新颖。,酒店还有一个特色，楼层设置的书吧，在酒店中较为少见，为酒店增添了文化气氛。,1,,unlabeled,ChnSentiCorp_htl_all,3945
HTL_S1882,HTL_R04091,热水器没法说了，洗一半热水就没了，后面烧2个小时水都不热，换了房间还是如此，烧了一整夜第二天早上才有澡洗，我想我不会再去那了。,环境还可以，就是空调太差，没什么温度。,,1,,unlabeled,ChnSentiCorp_htl_all,4091
HTL_S1883,HTL_R00895,酒店周边很多不错的小饭店。,4.,5.,7,,unlabeled,ChnSentiCorp_htl_all,895
HTL_S1884,HTL_R05734,"宽带慢的让我想起""猫""的时代!","总台服务员从我来到走,一直没笑过,很酷!","中央空调的声音轰隆隆,热闹!",1,,unlabeled,ChnSentiCorp_htl_all,5734
HTL_S1885,HTL_R06420,"酒店价格单间在200--220元,比较合适也比较接近酒店的装修档次.","总体来说还比较满意,但主要的是临街,窗户的隔音效果不好.",,1,,unlabeled,ChnSentiCorp_htl_all,6420
HTL_S1886,HTL_R06680,终于发现酒店没有被淘汰的原因，因为地处中心地段，第三产业相当的发达。,,,0,,unlabeled,ChnSentiCorp_htl_all,6680
HTL_S1887,HTL_R01551,另外在临安市是第一高楼了。,另外总结一句，携程的介绍还是比较符合实际的。,大概在20层！,4,,unlabeled,ChnSentiCorp_htl_all,1551
HTL_S1888,HTL_R07117,我有一个东西可能拉在了酒店，晚上打电话问他们，说服务员下班了，要我第二天再问，然后我留了手机，他们说第二天上午打电话给我。,2、服务态度极差。,结果第二天到中午也没有人打电话给我，我又去问，然后前台说昨天晚上没有留下我的信息，再让客房部去查，十分钟后给我电话。,2,,unlabeled,ChnSentiCorp_htl_all,7117
HTL_S1889,HTL_R07362,单人间太小了，居然要350元/天，杀猪呀！,,,0,,unlabeled,ChnSentiCorp_htl_all,7362
HTL_S1890,HTL_R02119,"关于前台服务:现在通过CTRIP预订是免上网费和正常服务洗衣费,但打单子出来就要客人付款,被质疑之后推脱为工作失误,该事已经有人在这里点评过,又被我碰到,因此可以怀疑其诚信.","房间比较新,面积还算可以的,也很安静.",,1,,unlabeled,ChnSentiCorp_htl_all,2119
HTL_S1891,HTL_R06184,建议：5楼以上是加层建筑，里面有大半房间都是简单装修，尽量要求给你下面楼层的房间。,第二天早上，发现车胎上被扎了3个钉子，轮胎全瘪了，除了宾馆报复外，不晓得在这人生地不熟的地方我会有什么仇家？！,,4,,unlabeled,ChnSentiCorp_htl_all,6184
HTL_S1892,HTL_R06814,临近淘宝街，人人乐购物超市，比较方便。,2.,建议：希望携程将酒店的信息表述的更加详尽，无论是缺点还是优点。,8,,unlabeled,ChnSentiCorp_htl_all,6814
HTL_S1893,HTL_R01760,不过整个酒店还算比较中规中矩。,豪华大床间的床不够大，三口之家如果孩子大一点是有点拥挤的。,客房也干净，服务员也很客气。,2,,unlabeled,ChnSentiCorp_htl_all,1760
HTL_S1894,HTL_R01055,"员工的服务态度也很好,效率很高.","这个饭店的位置非常好,我来出差办事,无论是去行政机关,还是去客户公司都很方便.","我认为这个饭店很新,可它仍在不断的装修完善,足可见饭店的重视和集团的雄厚实力.",1,,unlabeled,ChnSentiCorp_htl_all,1055
HTL_S1895,HTL_R02271,房间很好，环境也不错，只是个别房间太靠游乐场，早上想睡懒觉会被游乐场的机动游戏声吵醒。,,,0,,unlabeled,ChnSentiCorp_htl_all,2271
HTL_S1896,HTL_R06720,服务也很不专业，早上8点多退房，竟然找不到服务员查房，而前台也绝不通融，一定要等到查房结束才肯办理退房手续，让人特别不爽的是整个过程中，前台一直在打手机，结果退房用了20多分钟。,客房的设施很一般，毛巾黑乎乎的，特别是壁挂式空调的制热性能很差，在这个时节的拉萨是很要命的。,早餐也够可怜的，好像只有馒头。,2,,unlabeled,ChnSentiCorp_htl_all,6720
HTL_S1897,HTL_R01386,广交会期间没有免费饮料吧了，没有免费长途电话了，可还是想来住~~不过，广交会结束了以后还是没有恢复之前635送100元代金券，饮料吧免费，及免费长途电话的服务，有点想不通。,,有段日子没去了。,0,,unlabeled,ChnSentiCorp_htl_all,1386
HTL_S1898,HTL_R07636,后来我们要求前台给我们换房间，换楼层，换了以后味道有相对的减轻但是还是有一点味道，挥之不去。,这是我见过最垃圾的如家，前台服务还过得去，但是房间完全让人无法接受，从电梯出来开始楼层的走道甚至房间都有一股很难闻的味道，就好像地沟油的味道，打开窗户1个小时味道都没有消失，让人昏昏沉沉头疼难受。,一个晚上我们都是开着窗户和空调睡觉的，第二天天一亮我们就退了房间。,1,,unlabeled,ChnSentiCorp_htl_all,7636
HTL_S1899,HTL_R02156,"位置就在山脚下,绕过水库左转就上山了.","感觉比住在山上好,因为有水.","到山脚5公里,上山23公里路.",2,,unlabeled,ChnSentiCorp_htl_all,2156
HTL_S1900,HTL_R03304,房间比较大，但是酒店的附属设施洗浴中心虽说楼层比较多，但是基础设施太差，只有淋浴和桑拿，连浴池,,,0,,unlabeled,ChnSentiCorp_htl_all,3304
HTL_S1901,HTL_R01213,在软件，他都挑不出毛病来，还有什么可说的。,上海人是挑剔的，上海做酒店的人更挑剔，老公这2条都占了。,四星的酒店，设施有点老了，但五星的服务。,1,,unlabeled,ChnSentiCorp_htl_all,1213
HTL_S1902,HTL_R07249,"有纯净饮用水口，但是坏了,也不配给免费矿泉水。",这个酒店，隔音太差，都是用木板隔的。,房间设置也是不好的。,1,,unlabeled,ChnSentiCorp_htl_all,7249
HTL_S1903,HTL_R00642,还是老宾馆好，闹中取境，环境很好，服务也好，这次春节去住，不小心把皮夹掉在宾馆，退房离开后收到宾馆来电，最后完璧归照，感觉非常好！,,以后去一定还住那里,0,,unlabeled,ChnSentiCorp_htl_all,642
HTL_S1904,HTL_R05197,香港的酒店在面方面就不需要求什了家酒店施已比了，不交通比方便的服方面尚可,,,0,,unlabeled,ChnSentiCorp_htl_all,5197
HTL_S1905,HTL_R05413,"我希望携程能多去找找性价比高的酒店,我是冲着四星去的,结果房间里是我想象不到脏乱差,首先进去一股很大的烟味象是前面入住的客人刚走没有来得及清洗,第二马桶的水下不去,淋浴的喷头及龙头是坏的,叫服务员换房间,前台却说你自己下来换,不知道整个邢台市还有有别的好酒店,我都服了,下次不去住了好在携程的服务还好,价格比前台问的便宜!",,,0,,unlabeled,ChnSentiCorp_htl_all,5413
HTL_S1906,HTL_R05501,房间太小，无电梯，周围环境还可以，但正在修路，非常嘈杂,,,0,,unlabeled,ChnSentiCorp_htl_all,5501
HTL_S1907,HTL_R07027,与420元豪华房间价格及4星级酒店标准差距太大。,院内停车要交费，房间小，装修档次低，房间床和电视机等档次太低，卫生间小且配套用品品种少档次低。,如果挂牌4星，山东旅游局相关人员肯定受贿了。,2,,unlabeled,ChnSentiCorp_htl_all,7027
HTL_S1908,HTL_R00008,酒店一楼有小卖部，周围基本没有超市。,银河广场离酒店有一段距离，打车9、10元吧，银河广场边上有“科丽珑”24小时营业的超市。,这次住正赶上有几家公司在这里开会，有时楼道里略吵，晚上还有几次有人敲错门，理论上与酒店管理没关系吧。,16,,unlabeled,ChnSentiCorp_htl_all,8
HTL_S1909,HTL_R07316,空调没有遥控器，就是个摆设，晚上要穿衣服睡觉。,房间破旧，电视无法正常观看，卫生间连厕纸都不给准备，还要自备。,服务质量很差！,1,,unlabeled,ChnSentiCorp_htl_all,7316
HTL_S1910,HTL_R05883,"房间残旧不堪,还有异味.","垃圾,服务生爱理不理.","酒店最少有20年历史,资料打是开业两年?",1,,unlabeled,ChnSentiCorp_htl_all,5883
HTL_S1911,HTL_R05362,酒店位置不是很理想，去金元购物中心还是蛮近的，大约10分钟车程，我入住的是448的房间，正赶上卫生部开会，人很多，另外，2个房间之间有一扇门，隔音效果特别不好，半夜时被隔壁的亲热声吵醒，晕,,,0,,unlabeled,ChnSentiCorp_htl_all,5362
HTL_S1912,HTL_R07460,环境不太好，大堂灯光也不行，没开几个灯，一进门感觉挺暗的。,,,0,,unlabeled,ChnSentiCorp_htl_all,7460
HTL_S1913,HTL_R01849,您提出的第三点意见，饭店非常重视，也已让安全部加强管理工作，尽量避免在酒店门口出现这种现象。,宾馆反馈2008年7月25日：尊敬的宾客，非常感谢您选择入住我们酒店并提出了那么多宝贵的意见。,至于房间问题，应该和装修风格有关系，而价格的确是根据房型来定的。,14,,unlabeled,ChnSentiCorp_htl_all,1849
HTL_S1914,HTL_R07345,服务也不够四星级，门卫冷漠地看着我提着行李来，拖着行李走，估计不叫到头上估计不会主动帮忙。,电梯里的地毯好像已经洗不出来原色了，房间里也别想找到一尘不染的感觉。,客房服务也不敢恭维，我半夜三点钟才入住的，结果纲要睡下服务员就来敲门，给我送水和一次性用品。,5,,unlabeled,ChnSentiCorp_htl_all,7345
HTL_S1915,HTL_R07087,设施非常旧，周边环境也不好，最奇怪是房间内没有暖气，只有挂壁空调，要知道，这种空调室外-5度时候，不会工作的，洛阳可是在淮河以北了。,,,0,,unlabeled,ChnSentiCorp_htl_all,7087
HTL_S1916,HTL_R05543,房间设备比较陈旧，没五星标准客人非常不满意,,,0,,unlabeled,ChnSentiCorp_htl_all,5543
HTL_S1917,HTL_R03202,"很老的五星了,客观的说也许曾经无愧于这个头衔,可现在看到的实在是有些落伍了,强烈建议重新装修和更换新的设施了,不过服务还是很好的,当得知我们的不满意后,经理主动地给我们做了房间的升级.",,.,0,,unlabeled,ChnSentiCorp_htl_all,3202
HTL_S1918,HTL_R07672,房间很小，与行政间的名字不符。,,另外这家酒店的按摩可千万不能叫，超级黑！,0,,unlabeled,ChnSentiCorp_htl_all,7672
HTL_S1919,HTL_R05889,整个就是接待旅游会议团队的只顾赚钱的宾馆。,只有嘈杂的人声。,早上吃饭更是乱。,4,,unlabeled,ChnSentiCorp_htl_all,5889
HTL_S1920,HTL_R05720,所以咯下次不再订这个酒店了！,帮朋友订的，反馈说不好！,,1,,unlabeled,ChnSentiCorp_htl_all,5720
HTL_S1921,HTL_R04153,距离市区比较远，房间还算干净，设施一般，但是对于这个价格，在天津还是不时很实惠的，早餐价格高，而且食物不好吃,,,0,,unlabeled,ChnSentiCorp_htl_all,4153
HTL_S1922,HTL_R05335,环境太差，服务员素质很差，房间连衣架都没有。,位置尚可，离孔府孔庙很近，可以步行过去。,价格没有吸引力，比相距20米的国际青年旅舍差的太远，那里不仅价格便宜，而且卫生整洁，可以结认一些自助游的同行人，还可以自助洗衣。,1,,unlabeled,ChnSentiCorp_htl_all,5335
HTL_S1923,HTL_R06879,"游泳池不错,其他很一般,房间设施差,房间太小,不过价格很便宜,属于一般选择.",,,0,,unlabeled,ChnSentiCorp_htl_all,6879
HTL_S1924,HTL_R05876,标准B间房间在一楼，较小，这倒无所谓，房间里异味较重，这也罢了，关键在于房间里闹鼠患！,40分钟后如果不是我主动去问，也没人来通知你可以入住了，也许又是40分钟！,半夜2：30厕所里一声巨响，一看是厕所吊顶掉下来一块，小水泥块掉了一地，一只硕大的老鼠掉了下来，在房间里蹿了一圈后又爬了回去，第一次在宾馆里碰到这种情况，实在扫兴！,2,,unlabeled,ChnSentiCorp_htl_all,5876
HTL_S1925,HTL_R07337,但是最近两次住那里两晚以上，结果酒店每次都给携程说我只住了1晚就离店了，太不象话了，影响我的积分。,这个酒店到还可以。,酒店使这点小心眼，太不应该了！！！,1,,unlabeled,ChnSentiCorp_htl_all,7337
HTL_S1926,HTL_R06186,这么老的酒店还不装修一下，估计不会有回头客。,因为去的时候较晚，所以有点饿，结果在房间找了半天，只找了一个空荡荡的摆设冰箱。,好的一点是环境不错，但在海南，像这种花园式的宾馆还是不少的，并不构成特色。,2,,unlabeled,ChnSentiCorp_htl_all,6186
HTL_S1927,HTL_R03074,去年无意中帮朋友预定过一次这个酒店，后来朋友每次来都要我预定这个酒店，我自己住过一次，也觉得感觉还不错，出行也很方便。,,,0,,unlabeled,ChnSentiCorp_htl_all,3074
HTL_S1928,HTL_R06246,携程订单上写明：“房型特点：一张1.3*2，另一张1.1*2米，无法加床全部房间有免费宽带”，实际入住后见到的房间是我所见过的最小的标准间，两个床尺寸相同，床的两边均靠着墙，没有一点多余的空间，甚至连放行李的地方也没有，更不要提什么橱了，跟酒店提出与所订房间不同，他们说我们订的房间空调坏了，只能换这个房间，价格一样。,,我不知道这是酒店的欺诈还是携程的欺诈，我要求得到赔偿。,0,,unlabeled,ChnSentiCorp_htl_all,6246
HTL_S1929,HTL_R00831,也是我在类似住房价位吃的最差的一次早餐;其他:checkin的mm值得表扬.,"和价位类似的酒店例如梅园相比,有很大差距.","携程电话订后10分钟到酒店,酒店尚未收到传真.",5,,unlabeled,ChnSentiCorp_htl_all,831
HTL_S1930,HTL_R07643,唯一好的就是在风景区内了~,"给父母订的~回来说房间远不及盛华的,早餐也不行.",,1,,unlabeled,ChnSentiCorp_htl_all,7643
HTL_S1931,HTL_R04493,"唯一缺点是前台的退房服务不好,服务员为了自己办公方便,居然让客人自己提着行李从一个柜台挪到另外一个柜台.","硬件设施没的说,房间豪华气派.","而且结帐过程中,还不时要停下来应付别的服务,一点都不尊重面前的客人.",1,,unlabeled,ChnSentiCorp_htl_all,4493
HTL_S1932,HTL_R05948,不过即使再住一定要住新楼。,图了离火车站近，不能太苛求。,老楼好像属于文物一类，伪满时期建的？,1,,unlabeled,ChnSentiCorp_htl_all,5948
HTL_S1933,HTL_R06365,正月初四带女儿入住横店国贸大厦，感觉很不好。,,一是旧。,0,,unlabeled,ChnSentiCorp_htl_all,6365
HTL_S1934,HTL_R00517,酒店住得还是很舒服，细节之处仍需改进，比如浴室和房间之间墙上的大窗，玻璃很漂亮，但可否考虑加装百叶窗帘，不然房间里有访客就不方便用洗手间了。,这次入住房间里有水果送，不知是不是商务间的缘故。,这次餐厅到了晚上8点没有熄灯，好像还在继续营业，不知是不是上次提的意见起了作用，如是应该赞一个。,2,,unlabeled,ChnSentiCorp_htl_all,517
HTL_S1935,HTL_R06705,我就奇怪这种人怎么居然没有被辞退。。,还叫我等会。。。,,9,,unlabeled,ChnSentiCorp_htl_all,6705
HTL_S1936,HTL_R00762,"补充点评2007年9月4日：房屋价格适中,但是协程预定没有价格优势,该酒店前台价格与协程一样.",早餐一般.,,4,,unlabeled,ChnSentiCorp_htl_all,762
HTL_S1937,HTL_R00505,想去参观时间又短的人可以选择这里.,酒店离将军行署很近.,,2,,unlabeled,ChnSentiCorp_htl_all,505
HTL_S1938,HTL_R04958,一般设施不错，其他一般早餐也不错,,,0,,unlabeled,ChnSentiCorp_htl_all,4958
HTL_S1939,HTL_R05662,"请大家擦亮双眼,千万不要住这家酒店.","奇怪的是,这样差的酒店居然好评如潮???",,2,,unlabeled,ChnSentiCorp_htl_all,5662
HTL_S1940,HTL_R05936,"房间老旧,床单在要求下才更换了一张干净的,明明有双人房,前台却告之只有豪华套间.",,"服务员以为客人听不懂广东话,私下里说:他订了套房不能给她改,真是岂有此理!",0,,unlabeled,ChnSentiCorp_htl_all,5936
HTL_S1941,HTL_R02943,我住的那个房间的隔音不是太好。,这次来的比较晚，出去吃饭不太方便，就在酒店的餐厅吃的海鲜自助，还可以，不过感觉价格稍微偏高了一点。,,1,,unlabeled,ChnSentiCorp_htl_all,2943
HTL_S1942,HTL_R02479,最主要是从酒店到外面的交通，很不方便。,酒店的早餐不好，管理也不太专业。,外面的出租车漫天要价，随便拒载。,2,,unlabeled,ChnSentiCorp_htl_all,2479
HTL_S1943,HTL_R00444,房间内的设施还不错，只是七成新吧，跟蓝天酒店比还差些。,服务也还可以，但也没留下特深刻的印象。,早餐我觉得不比三十八的好多少，可是却要六十八元。,2,,unlabeled,ChnSentiCorp_htl_all,444
HTL_S1944,HTL_R04907,这家酒店还不错，房间比较干净，服务也还不错，性价比较高，推荐！,,,0,,unlabeled,ChnSentiCorp_htl_all,4907
HTL_S1945,HTL_R04605,"有一点酒店一定要尽快处理的:洗手间如地上有水,非常容易滑倒.","服务员热情有礼,入住和退房都很快捷.",,2,,unlabeled,ChnSentiCorp_htl_all,4605
HTL_S1946,HTL_R03398,酒店位置很好，出行打车非常方便，很不错的公寓式酒店。,,特别是行政楼，边吃早餐即可把房退了，很方便，不用上上下下赶。,0,,unlabeled,ChnSentiCorp_htl_all,3398
HTL_S1947,HTL_R02376,checkin排队有半个多钟头，居然说找不到我名字，看了半天说原来预定的是英文的，给身份证就找不到对应的中英名字了。,海景么不谈了，看黄浦江还更漂亮点。,没学过拼音的说。,3,,unlabeled,ChnSentiCorp_htl_all,2376
HTL_S1948,HTL_R07598,隔壁的南国大酒店看上去不错。,房间小得不像话，早餐差得不像话，绝对不会再光顾。,晚上想在酒店的餐厅吃饭，结果人家办婚宴，谢绝散客，郁闷！,1,,unlabeled,ChnSentiCorp_htl_all,7598
HTL_S1949,HTL_R06911,档次太低，房间太小，设施太差，一台电梯。,,,0,,unlabeled,ChnSentiCorp_htl_all,6911
HTL_S1950,HTL_R06301,"建议大家以后千万别住,离银滩很远很远!",没见过这么差的四星酒店!,"环境也很一般,服务就差得没法提了!",1,,unlabeled,ChnSentiCorp_htl_all,6301
HTL_S1951,HTL_R06914,房间满干净的，入住时态度也不错，但是有一件事的却改变了我对此酒店的印象，因为退房后充电器落在房间，提前也给前台打过电话让他们去下来放在前台我来取，谁知到了以后他们一直让我等，我等了又十分钟左右，他们又说让我上去自己取，住在8楼，楼上打扫房间的阿姨帮我取了，结果那天就因为这事差点没赶上飞机，难道说退房后的服务变得如此的,,,0,,unlabeled,ChnSentiCorp_htl_all,6914
HTL_S1952,HTL_R03013,"水上乐园似乎是晚上8点后才开的,玫瑰牛奶浴又贵又不舒服,牛奶味道都没有.","服务态度很差,大多数的服务员都是面无表情,说话冰冷生硬.","按摩也很贵,我们三个人,每个人只按了100分钟,按价格表的价钱,应该是394元,最后买单却是921元,大概收了很多房间费吧!",3,,unlabeled,ChnSentiCorp_htl_all,3013
HTL_S1953,HTL_R03147,不错如果是欧美人士入住，那将是一个不错的选择因为酒店主要提供英语服务其他区亚裔地区的语言服务就没有可日本客人入住的话会很困扰,,,0,,unlabeled,ChnSentiCorp_htl_all,3147
HTL_S1954,HTL_R07351,希望携程（听说已在美国上市，有远大志向）不要沦落成为街头拉客的公司。,有些评价不客观，有些评价文一会儿说是替来北京出差的人订的房间，一会儿又谈自己住过的感受，有猫腻。,,5,,unlabeled,ChnSentiCorp_htl_all,7351
HTL_S1955,HTL_R01000,不过这位小姐的形象想进5星还是有点难度哦。,可能这位小姐心情不是很好对我即是叹气又不耐烦，可是在与老外交谈时态度可以同5星饭店比较一下了。,,2,,unlabeled,ChnSentiCorp_htl_all,1000
HTL_S1956,HTL_R01535,"房间比较大,设施一般但是还算干净.",但是服务人员都非常的热情.,"第一次入住该酒店,到大堂询问附近的餐厅,大堂副理居然是非常年轻的漂亮小姐,笑容让人很舒心,好意的提醒我们原本想去的得月楼只不过名声在外,不实惠味道也一般,并且热情的介绍了边上的天竺酒楼,去是过以后果然如她所言实惠又好吃.",2,,unlabeled,ChnSentiCorp_htl_all,1535
HTL_S1957,HTL_R06480,吓得我们够呛，随后换了480的房间，根本不值这个价，毛巾消毒不到位，浴缸也有问题。,本来订的木屋，随后在卫生间下水道爬出15厘米长通体发红蜈蚣一条，在房内肆虐。,,2,,unlabeled,ChnSentiCorp_htl_all,6480
HTL_S1958,HTL_R06074,建议到连云港千万不要入住该处。,房间小，地点差，交通不便，最可恶的是变相恶意宰客。,否则后果很严重。,1,,unlabeled,ChnSentiCorp_htl_all,6074
HTL_S1959,HTL_R02945,将来可能没有机会再到湖南这家店却是还可以,连续入住好几次了。,,1,,unlabeled,ChnSentiCorp_htl_all,2945
HTL_S1960,HTL_R06779,"行李生不会帮客人拿行李,只能自己拎上拎下那台阶.",服务也还行.,"最不好的是,旁边一施工工程(海景房对着),日夜奋战呀!!!",2,,unlabeled,ChnSentiCorp_htl_all,6779
HTL_S1961,HTL_R03261,"离杭州不少路,酒店特别是晚上不好找,游乐项目不多宾馆反馈2007年3月5日：酒店已增加了园区内电瓶车观光游览、垂钓、各种球类运动项目、射箭、野外拓展、农家土柴灶自己烧、烧烤等等活动。",,,0,,unlabeled,ChnSentiCorp_htl_all,3261
HTL_S1962,HTL_R07076,坏就坏在个别的一线服务上.,"当然这酒店也有闪光点，中层管理人员素质较高,出了问题,他们在积极解决,说话也通情达理.",,13,,unlabeled,ChnSentiCorp_htl_all,7076
HTL_S1963,HTL_R06965,前台服务一般，没有很热情的感觉，但是也没有不好的态度。,感觉很一般，根本就没有其他人评价上说的好。,房间比较小，我订的是大床房，216元。,1,,unlabeled,ChnSentiCorp_htl_all,6965
HTL_S1964,HTL_R00636,"价格不错,位置不是特别容易找,不过宾馆前台提供的信息很准确,开车很快就找到了.",,"单人间确实只能住一个人,不过条件还不错,建议一个人出差可以去住.",0,,unlabeled,ChnSentiCorp_htl_all,636
HTL_S1965,HTL_R05447,硬件顶多3星半，大堂黑咕隆咚的，房间很小也没特点。,,管家部的服务倒是挺好，有求必应的。,0,,unlabeled,ChnSentiCorp_htl_all,5447
HTL_S1966,HTL_R07171,5月初入住这家酒店，只可以用2个字形容“糟糕”，是我见过的最差的5星级，晚上1楼的disco舞厅一直会营业到凌晨2：30，声音吵杂，还有重音鼓点让住在18楼的客人也无法入睡，不可想象低楼层的客人们怎么忍受这种5星级的待遇!,,早餐简陋，这个也是我第一次给住过的酒店点评，实在是住得太窝囊了！,0,,unlabeled,ChnSentiCorp_htl_all,7171
HTL_S1967,HTL_R04961,房间干净明亮，两张大床完全能满足一家人的需要。,完全的私密空间，窗外就是景观和海景。,就是衣服不太好晾晒，卫生间没有通风的设施。,2,,unlabeled,ChnSentiCorp_htl_all,4961
HTL_S1968,HTL_R06401,"早餐也很差,没有什么东西可吃的。","晚上入住后用水,开出来的水竟然是混水-铁锈的颜色。","和同级别的如家相比,比如家差得不少",2,,unlabeled,ChnSentiCorp_htl_all,6401
HTL_S1969,HTL_R07439,还有退房时居然以侄子流鼻血弄脏了被子为由要加收洗衣费.,"后来逛街看见四星级的漳州大酒店,真后悔没住那儿只不过贵100元.",鄙视~~,3,,unlabeled,ChnSentiCorp_htl_all,7439
HTL_S1970,HTL_R05954,我之前看到是一月的点评说没热方不到现去还是没有，投诉说要换另一家他们居然说叫我可考芦，我马上搬去别家。,服务差，怎有一酒店水呢?,,1,,unlabeled,ChnSentiCorp_htl_all,5954
HTL_S1971,HTL_R05935,该酒店严重名不副实，所谓的商务间豪华间就是一般的标准间，套间就是标准间多出一块，设施陈旧，严重上当。,,,0,,unlabeled,ChnSentiCorp_htl_all,5935
HTL_S1972,HTL_R06984,"酒店的星级与实际不符,房间相当与好一点的招待所,交通也不方便.",,住的不爽!,0,,unlabeled,ChnSentiCorp_htl_all,6984
HTL_S1973,HTL_R07449,暖气不够热，在房间里需要穿着毛衣、毛裤，甚至有时候需要盖着被子。,该酒店的价格和实际提供的服务相差比较大。,客房偏小，而且设施陈旧。,1,,unlabeled,ChnSentiCorp_htl_all,7449
HTL_S1974,HTL_R02217,山西去过没几次，但是感觉上最好的就是这个酒店。,,前台比较满意，浴室很干净。,0,,unlabeled,ChnSentiCorp_htl_all,2217
HTL_S1975,HTL_R06110,这酒店最大的特色就是销售，房间里随处可见卖东西的价目表和怂恿住可加入他们积分计划的推广牌，连文具和个人用品居然都有销售价目单竖在床头柜上，让我实在不知道这究竟是提供方便呢还是为了将销售最大化。,而门口的保安及门童服务等管理，也是非常糟糕，门前广场是个圆圈，进来的的士在圆圈的任何位置都可以停下来上客下课，小小的入口经常是从各个角度分别停几量车在那里上下客，而酒店方也置之不理，根本没有人维持秩序，酒店门口打车也是一样，没有设置排队廊，大家全站在门口等车，前后左右那么一排开，实在是说不清楚先来后到的，不时有些因打车先后顺序而起的小纠纷！,而免费的东西，因为我出差习惯自己带洗漱用品，所以不知道他们的洗漱用品质量如何，但是那一次性拖鞋的质量，咳，难道是义乌小商品城那里购买的吗？,3,,unlabeled,ChnSentiCorp_htl_all,6110
HTL_S1976,HTL_R05745,"房间装修实在是不敢恭维,洗脸盆下面还漏水,还四星级,我看三粒星可能是花钱买的,还不如锦江之星,如家快捷等酒店.",,,0,,unlabeled,ChnSentiCorp_htl_all,5745
HTL_S1977,HTL_R05694,可能是周总理住过房间比较朴素陈设与服务简单不过早餐丰盛,,,0,,unlabeled,ChnSentiCorp_htl_all,5694
HTL_S1978,HTL_R01408,这年头居然宽带还要收费，发了2封邮件用掉80多元，有点想钱想疯的感觉。,,酒店房间一般，就这样子，交通还算便利。,0,,unlabeled,ChnSentiCorp_htl_all,1408
HTL_S1979,HTL_R04222,对酒店的服务非常满意，每次酒店服务人员提供的时间承诺都能遵守，非常难得,,,0,,unlabeled,ChnSentiCorp_htl_all,4222
HTL_S1980,HTL_R04238,房间整体感觉十分干净，环境也比较清静，虽然临街一边的客房要相对吵一些，但是隔音做的不错,,,0,,unlabeled,ChnSentiCorp_htl_all,4238
HTL_S1981,HTL_R00092,"我们从6月21日到6月25日在亚太(二期)一共住了四个晚上,原本想在这个酒店住两天,再到亚龙湾住两天,但我老公觉得这样太累了,所以就没有定其他酒店,现在想想觉得有些后悔.",,"首先,亚太国际会议中心的服务的确不错,差不多每天见到的服务员都能主动与客人打招呼,而且非常亲切(但除了三期中餐厅的收银员,态度较冷淡);宾馆大堂还是比较漂亮的,游泳池也很美,由于我事先再三要求住在五楼,而且一定要100%海景房,所以携程这点也尽量做到了(在此表示感谢),房间比较陈旧,连我不讲究的老公都觉得不太符合五星级的标准,但是厕所是兰色的主题,很干净,很大,我和我儿子都很喜欢.",0,,unlabeled,ChnSentiCorp_htl_all,92
HTL_S1982,HTL_R05412,感不太像酒店，像旅。。。,,毛巾什麽的都比,0,,unlabeled,ChnSentiCorp_htl_all,5412
HTL_S1983,HTL_R05250,房间升级到了行政楼层房间很大，很舒服，很大的落地窗户以为会很远，但是如果坐九铁，真得十分方便到达很意外，香港还有这么大的房间！,,,0,,unlabeled,ChnSentiCorp_htl_all,5250
HTL_S1984,HTL_R00071,酒店金钥匙为我们租车、订票，在回到家的第二天，我们还意外的收到了他们的问候的短信，到现在我们还是非常高兴选择了泰山华侨大厦。,酒店的服务，先于客人开口之前。,而且我们还约定，08年的春天带着朋友重游泰山。,4,,unlabeled,ChnSentiCorp_htl_all,71
HTL_S1985,HTL_R06338,08.3.15及08.3.16住了2天，环境不错的，房间也大，周围环境也安静，晚上不会很吵。,,但服务比较差。,0,,unlabeled,ChnSentiCorp_htl_all,6338
HTL_S1986,HTL_R07758,要求换房说满了，我是3月去的。,不好的，319房间有故臭味。,在路上认识了一个上海人，他说他退房前也住的319，也是一股臭味。,1,,unlabeled,ChnSentiCorp_htl_all,7758
HTL_S1987,HTL_R03207,早晨醒来，又一次感慨自己的决策英明，选择这样一个好地方。,蛙声呱呱，泥土芬芳，一夜好梦。,顾不上洗漱，冲上屋顶平台。,15,,unlabeled,ChnSentiCorp_htl_all,3207
HTL_S1988,HTL_R07328,这个酒店是我住的酒店里最最差的，居然在半夜里装修，给前台打电话居然说，他没听见，不知道他是聋子还是傻子，那么吵闹的电转声音竟然没有听见，我上到五星下到招待所都住过，还没见过半夜三点装修的呢，大家千万别上当了，支持下啊！,,,0,,unlabeled,ChnSentiCorp_htl_all,7328
HTL_S1989,HTL_R03243,楼下的商场和超市很方便。,还不错，设施稍微有点旧但是可以接收，但是606的价格还不含早餐有点高了。,下次来还会选择这家。,1,,unlabeled,ChnSentiCorp_htl_all,3243
HTL_S1990,HTL_R06437,还有一些服务不到的地方都没有必要提了，仅上面两条就真心的希望能帮助广大来天津出差旅游的朋友千万不要再住到这家服务素质差，环境差的酒店，受同样的罪！,更过分的是这家酒店的一位男性服务员，根本就不经客人同意就进入房间，幸亏没有在洗澡！！！,同时做为携程网的白金会员，希望能帮助携程了解到酒店的情况，不要让这样的酒店拖累了携程良好的名声！,3,,unlabeled,ChnSentiCorp_htl_all,6437
HTL_S1991,HTL_R06938,建议携程的用户不要定这家酒店，因为这家酒店缺乏诚信，你入住了他对携程说你没有入住，希望增加积分的就不要定了，而且还随意调换你的房间。,,,0,,unlabeled,ChnSentiCorp_htl_all,6938
HTL_S1992,HTL_R00213,"总的来说,比较干净,而且地理位置很好,市区繁华地段.",,进出方便.,0,,unlabeled,ChnSentiCorp_htl_all,213
HTL_S1993,HTL_R05530,装修的味道太重，商务标准间的房间太小。,,旺季的原因吧，我结帐的时候听到当天的房价又提价了，坐地起价，没办法。,0,,unlabeled,ChnSentiCorp_htl_all,5530
HTL_S1994,HTL_R00377,"住的行政大床房,实在是喜欢西郊里的环境,院子里的黑天鹅,丹顶鹤,还有西郊的小野猫,繁华上海中的安逸休息之地,以后去上海都住这里.",,,0,,unlabeled,ChnSentiCorp_htl_all,377
HTL_S1995,HTL_R03739,客栈邻近鲁迅故里和咸亨酒店，走远一点还有沈园和仓前直街。,客栈提供免费的白米粥、油条等简单的早餐。,,6,,unlabeled,ChnSentiCorp_htl_all,3739
HTL_S1996,HTL_R06601,"大堂和电梯厅的装修还是比较有特色的,但客房却相当一般.",,"需要提出的是,不知是否因为是携程预订,安排了楼层最角落的房间,这还不说,门旁边就是设备房,从我下午两点多入住准备休息开始,一直到吃晚餐之前,楼道里就没有安静超过二十分钟!",0,,unlabeled,ChnSentiCorp_htl_all,6601
HTL_S1997,HTL_R06808,酒店很新并且很有档次和气派，主楼设计和总体设备设施让人感觉非常不错，周遍是一个广场，视线很开阔。,,但令人非常愤怒的是，为什么通过携程网预订的客房总是常常被安排在不方正的――床和电视机等客房设施都歪歪扭扭摆放的房间（1710房），真的不止一个客人反映这样的问题，携程网的客人一样付钱消费，为什么会受到不公正的待遇？！,0,,unlabeled,ChnSentiCorp_htl_all,6808
HTL_S1998,HTL_R06571,"本来对这家酒店的印象不错的,但临走时却有些生气;门口的15:20的机场大巴等到15:40都没有来,酒店也没有提前预告,只好打车去机场;提醒各位,坐酒店门口的机场大巴要谨慎,经常会无故取消的;",,,0,,unlabeled,ChnSentiCorp_htl_all,6571
HTL_S1999,HTL_R02511,"总体感觉很不错,对得起这个价格.",,"就是隔间太差,晚上旁边房间看电视声音听得很清楚.",0,,unlabeled,ChnSentiCorp_htl_all,2511
